[transformers] PyTorch was not found. Models won't be available and only tokenizers, configuration and file/data utilities can be used.
2026-09-03 15:23:15,891 - inference_perf.config.config - INFO - Using configuration from: /config/config.yaml
2026-09-03 15:23:15,903 - inference_perf.config.config - INFO - Benchmarking with the following config:

api:
  type: chat
  streaming: true
  headers: null
  slo_unit: null
  slo_tpot_header: null
  slo_ttft_header: null
  response_format: null
  session_id_header_key: x-session-id
  session_id_body_field: session_id
  session_close_path: /close_session
  session_final_header_key: x-session-final
  session_token_header_key: null
data:
  type: weka_trace_replay
  path: null
  corpus_file_path: null
  input_distribution: null
  output_distribution: null
  shared_prefix: null
  multimodal: null
  trace: null
  otel_trace_replay: null
  weka_trace_replay:
    trace_directory: /work/traces
    use_static_model: true
    static_model_name: Qwen/Qwen3-Coder-30B-A3B-Instruct-FP8
    default_block_size: 64
    skip_invalid_files: true
    trace_idle_gap_cap_seconds: 30.0
    max_wait_ms: 30000
    subagent_separate_session_id: true
    close_subagent_sessions: true
  conversation_replay: null
  visionarena: null
  synthetic_agentic: null
  use_chat_template: false
load:
  type: trace_session_replay
  interval: 1.0
  stages:
  - !!python/object:inference_perf.config.loadgen.config.TraceSessionReplayLoadStage
    __dict__:
      concurrent_sessions: 24
      session_rate: null
      num_sessions: 24
      timeout: 4800.0
    __pydantic_extra__: null
    __pydantic_fields_set__: !!set
      num_sessions: null
      concurrent_sessions: null
      timeout: null
    __pydantic_private__: null
  sweep: null
  num_workers: 4
  worker_max_concurrency: 1024
  worker_max_tcp_connections: 2500
  trace: null
  circuit_breakers: []
  request_timeout: 1800
  stage_teardown_grace_seconds: 120.0
  lora_traffic_split: null
  base_seed: 1788448982042
metrics: null
report:
  request_lifecycle:
    summary: true
    per_stage: true
    per_request: true
    per_request_fields:
      request: false
      response: false
      info: true
      response_chunks: false
      computed_metrics: true
    per_adapter: true
    per_adapter_stage: false
    percentiles:
    - 0.1
    - 1.0
    - 5.0
    - 10.0
    - 25.0
    - 50.0
    - 75.0
    - 90.0
    - 95.0
    - 99.0
    - 99.9
    use_server_output_tokens: true
    max_error_messages: 100
  prometheus:
    summary: true
    per_stage: false
  session_lifecycle:
    summary: true
    per_stage: true
    per_session: false
  goodput: null
storage:
  local_storage:
    path: /work/reports
    report_file_prefix: null
  google_cloud_storage: null
  simple_storage_service: null
server:
  type: sglang
  model_name: Qwen/Qwen3-Coder-30B-A3B-Instruct-FP8
  base_url: http://10.100.9.16:8000
  ignore_eos: true
tokenizer:
  pretrained_model_name_or_path: Qwen/Qwen3-Coder-30B-A3B-Instruct-FP8
circuit_breakers: null


2026-09-03 15:23:15,904 - inference_perf.client.filestorage.local - INFO - Report files will be stored at: /work/reports
2026-09-03 15:23:15,905 - inference_perf.utils.custom_tokenizer - INFO - Loading tokenizer 'Qwen/Qwen3-Coder-30B-A3B-Instruct-FP8'
2026-09-03 15:23:16,087 - httpx - INFO - HTTP Request: GET https://huggingface.co/api/agent-harnesses "HTTP/1.1 200 OK"
2026-09-03 15:23:16,159 - httpx - INFO - HTTP Request: HEAD https://huggingface.co/Qwen/Qwen3-Coder-30B-A3B-Instruct-FP8/resolve/main/config.json "HTTP/1.1 307 Temporary Redirect"
2026-09-03 15:23:16,204 - httpx - INFO - HTTP Request: HEAD https://huggingface.co/api/resolve-cache/models/Qwen/Qwen3-Coder-30B-A3B-Instruct-FP8/dcaee4d4dfc5ee71ad501f01f530e5652438fde0/config.json "HTTP/1.1 200 OK"
2026-09-03 15:23:16,254 - httpx - INFO - HTTP Request: GET https://huggingface.co/api/resolve-cache/models/Qwen/Qwen3-Coder-30B-A3B-Instruct-FP8/dcaee4d4dfc5ee71ad501f01f530e5652438fde0/config.json "HTTP/1.1 200 OK"
2026-09-03 15:23:16,417 - httpx - INFO - HTTP Request: HEAD https://huggingface.co/Qwen/Qwen3-Coder-30B-A3B-Instruct-FP8/resolve/main/tokenizer_config.json "HTTP/1.1 307 Temporary Redirect"
2026-09-03 15:23:16,462 - httpx - INFO - HTTP Request: HEAD https://huggingface.co/api/resolve-cache/models/Qwen/Qwen3-Coder-30B-A3B-Instruct-FP8/dcaee4d4dfc5ee71ad501f01f530e5652438fde0/tokenizer_config.json "HTTP/1.1 200 OK"
2026-09-03 15:23:16,508 - httpx - INFO - HTTP Request: GET https://huggingface.co/api/resolve-cache/models/Qwen/Qwen3-Coder-30B-A3B-Instruct-FP8/dcaee4d4dfc5ee71ad501f01f530e5652438fde0/tokenizer_config.json "HTTP/1.1 200 OK"
2026-09-03 15:23:16,618 - httpx - INFO - HTTP Request: GET https://huggingface.co/api/models/Qwen/Qwen3-Coder-30B-A3B-Instruct-FP8/tree/main/additional_chat_templates?recursive=false&expand=false "HTTP/1.1 404 Not Found"
2026-09-03 15:23:16,691 - httpx - INFO - HTTP Request: GET https://huggingface.co/api/models/Qwen/Qwen3-Coder-30B-A3B-Instruct-FP8/tree/main?recursive=true&expand=false "HTTP/1.1 200 OK"
2026-09-03 15:23:16,763 - httpx - INFO - HTTP Request: HEAD https://huggingface.co/Qwen/Qwen3-Coder-30B-A3B-Instruct-FP8/resolve/main/vocab.json "HTTP/1.1 307 Temporary Redirect"
2026-09-03 15:23:16,809 - httpx - INFO - HTTP Request: HEAD https://huggingface.co/api/resolve-cache/models/Qwen/Qwen3-Coder-30B-A3B-Instruct-FP8/dcaee4d4dfc5ee71ad501f01f530e5652438fde0/vocab.json "HTTP/1.1 200 OK"
2026-09-03 15:23:16,857 - httpx - INFO - HTTP Request: GET https://huggingface.co/api/resolve-cache/models/Qwen/Qwen3-Coder-30B-A3B-Instruct-FP8/dcaee4d4dfc5ee71ad501f01f530e5652438fde0/vocab.json "HTTP/1.1 200 OK"
2026-09-03 15:23:17,133 - httpx - INFO - HTTP Request: HEAD https://huggingface.co/Qwen/Qwen3-Coder-30B-A3B-Instruct-FP8/resolve/main/merges.txt "HTTP/1.1 307 Temporary Redirect"
2026-09-03 15:23:17,181 - httpx - INFO - HTTP Request: HEAD https://huggingface.co/api/resolve-cache/models/Qwen/Qwen3-Coder-30B-A3B-Instruct-FP8/dcaee4d4dfc5ee71ad501f01f530e5652438fde0/merges.txt "HTTP/1.1 200 OK"
2026-09-03 15:23:17,234 - httpx - INFO - HTTP Request: GET https://huggingface.co/api/resolve-cache/models/Qwen/Qwen3-Coder-30B-A3B-Instruct-FP8/dcaee4d4dfc5ee71ad501f01f530e5652438fde0/merges.txt "HTTP/1.1 200 OK"
2026-09-03 15:23:17,341 - httpx - INFO - HTTP Request: HEAD https://huggingface.co/Qwen/Qwen3-Coder-30B-A3B-Instruct-FP8/resolve/main/tokenizer.json "HTTP/1.1 302 Found"
2026-09-03 15:23:18,262 - httpx - INFO - HTTP Request: HEAD https://huggingface.co/Qwen/Qwen3-Coder-30B-A3B-Instruct-FP8/resolve/main/added_tokens.json "HTTP/1.1 404 Not Found"
2026-09-03 15:23:18,336 - httpx - INFO - HTTP Request: HEAD https://huggingface.co/Qwen/Qwen3-Coder-30B-A3B-Instruct-FP8/resolve/main/special_tokens_map.json "HTTP/1.1 404 Not Found"
2026-09-03 15:23:18,412 - httpx - INFO - HTTP Request: HEAD https://huggingface.co/Qwen/Qwen3-Coder-30B-A3B-Instruct-FP8/resolve/main/chat_template.jinja "HTTP/1.1 307 Temporary Redirect"
2026-09-03 15:23:18,458 - httpx - INFO - HTTP Request: HEAD https://huggingface.co/api/resolve-cache/models/Qwen/Qwen3-Coder-30B-A3B-Instruct-FP8/dcaee4d4dfc5ee71ad501f01f530e5652438fde0/chat_template.jinja "HTTP/1.1 200 OK"
2026-09-03 15:23:18,506 - httpx - INFO - HTTP Request: GET https://huggingface.co/api/resolve-cache/models/Qwen/Qwen3-Coder-30B-A3B-Instruct-FP8/dcaee4d4dfc5ee71ad501f01f530e5652438fde0/chat_template.jinja "HTTP/1.1 200 OK"
2026-09-03 15:23:19,502 - httpx - INFO - HTTP Request: GET https://huggingface.co/api/models/Qwen/Qwen3-Coder-30B-A3B-Instruct-FP8 "HTTP/1.1 200 OK"
2026-09-03 15:23:19,505 - inference_perf.utils.custom_tokenizer - INFO - Loading tokenizer 'Qwen/Qwen3-Coder-30B-A3B-Instruct-FP8'
2026-09-03 15:23:19,571 - httpx - INFO - HTTP Request: HEAD https://huggingface.co/Qwen/Qwen3-Coder-30B-A3B-Instruct-FP8/resolve/main/config.json "HTTP/1.1 307 Temporary Redirect"
2026-09-03 15:23:19,613 - httpx - INFO - HTTP Request: HEAD https://huggingface.co/api/resolve-cache/models/Qwen/Qwen3-Coder-30B-A3B-Instruct-FP8/dcaee4d4dfc5ee71ad501f01f530e5652438fde0/config.json "HTTP/1.1 200 OK"
2026-09-03 15:23:19,684 - httpx - INFO - HTTP Request: HEAD https://huggingface.co/Qwen/Qwen3-Coder-30B-A3B-Instruct-FP8/resolve/main/tokenizer_config.json "HTTP/1.1 307 Temporary Redirect"
2026-09-03 15:23:19,727 - httpx - INFO - HTTP Request: HEAD https://huggingface.co/api/resolve-cache/models/Qwen/Qwen3-Coder-30B-A3B-Instruct-FP8/dcaee4d4dfc5ee71ad501f01f530e5652438fde0/tokenizer_config.json "HTTP/1.1 200 OK"
2026-09-03 15:23:19,798 - httpx - INFO - HTTP Request: GET https://huggingface.co/api/models/Qwen/Qwen3-Coder-30B-A3B-Instruct-FP8/tree/main/additional_chat_templates?recursive=false&expand=false "HTTP/1.1 404 Not Found"
2026-09-03 15:23:19,869 - httpx - INFO - HTTP Request: GET https://huggingface.co/api/models/Qwen/Qwen3-Coder-30B-A3B-Instruct-FP8/tree/main?recursive=true&expand=false "HTTP/1.1 200 OK"
2026-09-03 15:23:20,953 - httpx - INFO - HTTP Request: GET https://huggingface.co/api/models/Qwen/Qwen3-Coder-30B-A3B-Instruct-FP8 "HTTP/1.1 200 OK"
2026-09-03 15:23:21,054 - inference_perf.datagen.replay.weka_trace_replay_datagen - INFO - Loaded prompt corpus from: /workspace/inference_perf/assets/shakespeare.txt (5020475 chars)
[transformers] Token indices sequence length is longer than the specified maximum sequence length for this model (1306158 > 1048576). Running this sequence through the model will result in indexing errors
2026-09-03 15:23:29,790 - inference_perf.datagen.replay.weka_trace_replay_datagen - INFO - Building replay sessions for 24 traces with 16 processes
2026-09-03 15:23:39,699 - inference_perf.datagen.replay.weka_trace_replay_datagen - INFO - Built 24 replay sessions from 24 traces in 9.9s
2026-09-03 15:23:39,749 - inference_perf.datagen.replay.replay_graph_session_datagen - INFO - Built replay schedule: 2826 events across 24 sessions (eager)
2026-09-03 15:23:40,023 - inference_perf.loadgen.load_generator - INFO - Stage 0 - session-based run started
2026-09-03 15:23:40,025 - inference_perf.loadgen.load_generator - INFO - Session pool: concurrent_sessions=24, session_rate=None, timeout=4800.0, num_sessions=24 (corpus offset 0), total_sessions=24
2026-09-03 15:23:40,026 - inference_perf.datagen.replay.replay_graph_session_datagen - INFO - Dispatching session wekatrace9_0b1cf5ad73920121aa53e1acb0851a8ecf32: 78 events
2026-09-03 15:23:40,033 - inference_perf.datagen.replay.replay_graph_session_datagen - INFO - Dispatching session wekatrace13_0d9c99c3f96c2bcac0f9dec0987d5f411bcd: 83 events
2026-09-03 15:23:40,035 - inference_perf.datagen.replay.replay_graph_session_datagen - INFO - Dispatching session wekatrace14_0f9870e68e496146a60b68dd3f0aba9aced2: 80 events
2026-09-03 15:23:40,037 - inference_perf.datagen.replay.replay_graph_session_datagen - INFO - Dispatching session wekatrace18_1ac9d045056424d98ec4b5725460ca2b6120: 72 events
2026-09-03 15:23:40,042 - inference_perf.datagen.replay.replay_graph_session_datagen - INFO - Dispatching session wekatrace15_1186d32070428ea303de493d61ee3effd467: 39 events
2026-09-03 15:23:40,047 - inference_perf.datagen.replay.replay_graph_session_datagen - INFO - Dispatching session wekatrace6_09a5d415a7157ed48a5a6fa2711f2d8565c1: 243 events
2026-09-03 15:23:40,052 - inference_perf.datagen.replay.replay_graph_session_datagen - INFO - Dispatching session wekatrace4_0767e712d9e187634174712ce484b8bb7526: 68 events
2026-09-03 15:23:40,054 - inference_perf.datagen.replay.replay_graph_session_datagen - INFO - Dispatching session wekatrace22_1d52e24446ecdb36d1351d53094d8a67f621: 143 events
2026-09-03 15:23:40,056 - inference_perf.datagen.replay.replay_graph_session_datagen - INFO - Dispatching session wekatrace0_00e7d11db2db59f44a87b4110175b11d1af3: 32 events
2026-09-03 15:23:40,060 - inference_perf.datagen.replay.replay_graph_session_datagen - INFO - Dispatching session wekatrace16_16a79fdbe42a805e5bc856b9281e9c6a4c83: 110 events
2026-09-03 15:23:40,067 - inference_perf.datagen.replay.replay_graph_session_datagen - INFO - Dispatching session wekatrace7_09c188c8b9201ec2046cc2df702623fef33e: 60 events
2026-09-03 15:23:40,069 - inference_perf.datagen.replay.replay_graph_session_datagen - INFO - Dispatching session wekatrace1_0475b786230f3f2e24220d28e247eaee2dae: 192 events
2026-09-03 15:23:40,078 - inference_perf.datagen.replay.replay_graph_session_datagen - INFO - Dispatching session wekatrace12_0d75185d4e958ad360c16451eaa95d508edf: 210 events
2026-09-03 15:23:40,084 - inference_perf.datagen.replay.replay_graph_session_datagen - INFO - Dispatching session wekatrace10_0b4a56f22f01dc235b7ce1cc3aeabd6943e8: 517 events
2026-09-03 15:23:40,095 - inference_perf.datagen.replay.replay_graph_session_datagen - INFO - Dispatching session wekatrace20_1bcc4b9e1b6ea6ea9f516669e92ab788f1e4: 60 events
2026-09-03 15:23:40,096 - inference_perf.datagen.replay.replay_graph_session_datagen - INFO - Dispatching session wekatrace23_1e086b8be96979688eb61ba63e18745a8f82: 64 events
2026-09-03 15:23:40,097 - inference_perf.datagen.replay.replay_graph_session_datagen - INFO - Dispatching session wekatrace11_0c70490e175492606971b6979cfbef9c094f: 47 events
2026-09-03 15:23:40,099 - inference_perf.datagen.replay.replay_graph_session_datagen - INFO - Dispatching session wekatrace5_095a5152ab8fc1cdc847612872a01525cd1b: 91 events
2026-09-03 15:23:40,101 - inference_perf.datagen.replay.replay_graph_session_datagen - INFO - Dispatching session wekatrace21_1c51f458e8b542059f13268dfd08554de56a: 155 events
2026-09-03 15:23:40,104 - inference_perf.datagen.replay.replay_graph_session_datagen - INFO - Dispatching session wekatrace3_05658118df5d398eec4703ce4fafe679ab30: 221 events
2026-09-03 15:23:40,108 - inference_perf.datagen.replay.replay_graph_session_datagen - INFO - Dispatching session wekatrace17_1770548ae8e30555e62d6d6296c0166d6074: 38 events
2026-09-03 15:23:40,109 - inference_perf.datagen.replay.replay_graph_session_datagen - INFO - Dispatching session wekatrace2_04b25fe5b2ffa5e7ec9890426cce59838a05: 138 events
2026-09-03 15:23:40,113 - inference_perf.datagen.replay.replay_graph_session_datagen - INFO - Dispatching session wekatrace19_1b29955ec88767b5f8870f705f770cd46c60: 50 events
2026-09-03 15:23:40,114 - inference_perf.datagen.replay.replay_graph_session_datagen - INFO - Dispatching session wekatrace8_0a5aba26f119570db6960496095f3969ebdc: 35 events
2026-09-03 16:23:40,645 - inference_perf.datagen.replay.replay_graph_session_datagen - INFO - Event wekatrace18_1ac9d045056424d98ec4b5725460ca2b6120:event_068_parent_turn_40 skipping — predecessor wait failed: TimeoutError
2026-09-03 16:23:40,647 - inference_perf.datagen.replay.replay_graph_session_datagen - INFO - Event wekatrace18_1ac9d045056424d98ec4b5725460ca2b6120:event_069_parent_turn_41 skipping — predecessor failed
2026-09-03 16:23:40,647 - inference_perf.datagen.replay.replay_graph_session_datagen - INFO - Event wekatrace18_1ac9d045056424d98ec4b5725460ca2b6120:event_070_parent_turn_42 skipping — predecessor failed
2026-09-03 16:23:40,648 - inference_perf.datagen.replay.replay_graph_session_datagen - INFO - Event wekatrace18_1ac9d045056424d98ec4b5725460ca2b6120:event_071_parent_turn_43 skipping — predecessor failed
2026-09-03 16:23:40,788 - inference_perf.datagen.replay.replay_graph_session_datagen - INFO - Event wekatrace15_1186d32070428ea303de493d61ee3effd467:event_037_parent_turn_37 skipping — predecessor wait failed: TimeoutError
2026-09-03 16:23:40,789 - inference_perf.datagen.replay.replay_graph_session_datagen - INFO - Event wekatrace15_1186d32070428ea303de493d61ee3effd467:event_038_parent_turn_38 skipping — predecessor failed
2026-09-03 16:23:40,869 - inference_perf.datagen.replay.replay_graph_session_datagen - INFO - Event wekatrace16_16a79fdbe42a805e5bc856b9281e9c6a4c83:event_019_parent_turn_19 skipping — predecessor wait failed: TimeoutError
2026-09-03 16:23:40,870 - inference_perf.datagen.replay.replay_graph_session_datagen - INFO - Event wekatrace16_16a79fdbe42a805e5bc856b9281e9c6a4c83:event_020_parent_turn_20 skipping — predecessor failed
2026-09-03 16:23:40,870 - inference_perf.datagen.replay.replay_graph_session_datagen - INFO - Event wekatrace16_16a79fdbe42a805e5bc856b9281e9c6a4c83:event_021_parent_turn_21 skipping — predecessor failed
2026-09-03 16:23:40,870 - inference_perf.datagen.replay.replay_graph_session_datagen - INFO - Event wekatrace16_16a79fdbe42a805e5bc856b9281e9c6a4c83:event_022_parent_turn_22 skipping — predecessor failed
2026-09-03 16:23:40,870 - inference_perf.datagen.replay.replay_graph_session_datagen - INFO - Event wekatrace16_16a79fdbe42a805e5bc856b9281e9c6a4c83:event_023_parent_turn_23 skipping — predecessor failed
2026-09-03 16:23:40,870 - inference_perf.datagen.replay.replay_graph_session_datagen - INFO - Event wekatrace16_16a79fdbe42a805e5bc856b9281e9c6a4c83:event_024_parent_turn_24 skipping — predecessor failed
2026-09-03 16:23:40,871 - inference_perf.datagen.replay.replay_graph_session_datagen - INFO - Event wekatrace16_16a79fdbe42a805e5bc856b9281e9c6a4c83:event_025_parent_turn_25 skipping — predecessor failed
2026-09-03 16:23:40,871 - inference_perf.datagen.replay.replay_graph_session_datagen - INFO - Event wekatrace16_16a79fdbe42a805e5bc856b9281e9c6a4c83:event_026_parent_turn_26 skipping — predecessor failed
2026-09-03 16:23:40,871 - inference_perf.datagen.replay.replay_graph_session_datagen - INFO - Event wekatrace16_16a79fdbe42a805e5bc856b9281e9c6a4c83:event_027_parent_turn_27 skipping — predecessor failed
2026-09-03 16:23:40,871 - inference_perf.datagen.replay.replay_graph_session_datagen - INFO - Event wekatrace16_16a79fdbe42a805e5bc856b9281e9c6a4c83:event_028_parent_turn_28 skipping — predecessor failed
2026-09-03 16:23:40,871 - inference_perf.datagen.replay.replay_graph_session_datagen - INFO - Event wekatrace16_16a79fdbe42a805e5bc856b9281e9c6a4c83:event_029_parent_turn_29 skipping — predecessor failed
2026-09-03 16:23:40,871 - inference_perf.datagen.replay.replay_graph_session_datagen - INFO - Event wekatrace16_16a79fdbe42a805e5bc856b9281e9c6a4c83:event_030_parent_turn_30 skipping — predecessor failed
2026-09-03 16:23:40,871 - inference_perf.datagen.replay.replay_graph_session_datagen - INFO - Event wekatrace16_16a79fdbe42a805e5bc856b9281e9c6a4c83:event_031_parent_turn_31 skipping — predecessor failed
2026-09-03 16:23:40,871 - inference_perf.datagen.replay.replay_graph_session_datagen - INFO - Event wekatrace16_16a79fdbe42a805e5bc856b9281e9c6a4c83:event_032_parent_turn_32 skipping — predecessor failed
2026-09-03 16:23:40,872 - inference_perf.datagen.replay.replay_graph_session_datagen - INFO - Event wekatrace16_16a79fdbe42a805e5bc856b9281e9c6a4c83:event_033_parent_turn_33 skipping — predecessor failed
2026-09-03 16:23:40,872 - inference_perf.datagen.replay.replay_graph_session_datagen - INFO - Event wekatrace16_16a79fdbe42a805e5bc856b9281e9c6a4c83:event_034_parent_turn_34 skipping — predecessor failed
2026-09-03 16:23:40,872 - inference_perf.datagen.replay.replay_graph_session_datagen - INFO - Event wekatrace16_16a79fdbe42a805e5bc856b9281e9c6a4c83:event_035_parent_turn_35 skipping — predecessor failed
2026-09-03 16:23:40,872 - inference_perf.datagen.replay.replay_graph_session_datagen - INFO - Event wekatrace16_16a79fdbe42a805e5bc856b9281e9c6a4c83:event_036_parent_turn_36 skipping — predecessor failed
2026-09-03 16:23:40,872 - inference_perf.datagen.replay.replay_graph_session_datagen - INFO - Event wekatrace16_16a79fdbe42a805e5bc856b9281e9c6a4c83:event_037_parent_turn_37 skipping — predecessor failed
2026-09-03 16:23:40,872 - inference_perf.datagen.replay.replay_graph_session_datagen - INFO - Event wekatrace16_16a79fdbe42a805e5bc856b9281e9c6a4c83:event_038_parent_turn_38 skipping — predecessor failed
2026-09-03 16:23:40,872 - inference_perf.datagen.replay.replay_graph_session_datagen - INFO - Event wekatrace16_16a79fdbe42a805e5bc856b9281e9c6a4c83:event_039_parent_turn_39 skipping — predecessor failed
2026-09-03 16:23:40,872 - inference_perf.datagen.replay.replay_graph_session_datagen - INFO - Event wekatrace16_16a79fdbe42a805e5bc856b9281e9c6a4c83:event_040_parent_turn_40 skipping — predecessor failed
2026-09-03 16:23:40,873 - inference_perf.datagen.replay.replay_graph_session_datagen - INFO - Event wekatrace16_16a79fdbe42a805e5bc856b9281e9c6a4c83:event_041_parent_turn_41 skipping — predecessor failed
2026-09-03 16:23:40,873 - inference_perf.datagen.replay.replay_graph_session_datagen - INFO - Event wekatrace16_16a79fdbe42a805e5bc856b9281e9c6a4c83:event_042_parent_turn_42 skipping — predecessor failed
2026-09-03 16:23:40,873 - inference_perf.datagen.replay.replay_graph_session_datagen - INFO - Event wekatrace16_16a79fdbe42a805e5bc856b9281e9c6a4c83:event_043_parent_turn_43 skipping — predecessor failed
2026-09-03 16:23:40,873 - inference_perf.datagen.replay.replay_graph_session_datagen - INFO - Event wekatrace16_16a79fdbe42a805e5bc856b9281e9c6a4c83:event_044_parent_turn_44 skipping — predecessor failed
2026-09-03 16:23:40,873 - inference_perf.datagen.replay.replay_graph_session_datagen - INFO - Event wekatrace16_16a79fdbe42a805e5bc856b9281e9c6a4c83:event_045_parent_turn_45 skipping — predecessor failed
2026-09-03 16:23:40,873 - inference_perf.datagen.replay.replay_graph_session_datagen - INFO - Event wekatrace16_16a79fdbe42a805e5bc856b9281e9c6a4c83:event_046_parent_turn_46 skipping — predecessor failed
2026-09-03 16:23:40,873 - inference_perf.datagen.replay.replay_graph_session_datagen - INFO - Event wekatrace16_16a79fdbe42a805e5bc856b9281e9c6a4c83:event_047_parent_turn_47 skipping — predecessor failed
2026-09-03 16:23:40,873 - inference_perf.datagen.replay.replay_graph_session_datagen - INFO - Event wekatrace16_16a79fdbe42a805e5bc856b9281e9c6a4c83:event_048_parent_turn_48 skipping — predecessor failed
2026-09-03 16:23:40,874 - inference_perf.datagen.replay.replay_graph_session_datagen - INFO - Event wekatrace16_16a79fdbe42a805e5bc856b9281e9c6a4c83:event_049_parent_turn_49 skipping — predecessor failed
2026-09-03 16:23:40,874 - inference_perf.datagen.replay.replay_graph_session_datagen - INFO - Event wekatrace16_16a79fdbe42a805e5bc856b9281e9c6a4c83:event_050_parent_turn_50 skipping — predecessor failed
2026-09-03 16:23:40,874 - inference_perf.datagen.replay.replay_graph_session_datagen - INFO - Event wekatrace16_16a79fdbe42a805e5bc856b9281e9c6a4c83:event_051_parent_turn_51 skipping — predecessor failed
2026-09-03 16:23:40,874 - inference_perf.datagen.replay.replay_graph_session_datagen - INFO - Event wekatrace16_16a79fdbe42a805e5bc856b9281e9c6a4c83:event_052_parent_turn_52 skipping — predecessor failed
2026-09-03 16:23:40,874 - inference_perf.datagen.replay.replay_graph_session_datagen - INFO - Event wekatrace16_16a79fdbe42a805e5bc856b9281e9c6a4c83:event_053_parent_turn_53 skipping — predecessor failed
2026-09-03 16:23:40,874 - inference_perf.datagen.replay.replay_graph_session_datagen - INFO - Event wekatrace16_16a79fdbe42a805e5bc856b9281e9c6a4c83:event_054_parent_turn_54 skipping — predecessor failed
2026-09-03 16:23:40,875 - inference_perf.datagen.replay.replay_graph_session_datagen - INFO - Event wekatrace16_16a79fdbe42a805e5bc856b9281e9c6a4c83:event_055_parent_turn_55 skipping — predecessor failed
2026-09-03 16:23:40,875 - inference_perf.datagen.replay.replay_graph_session_datagen - INFO - Event wekatrace16_16a79fdbe42a805e5bc856b9281e9c6a4c83:event_056_parent_turn_56 skipping — predecessor failed
2026-09-03 16:23:40,875 - inference_perf.datagen.replay.replay_graph_session_datagen - INFO - Event wekatrace16_16a79fdbe42a805e5bc856b9281e9c6a4c83:event_057_parent_turn_57 skipping — predecessor failed
2026-09-03 16:23:40,875 - inference_perf.datagen.replay.replay_graph_session_datagen - INFO - Event wekatrace16_16a79fdbe42a805e5bc856b9281e9c6a4c83:event_058_parent_turn_58 skipping — predecessor failed
2026-09-03 16:23:40,875 - inference_perf.datagen.replay.replay_graph_session_datagen - INFO - Event wekatrace16_16a79fdbe42a805e5bc856b9281e9c6a4c83:event_059_parent_turn_59 skipping — predecessor failed
2026-09-03 16:23:40,875 - inference_perf.datagen.replay.replay_graph_session_datagen - INFO - Event wekatrace16_16a79fdbe42a805e5bc856b9281e9c6a4c83:event_060_parent_turn_60 skipping — predecessor failed
2026-09-03 16:23:40,875 - inference_perf.datagen.replay.replay_graph_session_datagen - INFO - Event wekatrace16_16a79fdbe42a805e5bc856b9281e9c6a4c83:event_061_parent_turn_61 skipping — predecessor failed
2026-09-03 16:23:40,876 - inference_perf.datagen.replay.replay_graph_session_datagen - INFO - Event wekatrace16_16a79fdbe42a805e5bc856b9281e9c6a4c83:event_062_parent_turn_62 skipping — predecessor failed
2026-09-03 16:23:40,876 - inference_perf.datagen.replay.replay_graph_session_datagen - INFO - Event wekatrace16_16a79fdbe42a805e5bc856b9281e9c6a4c83:event_063_parent_turn_63 skipping — predecessor failed
2026-09-03 16:23:40,876 - inference_perf.datagen.replay.replay_graph_session_datagen - INFO - Event wekatrace16_16a79fdbe42a805e5bc856b9281e9c6a4c83:event_064_parent_turn_64 skipping — predecessor failed
2026-09-03 16:23:40,877 - inference_perf.datagen.replay.replay_graph_session_datagen - INFO - Event wekatrace16_16a79fdbe42a805e5bc856b9281e9c6a4c83:event_065_parent_turn_65 skipping — predecessor failed
2026-09-03 16:23:40,877 - inference_perf.datagen.replay.replay_graph_session_datagen - INFO - Event wekatrace16_16a79fdbe42a805e5bc856b9281e9c6a4c83:event_066_parent_turn_66 skipping — predecessor failed
2026-09-03 16:23:40,877 - inference_perf.datagen.replay.replay_graph_session_datagen - INFO - Event wekatrace16_16a79fdbe42a805e5bc856b9281e9c6a4c83:event_067_parent_turn_67 skipping — predecessor failed
2026-09-03 16:23:40,877 - inference_perf.datagen.replay.replay_graph_session_datagen - INFO - Event wekatrace16_16a79fdbe42a805e5bc856b9281e9c6a4c83:event_068_parent_turn_68 skipping — predecessor failed
2026-09-03 16:23:40,877 - inference_perf.datagen.replay.replay_graph_session_datagen - INFO - Event wekatrace16_16a79fdbe42a805e5bc856b9281e9c6a4c83:event_069_parent_turn_69 skipping — predecessor failed
2026-09-03 16:23:40,878 - inference_perf.datagen.replay.replay_graph_session_datagen - INFO - Event wekatrace16_16a79fdbe42a805e5bc856b9281e9c6a4c83:event_070_parent_turn_70 skipping — predecessor failed
2026-09-03 16:23:40,878 - inference_perf.datagen.replay.replay_graph_session_datagen - INFO - Event wekatrace16_16a79fdbe42a805e5bc856b9281e9c6a4c83:event_071_parent_turn_71 skipping — predecessor failed
2026-09-03 16:23:40,878 - inference_perf.datagen.replay.replay_graph_session_datagen - INFO - Event wekatrace16_16a79fdbe42a805e5bc856b9281e9c6a4c83:event_072_parent_turn_72 skipping — predecessor failed
2026-09-03 16:23:40,878 - inference_perf.datagen.replay.replay_graph_session_datagen - INFO - Event wekatrace16_16a79fdbe42a805e5bc856b9281e9c6a4c83:event_073_parent_turn_73 skipping — predecessor failed
2026-09-03 16:23:40,879 - inference_perf.datagen.replay.replay_graph_session_datagen - INFO - Event wekatrace16_16a79fdbe42a805e5bc856b9281e9c6a4c83:event_074_parent_turn_74 skipping — predecessor failed
2026-09-03 16:23:40,879 - inference_perf.datagen.replay.replay_graph_session_datagen - INFO - Event wekatrace16_16a79fdbe42a805e5bc856b9281e9c6a4c83:event_075_parent_turn_75 skipping — predecessor failed
2026-09-03 16:23:40,879 - inference_perf.datagen.replay.replay_graph_session_datagen - INFO - Event wekatrace16_16a79fdbe42a805e5bc856b9281e9c6a4c83:event_076_parent_turn_76 skipping — predecessor failed
2026-09-03 16:23:40,879 - inference_perf.datagen.replay.replay_graph_session_datagen - INFO - Event wekatrace16_16a79fdbe42a805e5bc856b9281e9c6a4c83:event_077_parent_turn_77 skipping — predecessor failed
2026-09-03 16:23:40,880 - inference_perf.datagen.replay.replay_graph_session_datagen - INFO - Event wekatrace16_16a79fdbe42a805e5bc856b9281e9c6a4c83:event_078_parent_turn_78 skipping — predecessor failed
2026-09-03 16:23:40,880 - inference_perf.datagen.replay.replay_graph_session_datagen - INFO - Event wekatrace16_16a79fdbe42a805e5bc856b9281e9c6a4c83:event_079_parent_turn_79 skipping — predecessor failed
2026-09-03 16:23:40,880 - inference_perf.datagen.replay.replay_graph_session_datagen - INFO - Event wekatrace16_16a79fdbe42a805e5bc856b9281e9c6a4c83:event_080_parent_turn_80 skipping — predecessor failed
2026-09-03 16:23:40,880 - inference_perf.datagen.replay.replay_graph_session_datagen - INFO - Event wekatrace16_16a79fdbe42a805e5bc856b9281e9c6a4c83:event_081_parent_turn_81 skipping — predecessor failed
2026-09-03 16:23:40,881 - inference_perf.datagen.replay.replay_graph_session_datagen - INFO - Event wekatrace16_16a79fdbe42a805e5bc856b9281e9c6a4c83:event_082_parent_turn_82 skipping — predecessor failed
2026-09-03 16:23:40,881 - inference_perf.datagen.replay.replay_graph_session_datagen - INFO - Event wekatrace16_16a79fdbe42a805e5bc856b9281e9c6a4c83:event_083_parent_turn_83 skipping — predecessor failed
2026-09-03 16:23:40,881 - inference_perf.datagen.replay.replay_graph_session_datagen - INFO - Event wekatrace16_16a79fdbe42a805e5bc856b9281e9c6a4c83:event_084_parent_turn_84 skipping — predecessor failed
2026-09-03 16:23:40,881 - inference_perf.datagen.replay.replay_graph_session_datagen - INFO - Event wekatrace16_16a79fdbe42a805e5bc856b9281e9c6a4c83:event_085_parent_turn_85 skipping — predecessor failed
2026-09-03 16:23:40,882 - inference_perf.datagen.replay.replay_graph_session_datagen - INFO - Event wekatrace16_16a79fdbe42a805e5bc856b9281e9c6a4c83:event_086_parent_turn_86 skipping — predecessor failed
2026-09-03 16:23:40,882 - inference_perf.datagen.replay.replay_graph_session_datagen - INFO - Event wekatrace16_16a79fdbe42a805e5bc856b9281e9c6a4c83:event_087_parent_turn_87 skipping — predecessor failed
2026-09-03 16:23:40,882 - inference_perf.datagen.replay.replay_graph_session_datagen - INFO - Event wekatrace16_16a79fdbe42a805e5bc856b9281e9c6a4c83:event_088_parent_turn_88 skipping — predecessor failed
2026-09-03 16:23:40,883 - inference_perf.datagen.replay.replay_graph_session_datagen - INFO - Event wekatrace16_16a79fdbe42a805e5bc856b9281e9c6a4c83:event_089_parent_turn_89 skipping — predecessor failed
2026-09-03 16:23:40,883 - inference_perf.datagen.replay.replay_graph_session_datagen - INFO - Event wekatrace16_16a79fdbe42a805e5bc856b9281e9c6a4c83:event_090_parent_turn_90 skipping — predecessor failed
2026-09-03 16:23:40,883 - inference_perf.datagen.replay.replay_graph_session_datagen - INFO - Event wekatrace16_16a79fdbe42a805e5bc856b9281e9c6a4c83:event_091_parent_turn_91 skipping — predecessor failed
2026-09-03 16:23:40,884 - inference_perf.datagen.replay.replay_graph_session_datagen - INFO - Event wekatrace16_16a79fdbe42a805e5bc856b9281e9c6a4c83:event_092_parent_turn_92 skipping — predecessor failed
2026-09-03 16:23:40,884 - inference_perf.datagen.replay.replay_graph_session_datagen - INFO - Event wekatrace16_16a79fdbe42a805e5bc856b9281e9c6a4c83:event_093_parent_turn_93 skipping — predecessor failed
2026-09-03 16:23:40,884 - inference_perf.datagen.replay.replay_graph_session_datagen - INFO - Event wekatrace16_16a79fdbe42a805e5bc856b9281e9c6a4c83:event_094_parent_turn_94 skipping — predecessor failed
2026-09-03 16:23:40,884 - inference_perf.datagen.replay.replay_graph_session_datagen - INFO - Event wekatrace16_16a79fdbe42a805e5bc856b9281e9c6a4c83:event_095_parent_turn_95 skipping — predecessor failed
2026-09-03 16:23:40,885 - inference_perf.datagen.replay.replay_graph_session_datagen - INFO - Event wekatrace16_16a79fdbe42a805e5bc856b9281e9c6a4c83:event_096_parent_turn_96 skipping — predecessor failed
2026-09-03 16:23:40,885 - inference_perf.datagen.replay.replay_graph_session_datagen - INFO - Event wekatrace16_16a79fdbe42a805e5bc856b9281e9c6a4c83:event_097_parent_turn_97 skipping — predecessor failed
2026-09-03 16:23:40,885 - inference_perf.datagen.replay.replay_graph_session_datagen - INFO - Event wekatrace16_16a79fdbe42a805e5bc856b9281e9c6a4c83:event_098_parent_turn_98 skipping — predecessor failed
2026-09-03 16:23:40,885 - inference_perf.datagen.replay.replay_graph_session_datagen - INFO - Event wekatrace16_16a79fdbe42a805e5bc856b9281e9c6a4c83:event_099_parent_turn_99 skipping — predecessor failed
2026-09-03 16:23:40,886 - inference_perf.datagen.replay.replay_graph_session_datagen - INFO - Event wekatrace16_16a79fdbe42a805e5bc856b9281e9c6a4c83:event_100_parent_turn_100 skipping — predecessor failed
2026-09-03 16:23:40,886 - inference_perf.datagen.replay.replay_graph_session_datagen - INFO - Event wekatrace16_16a79fdbe42a805e5bc856b9281e9c6a4c83:event_101_parent_turn_101 skipping — predecessor failed
2026-09-03 16:23:40,886 - inference_perf.datagen.replay.replay_graph_session_datagen - INFO - Event wekatrace16_16a79fdbe42a805e5bc856b9281e9c6a4c83:event_102_parent_turn_102 skipping — predecessor failed
2026-09-03 16:23:40,886 - inference_perf.datagen.replay.replay_graph_session_datagen - INFO - Event wekatrace16_16a79fdbe42a805e5bc856b9281e9c6a4c83:event_103_parent_turn_103 skipping — predecessor failed
2026-09-03 16:23:40,887 - inference_perf.datagen.replay.replay_graph_session_datagen - INFO - Event wekatrace16_16a79fdbe42a805e5bc856b9281e9c6a4c83:event_104_parent_turn_104 skipping — predecessor failed
2026-09-03 16:23:40,887 - inference_perf.datagen.replay.replay_graph_session_datagen - INFO - Event wekatrace16_16a79fdbe42a805e5bc856b9281e9c6a4c83:event_105_parent_turn_105 skipping — predecessor failed
2026-09-03 16:23:40,887 - inference_perf.datagen.replay.replay_graph_session_datagen - INFO - Event wekatrace16_16a79fdbe42a805e5bc856b9281e9c6a4c83:event_106_parent_turn_106 skipping — predecessor failed
2026-09-03 16:23:40,887 - inference_perf.datagen.replay.replay_graph_session_datagen - INFO - Event wekatrace16_16a79fdbe42a805e5bc856b9281e9c6a4c83:event_107_parent_turn_107 skipping — predecessor failed
2026-09-03 16:23:40,887 - inference_perf.datagen.replay.replay_graph_session_datagen - INFO - Event wekatrace16_16a79fdbe42a805e5bc856b9281e9c6a4c83:event_108_parent_turn_108 skipping — predecessor failed
2026-09-03 16:23:40,888 - inference_perf.datagen.replay.replay_graph_session_datagen - INFO - Event wekatrace16_16a79fdbe42a805e5bc856b9281e9c6a4c83:event_109_parent_turn_109 skipping — predecessor failed
2026-09-03 16:23:41,322 - inference_perf.datagen.replay.replay_graph_session_datagen - INFO - Event wekatrace7_09c188c8b9201ec2046cc2df702623fef33e:event_040_parent_turn_40 skipping — predecessor wait failed: TimeoutError
2026-09-03 16:23:41,323 - inference_perf.datagen.replay.replay_graph_session_datagen - INFO - Event wekatrace7_09c188c8b9201ec2046cc2df702623fef33e:event_041_parent_turn_41 skipping — predecessor failed
2026-09-03 16:23:41,323 - inference_perf.datagen.replay.replay_graph_session_datagen - INFO - Event wekatrace7_09c188c8b9201ec2046cc2df702623fef33e:event_042_parent_turn_42 skipping — predecessor failed
2026-09-03 16:23:41,323 - inference_perf.datagen.replay.replay_graph_session_datagen - INFO - Event wekatrace7_09c188c8b9201ec2046cc2df702623fef33e:event_043_parent_turn_43 skipping — predecessor failed
2026-09-03 16:23:41,323 - inference_perf.datagen.replay.replay_graph_session_datagen - INFO - Event wekatrace7_09c188c8b9201ec2046cc2df702623fef33e:event_044_parent_turn_44 skipping — predecessor failed
2026-09-03 16:23:41,324 - inference_perf.datagen.replay.replay_graph_session_datagen - INFO - Event wekatrace7_09c188c8b9201ec2046cc2df702623fef33e:event_045_parent_turn_45 skipping — predecessor failed
2026-09-03 16:23:41,324 - inference_perf.datagen.replay.replay_graph_session_datagen - INFO - Event wekatrace7_09c188c8b9201ec2046cc2df702623fef33e:event_046_parent_turn_46 skipping — predecessor failed
2026-09-03 16:23:41,324 - inference_perf.datagen.replay.replay_graph_session_datagen - INFO - Event wekatrace7_09c188c8b9201ec2046cc2df702623fef33e:event_047_parent_turn_47 skipping — predecessor failed
2026-09-03 16:23:41,325 - inference_perf.datagen.replay.replay_graph_session_datagen - INFO - Event wekatrace7_09c188c8b9201ec2046cc2df702623fef33e:event_048_parent_turn_48 skipping — predecessor failed
2026-09-03 16:23:41,326 - inference_perf.datagen.replay.replay_graph_session_datagen - INFO - Event wekatrace7_09c188c8b9201ec2046cc2df702623fef33e:event_049_parent_turn_49 skipping — predecessor failed
2026-09-03 16:23:41,327 - inference_perf.datagen.replay.replay_graph_session_datagen - INFO - Event wekatrace7_09c188c8b9201ec2046cc2df702623fef33e:event_050_parent_turn_50 skipping — predecessor failed
2026-09-03 16:23:41,327 - inference_perf.datagen.replay.replay_graph_session_datagen - INFO - Event wekatrace7_09c188c8b9201ec2046cc2df702623fef33e:event_051_parent_turn_51 skipping — predecessor failed
2026-09-03 16:23:41,327 - inference_perf.datagen.replay.replay_graph_session_datagen - INFO - Event wekatrace7_09c188c8b9201ec2046cc2df702623fef33e:event_052_parent_turn_52 skipping — predecessor failed
2026-09-03 16:23:41,327 - inference_perf.datagen.replay.replay_graph_session_datagen - INFO - Event wekatrace7_09c188c8b9201ec2046cc2df702623fef33e:event_053_parent_turn_53 skipping — predecessor failed
2026-09-03 16:23:41,328 - inference_perf.datagen.replay.replay_graph_session_datagen - INFO - Event wekatrace7_09c188c8b9201ec2046cc2df702623fef33e:event_054_parent_turn_54 skipping — predecessor failed
2026-09-03 16:23:41,328 - inference_perf.datagen.replay.replay_graph_session_datagen - INFO - Event wekatrace7_09c188c8b9201ec2046cc2df702623fef33e:event_055_parent_turn_55 skipping — predecessor failed
2026-09-03 16:23:41,328 - inference_perf.datagen.replay.replay_graph_session_datagen - INFO - Event wekatrace7_09c188c8b9201ec2046cc2df702623fef33e:event_056_parent_turn_56 skipping — predecessor failed
2026-09-03 16:23:41,328 - inference_perf.datagen.replay.replay_graph_session_datagen - INFO - Event wekatrace7_09c188c8b9201ec2046cc2df702623fef33e:event_057_parent_turn_57 skipping — predecessor failed
2026-09-03 16:23:41,329 - inference_perf.datagen.replay.replay_graph_session_datagen - INFO - Event wekatrace7_09c188c8b9201ec2046cc2df702623fef33e:event_058_parent_turn_58 skipping — predecessor failed
2026-09-03 16:23:41,329 - inference_perf.datagen.replay.replay_graph_session_datagen - INFO - Event wekatrace7_09c188c8b9201ec2046cc2df702623fef33e:event_059_parent_turn_59 skipping — predecessor failed
2026-09-03 16:23:41,454 - inference_perf.datagen.replay.replay_graph_session_datagen - INFO - Event wekatrace22_1d52e24446ecdb36d1351d53094d8a67f621:event_063_parent_turn_42 skipping — predecessor wait failed: TimeoutError
2026-09-03 16:23:41,454 - inference_perf.datagen.replay.replay_graph_session_datagen - INFO - Event wekatrace22_1d52e24446ecdb36d1351d53094d8a67f621:event_064_parent_turn_43 skipping — predecessor failed
2026-09-03 16:23:41,455 - inference_perf.datagen.replay.replay_graph_session_datagen - INFO - Event wekatrace22_1d52e24446ecdb36d1351d53094d8a67f621:event_065_parent_turn_44 skipping — predecessor failed
2026-09-03 16:23:41,455 - inference_perf.datagen.replay.replay_graph_session_datagen - INFO - Event wekatrace22_1d52e24446ecdb36d1351d53094d8a67f621:event_066_parent_turn_45 skipping — predecessor failed
2026-09-03 16:23:41,455 - inference_perf.datagen.replay.replay_graph_session_datagen - INFO - Event wekatrace22_1d52e24446ecdb36d1351d53094d8a67f621:event_067_parent_turn_46 skipping — predecessor failed
2026-09-03 16:23:41,455 - inference_perf.datagen.replay.replay_graph_session_datagen - INFO - Event wekatrace22_1d52e24446ecdb36d1351d53094d8a67f621:event_068_parent_turn_47 skipping — predecessor failed
2026-09-03 16:23:41,456 - inference_perf.datagen.replay.replay_graph_session_datagen - INFO - Event wekatrace22_1d52e24446ecdb36d1351d53094d8a67f621:event_069_parent_turn_48 skipping — predecessor failed
2026-09-03 16:23:41,456 - inference_perf.datagen.replay.replay_graph_session_datagen - INFO - Event wekatrace22_1d52e24446ecdb36d1351d53094d8a67f621:event_070_parent_turn_49 skipping — predecessor failed
2026-09-03 16:23:41,456 - inference_perf.datagen.replay.replay_graph_session_datagen - INFO - Event wekatrace22_1d52e24446ecdb36d1351d53094d8a67f621:event_071_parent_turn_50 skipping — predecessor failed
2026-09-03 16:23:41,456 - inference_perf.datagen.replay.replay_graph_session_datagen - INFO - Event wekatrace22_1d52e24446ecdb36d1351d53094d8a67f621:event_072_parent_turn_51 skipping — predecessor failed
2026-09-03 16:23:41,457 - inference_perf.datagen.replay.replay_graph_session_datagen - INFO - Event wekatrace22_1d52e24446ecdb36d1351d53094d8a67f621:event_073_parent_turn_52 skipping — predecessor failed
2026-09-03 16:23:41,457 - inference_perf.datagen.replay.replay_graph_session_datagen - INFO - Event wekatrace22_1d52e24446ecdb36d1351d53094d8a67f621:event_074_parent_turn_53 skipping — predecessor failed
2026-09-03 16:23:41,457 - inference_perf.datagen.replay.replay_graph_session_datagen - INFO - Event wekatrace22_1d52e24446ecdb36d1351d53094d8a67f621:event_075_parent_turn_54 skipping — predecessor failed
2026-09-03 16:23:41,457 - inference_perf.datagen.replay.replay_graph_session_datagen - INFO - Event wekatrace22_1d52e24446ecdb36d1351d53094d8a67f621:event_076_parent_turn_55 skipping — predecessor failed
2026-09-03 16:23:41,457 - inference_perf.datagen.replay.replay_graph_session_datagen - INFO - Event wekatrace22_1d52e24446ecdb36d1351d53094d8a67f621:event_077_parent_turn_56 skipping — predecessor failed
2026-09-03 16:23:41,458 - inference_perf.datagen.replay.replay_graph_session_datagen - INFO - Event wekatrace22_1d52e24446ecdb36d1351d53094d8a67f621:event_078_parent_turn_57 skipping — predecessor failed
2026-09-03 16:23:41,458 - inference_perf.datagen.replay.replay_graph_session_datagen - INFO - Event wekatrace22_1d52e24446ecdb36d1351d53094d8a67f621:event_079_parent_turn_58 skipping — predecessor failed
2026-09-03 16:23:41,458 - inference_perf.datagen.replay.replay_graph_session_datagen - INFO - Event wekatrace22_1d52e24446ecdb36d1351d53094d8a67f621:event_080_parent_turn_59 skipping — predecessor failed
2026-09-03 16:23:41,459 - inference_perf.datagen.replay.replay_graph_session_datagen - INFO - Event wekatrace22_1d52e24446ecdb36d1351d53094d8a67f621:event_081_parent_turn_60 skipping — predecessor failed
2026-09-03 16:23:41,459 - inference_perf.datagen.replay.replay_graph_session_datagen - INFO - Event wekatrace22_1d52e24446ecdb36d1351d53094d8a67f621:event_082_parent_turn_61 skipping — predecessor failed
2026-09-03 16:23:41,459 - inference_perf.datagen.replay.replay_graph_session_datagen - INFO - Event wekatrace22_1d52e24446ecdb36d1351d53094d8a67f621:event_083_parent_turn_62 skipping — predecessor failed
2026-09-03 16:23:41,459 - inference_perf.datagen.replay.replay_graph_session_datagen - INFO - Event wekatrace22_1d52e24446ecdb36d1351d53094d8a67f621:event_084_parent_turn_63 skipping — predecessor failed
2026-09-03 16:23:41,460 - inference_perf.datagen.replay.replay_graph_session_datagen - INFO - Event wekatrace22_1d52e24446ecdb36d1351d53094d8a67f621:event_085_parent_turn_64 skipping — predecessor failed
2026-09-03 16:23:41,460 - inference_perf.datagen.replay.replay_graph_session_datagen - INFO - Event wekatrace22_1d52e24446ecdb36d1351d53094d8a67f621:event_086_parent_turn_65 skipping — predecessor failed
2026-09-03 16:23:41,461 - inference_perf.datagen.replay.replay_graph_session_datagen - INFO - Event wekatrace22_1d52e24446ecdb36d1351d53094d8a67f621:event_087_parent_turn_66 skipping — predecessor failed
2026-09-03 16:23:41,461 - inference_perf.datagen.replay.replay_graph_session_datagen - INFO - Event wekatrace22_1d52e24446ecdb36d1351d53094d8a67f621:event_088_parent_turn_67 skipping — predecessor failed
2026-09-03 16:23:41,461 - inference_perf.datagen.replay.replay_graph_session_datagen - INFO - Event wekatrace22_1d52e24446ecdb36d1351d53094d8a67f621:event_089_parent_turn_68 skipping — predecessor failed
2026-09-03 16:23:41,461 - inference_perf.datagen.replay.replay_graph_session_datagen - INFO - Event wekatrace22_1d52e24446ecdb36d1351d53094d8a67f621:event_090_parent_turn_69 skipping — predecessor failed
2026-09-03 16:23:41,462 - inference_perf.datagen.replay.replay_graph_session_datagen - INFO - Event wekatrace22_1d52e24446ecdb36d1351d53094d8a67f621:event_091_parent_turn_70 skipping — predecessor failed
2026-09-03 16:23:41,462 - inference_perf.datagen.replay.replay_graph_session_datagen - INFO - Event wekatrace22_1d52e24446ecdb36d1351d53094d8a67f621:event_092_parent_turn_71 skipping — predecessor failed
2026-09-03 16:23:41,462 - inference_perf.datagen.replay.replay_graph_session_datagen - INFO - Event wekatrace22_1d52e24446ecdb36d1351d53094d8a67f621:event_093_parent_turn_72 skipping — predecessor failed
2026-09-03 16:23:41,462 - inference_perf.datagen.replay.replay_graph_session_datagen - INFO - Event wekatrace22_1d52e24446ecdb36d1351d53094d8a67f621:event_094_parent_turn_73 skipping — predecessor failed
2026-09-03 16:23:41,463 - inference_perf.datagen.replay.replay_graph_session_datagen - INFO - Event wekatrace22_1d52e24446ecdb36d1351d53094d8a67f621:event_095_parent_turn_74 skipping — predecessor failed
2026-09-03 16:23:41,463 - inference_perf.datagen.replay.replay_graph_session_datagen - INFO - Event wekatrace22_1d52e24446ecdb36d1351d53094d8a67f621:event_096_parent_turn_75 skipping — predecessor failed
2026-09-03 16:23:41,463 - inference_perf.datagen.replay.replay_graph_session_datagen - INFO - Event wekatrace22_1d52e24446ecdb36d1351d53094d8a67f621:event_097_parent_turn_76 skipping — predecessor failed
2026-09-03 16:23:41,463 - inference_perf.datagen.replay.replay_graph_session_datagen - INFO - Event wekatrace22_1d52e24446ecdb36d1351d53094d8a67f621:event_098_parent_turn_77 skipping — predecessor failed
2026-09-03 16:23:41,464 - inference_perf.datagen.replay.replay_graph_session_datagen - INFO - Event wekatrace22_1d52e24446ecdb36d1351d53094d8a67f621:event_099_parent_turn_78 skipping — predecessor failed
2026-09-03 16:23:41,464 - inference_perf.datagen.replay.replay_graph_session_datagen - INFO - Event wekatrace22_1d52e24446ecdb36d1351d53094d8a67f621:event_100_parent_turn_79 skipping — predecessor failed
2026-09-03 16:23:41,464 - inference_perf.datagen.replay.replay_graph_session_datagen - INFO - Event wekatrace22_1d52e24446ecdb36d1351d53094d8a67f621:event_101_parent_turn_80 skipping — predecessor failed
2026-09-03 16:23:41,464 - inference_perf.datagen.replay.replay_graph_session_datagen - INFO - Event wekatrace22_1d52e24446ecdb36d1351d53094d8a67f621:event_102_parent_turn_81 skipping — predecessor failed
2026-09-03 16:23:41,465 - inference_perf.datagen.replay.replay_graph_session_datagen - INFO - Event wekatrace22_1d52e24446ecdb36d1351d53094d8a67f621:event_103_parent_turn_82 skipping — predecessor failed
2026-09-03 16:23:41,465 - inference_perf.datagen.replay.replay_graph_session_datagen - INFO - Event wekatrace22_1d52e24446ecdb36d1351d53094d8a67f621:event_104_parent_turn_83 skipping — predecessor failed
2026-09-03 16:23:41,465 - inference_perf.datagen.replay.replay_graph_session_datagen - INFO - Event wekatrace22_1d52e24446ecdb36d1351d53094d8a67f621:event_105_parent_turn_84 skipping — predecessor failed
2026-09-03 16:23:41,465 - inference_perf.datagen.replay.replay_graph_session_datagen - INFO - Event wekatrace22_1d52e24446ecdb36d1351d53094d8a67f621:event_106_parent_turn_85 skipping — predecessor failed
2026-09-03 16:23:41,466 - inference_perf.datagen.replay.replay_graph_session_datagen - INFO - Event wekatrace22_1d52e24446ecdb36d1351d53094d8a67f621:event_107_parent_turn_86 skipping — predecessor failed
2026-09-03 16:23:41,466 - inference_perf.datagen.replay.replay_graph_session_datagen - INFO - Event wekatrace22_1d52e24446ecdb36d1351d53094d8a67f621:event_108_parent_turn_87 skipping — predecessor failed
2026-09-03 16:23:41,466 - inference_perf.datagen.replay.replay_graph_session_datagen - INFO - Event wekatrace22_1d52e24446ecdb36d1351d53094d8a67f621:event_109_parent_turn_88 skipping — predecessor failed
2026-09-03 16:23:41,466 - inference_perf.datagen.replay.replay_graph_session_datagen - INFO - Event wekatrace22_1d52e24446ecdb36d1351d53094d8a67f621:event_110_parent_turn_89 skipping — predecessor failed
2026-09-03 16:23:41,467 - inference_perf.datagen.replay.replay_graph_session_datagen - INFO - Event wekatrace22_1d52e24446ecdb36d1351d53094d8a67f621:event_111_parent_turn_90 skipping — predecessor failed
2026-09-03 16:23:41,467 - inference_perf.datagen.replay.replay_graph_session_datagen - INFO - Event wekatrace22_1d52e24446ecdb36d1351d53094d8a67f621:event_112_parent_turn_91 skipping — predecessor failed
2026-09-03 16:23:41,467 - inference_perf.datagen.replay.replay_graph_session_datagen - INFO - Event wekatrace22_1d52e24446ecdb36d1351d53094d8a67f621:event_113_parent_turn_92 skipping — predecessor failed
2026-09-03 16:23:41,467 - inference_perf.datagen.replay.replay_graph_session_datagen - INFO - Event wekatrace22_1d52e24446ecdb36d1351d53094d8a67f621:event_114_parent_turn_93 skipping — predecessor failed
2026-09-03 16:23:41,467 - inference_perf.datagen.replay.replay_graph_session_datagen - INFO - Event wekatrace22_1d52e24446ecdb36d1351d53094d8a67f621:event_115_parent_turn_94 skipping — predecessor failed
2026-09-03 16:23:41,468 - inference_perf.datagen.replay.replay_graph_session_datagen - INFO - Event wekatrace22_1d52e24446ecdb36d1351d53094d8a67f621:event_116_parent_turn_95 skipping — predecessor failed
2026-09-03 16:23:41,468 - inference_perf.datagen.replay.replay_graph_session_datagen - INFO - Event wekatrace22_1d52e24446ecdb36d1351d53094d8a67f621:event_117_parent_turn_96 skipping — predecessor failed
2026-09-03 16:23:41,468 - inference_perf.datagen.replay.replay_graph_session_datagen - INFO - Event wekatrace22_1d52e24446ecdb36d1351d53094d8a67f621:event_118_parent_turn_97 skipping — predecessor failed
2026-09-03 16:23:41,468 - inference_perf.datagen.replay.replay_graph_session_datagen - INFO - Event wekatrace22_1d52e24446ecdb36d1351d53094d8a67f621:event_119_parent_turn_98 skipping — predecessor failed
2026-09-03 16:23:41,469 - inference_perf.datagen.replay.replay_graph_session_datagen - INFO - Event wekatrace22_1d52e24446ecdb36d1351d53094d8a67f621:event_120_parent_turn_99 skipping — predecessor failed
2026-09-03 16:23:41,469 - inference_perf.datagen.replay.replay_graph_session_datagen - INFO - Event wekatrace22_1d52e24446ecdb36d1351d53094d8a67f621:event_121_parent_turn_100 skipping — predecessor failed
2026-09-03 16:23:41,469 - inference_perf.datagen.replay.replay_graph_session_datagen - INFO - Event wekatrace22_1d52e24446ecdb36d1351d53094d8a67f621:event_122_parent_turn_101 skipping — predecessor failed
2026-09-03 16:23:41,469 - inference_perf.datagen.replay.replay_graph_session_datagen - INFO - Event wekatrace22_1d52e24446ecdb36d1351d53094d8a67f621:event_123_parent_turn_102 skipping — predecessor failed
2026-09-03 16:23:41,470 - inference_perf.datagen.replay.replay_graph_session_datagen - INFO - Event wekatrace22_1d52e24446ecdb36d1351d53094d8a67f621:event_124_parent_turn_103 skipping — predecessor failed
2026-09-03 16:23:41,470 - inference_perf.datagen.replay.replay_graph_session_datagen - INFO - Event wekatrace22_1d52e24446ecdb36d1351d53094d8a67f621:event_125_parent_turn_104 skipping — predecessor failed
2026-09-03 16:23:41,470 - inference_perf.datagen.replay.replay_graph_session_datagen - INFO - Event wekatrace22_1d52e24446ecdb36d1351d53094d8a67f621:event_126_parent_turn_105 skipping — predecessor failed
2026-09-03 16:23:41,470 - inference_perf.datagen.replay.replay_graph_session_datagen - INFO - Event wekatrace22_1d52e24446ecdb36d1351d53094d8a67f621:event_127_parent_turn_106 skipping — predecessor failed
2026-09-03 16:23:41,471 - inference_perf.datagen.replay.replay_graph_session_datagen - INFO - Event wekatrace22_1d52e24446ecdb36d1351d53094d8a67f621:event_128_parent_turn_107 skipping — predecessor failed
2026-09-03 16:23:41,471 - inference_perf.datagen.replay.replay_graph_session_datagen - INFO - Event wekatrace22_1d52e24446ecdb36d1351d53094d8a67f621:event_129_parent_turn_108 skipping — predecessor failed
2026-09-03 16:23:41,471 - inference_perf.datagen.replay.replay_graph_session_datagen - INFO - Event wekatrace22_1d52e24446ecdb36d1351d53094d8a67f621:event_130_parent_turn_109 skipping — predecessor failed
2026-09-03 16:23:41,471 - inference_perf.datagen.replay.replay_graph_session_datagen - INFO - Event wekatrace22_1d52e24446ecdb36d1351d53094d8a67f621:event_131_parent_turn_110 skipping — predecessor failed
2026-09-03 16:23:41,471 - inference_perf.datagen.replay.replay_graph_session_datagen - INFO - Event wekatrace22_1d52e24446ecdb36d1351d53094d8a67f621:event_132_parent_turn_111 skipping — predecessor failed
2026-09-03 16:23:41,472 - inference_perf.datagen.replay.replay_graph_session_datagen - INFO - Event wekatrace22_1d52e24446ecdb36d1351d53094d8a67f621:event_133_parent_turn_112 skipping — predecessor failed
2026-09-03 16:23:41,472 - inference_perf.datagen.replay.replay_graph_session_datagen - INFO - Event wekatrace22_1d52e24446ecdb36d1351d53094d8a67f621:event_134_parent_turn_113 skipping — predecessor failed
2026-09-03 16:23:41,472 - inference_perf.datagen.replay.replay_graph_session_datagen - INFO - Event wekatrace22_1d52e24446ecdb36d1351d53094d8a67f621:event_135_parent_turn_114 skipping — predecessor failed
2026-09-03 16:23:41,472 - inference_perf.datagen.replay.replay_graph_session_datagen - INFO - Event wekatrace22_1d52e24446ecdb36d1351d53094d8a67f621:event_136_parent_turn_115 skipping — predecessor failed
2026-09-03 16:23:41,473 - inference_perf.datagen.replay.replay_graph_session_datagen - INFO - Event wekatrace22_1d52e24446ecdb36d1351d53094d8a67f621:event_137_parent_turn_116 skipping — predecessor failed
2026-09-03 16:23:41,473 - inference_perf.datagen.replay.replay_graph_session_datagen - INFO - Event wekatrace22_1d52e24446ecdb36d1351d53094d8a67f621:event_138_parent_turn_117 skipping — predecessor failed
2026-09-03 16:23:41,473 - inference_perf.datagen.replay.replay_graph_session_datagen - INFO - Event wekatrace22_1d52e24446ecdb36d1351d53094d8a67f621:event_139_parent_turn_118 skipping — predecessor failed
2026-09-03 16:23:41,473 - inference_perf.datagen.replay.replay_graph_session_datagen - INFO - Event wekatrace22_1d52e24446ecdb36d1351d53094d8a67f621:event_140_parent_turn_119 skipping — predecessor failed
2026-09-03 16:23:41,474 - inference_perf.datagen.replay.replay_graph_session_datagen - INFO - Event wekatrace22_1d52e24446ecdb36d1351d53094d8a67f621:event_141_parent_turn_120 skipping — predecessor failed
2026-09-03 16:23:41,474 - inference_perf.datagen.replay.replay_graph_session_datagen - INFO - Event wekatrace22_1d52e24446ecdb36d1351d53094d8a67f621:event_142_parent_turn_121 skipping — predecessor failed
2026-09-03 16:23:41,490 - inference_perf.datagen.replay.replay_graph_session_datagen - INFO - Event wekatrace9_0b1cf5ad73920121aa53e1acb0851a8ecf32:event_060_parent_turn_60 skipping — predecessor wait failed: TimeoutError
2026-09-03 16:23:41,493 - inference_perf.datagen.replay.replay_graph_session_datagen - INFO - Event wekatrace9_0b1cf5ad73920121aa53e1acb0851a8ecf32:event_061_parent_turn_61 skipping — predecessor failed
2026-09-03 16:23:41,494 - inference_perf.datagen.replay.replay_graph_session_datagen - INFO - Event wekatrace9_0b1cf5ad73920121aa53e1acb0851a8ecf32:event_062_parent_turn_62 skipping — predecessor failed
2026-09-03 16:23:41,494 - inference_perf.datagen.replay.replay_graph_session_datagen - INFO - Event wekatrace9_0b1cf5ad73920121aa53e1acb0851a8ecf32:event_063_parent_turn_63 skipping — predecessor failed
2026-09-03 16:23:41,495 - inference_perf.datagen.replay.replay_graph_session_datagen - INFO - Event wekatrace9_0b1cf5ad73920121aa53e1acb0851a8ecf32:event_064_parent_turn_64 skipping — predecessor failed
2026-09-03 16:23:41,495 - inference_perf.datagen.replay.replay_graph_session_datagen - INFO - Event wekatrace9_0b1cf5ad73920121aa53e1acb0851a8ecf32:event_065_parent_turn_65 skipping — predecessor failed
2026-09-03 16:23:41,495 - inference_perf.datagen.replay.replay_graph_session_datagen - INFO - Event wekatrace9_0b1cf5ad73920121aa53e1acb0851a8ecf32:event_066_parent_turn_66 skipping — predecessor failed
2026-09-03 16:23:41,496 - inference_perf.datagen.replay.replay_graph_session_datagen - INFO - Event wekatrace9_0b1cf5ad73920121aa53e1acb0851a8ecf32:event_067_parent_turn_67 skipping — predecessor failed
2026-09-03 16:23:41,496 - inference_perf.datagen.replay.replay_graph_session_datagen - INFO - Event wekatrace9_0b1cf5ad73920121aa53e1acb0851a8ecf32:event_068_parent_turn_68 skipping — predecessor failed
2026-09-03 16:23:41,496 - inference_perf.datagen.replay.replay_graph_session_datagen - INFO - Event wekatrace9_0b1cf5ad73920121aa53e1acb0851a8ecf32:event_069_parent_turn_69 skipping — predecessor failed
2026-09-03 16:23:41,496 - inference_perf.datagen.replay.replay_graph_session_datagen - INFO - Event wekatrace9_0b1cf5ad73920121aa53e1acb0851a8ecf32:event_070_parent_turn_70 skipping — predecessor failed
2026-09-03 16:23:41,497 - inference_perf.datagen.replay.replay_graph_session_datagen - INFO - Event wekatrace9_0b1cf5ad73920121aa53e1acb0851a8ecf32:event_071_parent_turn_71 skipping — predecessor failed
2026-09-03 16:23:41,497 - inference_perf.datagen.replay.replay_graph_session_datagen - INFO - Event wekatrace9_0b1cf5ad73920121aa53e1acb0851a8ecf32:event_072_parent_turn_72 skipping — predecessor failed
2026-09-03 16:23:41,497 - inference_perf.datagen.replay.replay_graph_session_datagen - INFO - Event wekatrace9_0b1cf5ad73920121aa53e1acb0851a8ecf32:event_073_parent_turn_73 skipping — predecessor failed
2026-09-03 16:23:41,497 - inference_perf.datagen.replay.replay_graph_session_datagen - INFO - Event wekatrace9_0b1cf5ad73920121aa53e1acb0851a8ecf32:event_074_parent_turn_74 skipping — predecessor failed
2026-09-03 16:23:41,497 - inference_perf.datagen.replay.replay_graph_session_datagen - INFO - Event wekatrace9_0b1cf5ad73920121aa53e1acb0851a8ecf32:event_075_parent_turn_75 skipping — predecessor failed
2026-09-03 16:23:41,498 - inference_perf.datagen.replay.replay_graph_session_datagen - INFO - Event wekatrace9_0b1cf5ad73920121aa53e1acb0851a8ecf32:event_076_parent_turn_76 skipping — predecessor failed
2026-09-03 16:23:41,498 - inference_perf.datagen.replay.replay_graph_session_datagen - INFO - Event wekatrace9_0b1cf5ad73920121aa53e1acb0851a8ecf32:event_077_parent_turn_77 skipping — predecessor failed
2026-09-03 16:23:42,303 - inference_perf.datagen.replay.replay_graph_session_datagen - INFO - Event wekatrace13_0d9c99c3f96c2bcac0f9dec0987d5f411bcd:event_051_parent_turn_51 skipping — predecessor wait failed: TimeoutError
2026-09-03 16:23:42,304 - inference_perf.datagen.replay.replay_graph_session_datagen - INFO - Event wekatrace13_0d9c99c3f96c2bcac0f9dec0987d5f411bcd:event_052_parent_turn_52 skipping — predecessor failed
2026-09-03 16:23:42,304 - inference_perf.datagen.replay.replay_graph_session_datagen - INFO - Event wekatrace13_0d9c99c3f96c2bcac0f9dec0987d5f411bcd:event_053_parent_turn_53 skipping — predecessor failed
2026-09-03 16:23:42,305 - inference_perf.datagen.replay.replay_graph_session_datagen - INFO - Event wekatrace13_0d9c99c3f96c2bcac0f9dec0987d5f411bcd:event_054_parent_turn_54 skipping — predecessor failed
2026-09-03 16:23:42,305 - inference_perf.datagen.replay.replay_graph_session_datagen - INFO - Event wekatrace13_0d9c99c3f96c2bcac0f9dec0987d5f411bcd:event_055_parent_turn_55 skipping — predecessor failed
2026-09-03 16:23:42,305 - inference_perf.datagen.replay.replay_graph_session_datagen - INFO - Event wekatrace13_0d9c99c3f96c2bcac0f9dec0987d5f411bcd:event_056_parent_turn_56 skipping — predecessor failed
2026-09-03 16:23:42,306 - inference_perf.datagen.replay.replay_graph_session_datagen - INFO - Event wekatrace13_0d9c99c3f96c2bcac0f9dec0987d5f411bcd:event_057_parent_turn_57 skipping — predecessor failed
2026-09-03 16:23:42,306 - inference_perf.datagen.replay.replay_graph_session_datagen - INFO - Event wekatrace13_0d9c99c3f96c2bcac0f9dec0987d5f411bcd:event_058_parent_turn_58 skipping — predecessor failed
2026-09-03 16:23:42,306 - inference_perf.datagen.replay.replay_graph_session_datagen - INFO - Event wekatrace13_0d9c99c3f96c2bcac0f9dec0987d5f411bcd:event_059_parent_turn_59 skipping — predecessor failed
2026-09-03 16:23:42,306 - inference_perf.datagen.replay.replay_graph_session_datagen - INFO - Event wekatrace13_0d9c99c3f96c2bcac0f9dec0987d5f411bcd:event_060_parent_turn_60 skipping — predecessor failed
2026-09-03 16:23:42,307 - inference_perf.datagen.replay.replay_graph_session_datagen - INFO - Event wekatrace13_0d9c99c3f96c2bcac0f9dec0987d5f411bcd:event_061_parent_turn_61 skipping — predecessor failed
2026-09-03 16:23:42,307 - inference_perf.datagen.replay.replay_graph_session_datagen - INFO - Event wekatrace13_0d9c99c3f96c2bcac0f9dec0987d5f411bcd:event_062_parent_turn_62 skipping — predecessor failed
2026-09-03 16:23:42,307 - inference_perf.datagen.replay.replay_graph_session_datagen - INFO - Event wekatrace13_0d9c99c3f96c2bcac0f9dec0987d5f411bcd:event_063_parent_turn_63 skipping — predecessor failed
2026-09-03 16:23:42,307 - inference_perf.datagen.replay.replay_graph_session_datagen - INFO - Event wekatrace13_0d9c99c3f96c2bcac0f9dec0987d5f411bcd:event_064_parent_turn_64 skipping — predecessor failed
2026-09-03 16:23:42,308 - inference_perf.datagen.replay.replay_graph_session_datagen - INFO - Event wekatrace13_0d9c99c3f96c2bcac0f9dec0987d5f411bcd:event_065_parent_turn_65 skipping — predecessor failed
2026-09-03 16:23:42,308 - inference_perf.datagen.replay.replay_graph_session_datagen - INFO - Event wekatrace13_0d9c99c3f96c2bcac0f9dec0987d5f411bcd:event_066_parent_turn_66 skipping — predecessor failed
2026-09-03 16:23:42,308 - inference_perf.datagen.replay.replay_graph_session_datagen - INFO - Event wekatrace13_0d9c99c3f96c2bcac0f9dec0987d5f411bcd:event_067_parent_turn_67 skipping — predecessor failed
2026-09-03 16:23:42,309 - inference_perf.datagen.replay.replay_graph_session_datagen - INFO - Event wekatrace13_0d9c99c3f96c2bcac0f9dec0987d5f411bcd:event_068_parent_turn_68 skipping — predecessor failed
2026-09-03 16:23:42,309 - inference_perf.datagen.replay.replay_graph_session_datagen - INFO - Event wekatrace13_0d9c99c3f96c2bcac0f9dec0987d5f411bcd:event_069_parent_turn_69 skipping — predecessor failed
2026-09-03 16:23:42,309 - inference_perf.datagen.replay.replay_graph_session_datagen - INFO - Event wekatrace13_0d9c99c3f96c2bcac0f9dec0987d5f411bcd:event_070_parent_turn_70 skipping — predecessor failed
2026-09-03 16:23:42,309 - inference_perf.datagen.replay.replay_graph_session_datagen - INFO - Event wekatrace13_0d9c99c3f96c2bcac0f9dec0987d5f411bcd:event_071_parent_turn_71 skipping — predecessor failed
2026-09-03 16:23:42,310 - inference_perf.datagen.replay.replay_graph_session_datagen - INFO - Event wekatrace13_0d9c99c3f96c2bcac0f9dec0987d5f411bcd:event_072_parent_turn_72 skipping — predecessor failed
2026-09-03 16:23:42,310 - inference_perf.datagen.replay.replay_graph_session_datagen - INFO - Event wekatrace13_0d9c99c3f96c2bcac0f9dec0987d5f411bcd:event_073_parent_turn_73 skipping — predecessor failed
2026-09-03 16:23:42,310 - inference_perf.datagen.replay.replay_graph_session_datagen - INFO - Event wekatrace13_0d9c99c3f96c2bcac0f9dec0987d5f411bcd:event_074_parent_turn_74 skipping — predecessor failed
2026-09-03 16:23:42,311 - inference_perf.datagen.replay.replay_graph_session_datagen - INFO - Event wekatrace13_0d9c99c3f96c2bcac0f9dec0987d5f411bcd:event_075_parent_turn_75 skipping — predecessor failed
2026-09-03 16:23:42,311 - inference_perf.datagen.replay.replay_graph_session_datagen - INFO - Event wekatrace13_0d9c99c3f96c2bcac0f9dec0987d5f411bcd:event_076_parent_turn_76 skipping — predecessor failed
2026-09-03 16:23:42,311 - inference_perf.datagen.replay.replay_graph_session_datagen - INFO - Event wekatrace13_0d9c99c3f96c2bcac0f9dec0987d5f411bcd:event_077_parent_turn_77 skipping — predecessor failed
2026-09-03 16:23:42,314 - inference_perf.datagen.replay.replay_graph_session_datagen - INFO - Event wekatrace13_0d9c99c3f96c2bcac0f9dec0987d5f411bcd:event_078_parent_turn_78 skipping — predecessor failed
2026-09-03 16:23:42,315 - inference_perf.datagen.replay.replay_graph_session_datagen - INFO - Event wekatrace13_0d9c99c3f96c2bcac0f9dec0987d5f411bcd:event_079_parent_turn_79 skipping — predecessor failed
2026-09-03 16:23:42,315 - inference_perf.datagen.replay.replay_graph_session_datagen - INFO - Event wekatrace13_0d9c99c3f96c2bcac0f9dec0987d5f411bcd:event_080_parent_turn_80 skipping — predecessor failed
2026-09-03 16:23:42,315 - inference_perf.datagen.replay.replay_graph_session_datagen - INFO - Event wekatrace13_0d9c99c3f96c2bcac0f9dec0987d5f411bcd:event_081_parent_turn_81 skipping — predecessor failed
2026-09-03 16:23:42,316 - inference_perf.datagen.replay.replay_graph_session_datagen - INFO - Event wekatrace13_0d9c99c3f96c2bcac0f9dec0987d5f411bcd:event_082_parent_turn_82 skipping — predecessor failed
2026-09-03 16:23:42,859 - inference_perf.datagen.replay.replay_graph_session_datagen - INFO - Event wekatrace10_0b4a56f22f01dc235b7ce1cc3aeabd6943e8:event_093_parent_turn_30 skipping — predecessor wait failed: TimeoutError
2026-09-03 16:23:42,860 - inference_perf.datagen.replay.replay_graph_session_datagen - INFO - Event wekatrace10_0b4a56f22f01dc235b7ce1cc3aeabd6943e8:event_094_parent_turn_31 skipping — predecessor failed
2026-09-03 16:23:42,860 - inference_perf.datagen.replay.replay_graph_session_datagen - INFO - Event wekatrace10_0b4a56f22f01dc235b7ce1cc3aeabd6943e8:event_095_parent_turn_32 skipping — predecessor failed
2026-09-03 16:23:42,861 - inference_perf.datagen.replay.replay_graph_session_datagen - INFO - Event wekatrace10_0b4a56f22f01dc235b7ce1cc3aeabd6943e8:event_096_parent_turn_33 skipping — predecessor failed
2026-09-03 16:23:42,861 - inference_perf.datagen.replay.replay_graph_session_datagen - INFO - Event wekatrace10_0b4a56f22f01dc235b7ce1cc3aeabd6943e8:event_097_parent_turn_34 skipping — predecessor failed
2026-09-03 16:23:42,861 - inference_perf.datagen.replay.replay_graph_session_datagen - INFO - Event wekatrace10_0b4a56f22f01dc235b7ce1cc3aeabd6943e8:event_098_parent_turn_35 skipping — predecessor failed
2026-09-03 16:23:42,861 - inference_perf.datagen.replay.replay_graph_session_datagen - INFO - Event wekatrace10_0b4a56f22f01dc235b7ce1cc3aeabd6943e8:event_099_parent_turn_36 skipping — predecessor failed
2026-09-03 16:23:42,861 - inference_perf.datagen.replay.replay_graph_session_datagen - INFO - Event wekatrace10_0b4a56f22f01dc235b7ce1cc3aeabd6943e8:event_100_parent_turn_37 skipping — predecessor failed
2026-09-03 16:23:42,861 - inference_perf.datagen.replay.replay_graph_session_datagen - INFO - Event wekatrace10_0b4a56f22f01dc235b7ce1cc3aeabd6943e8:event_101_parent_turn_38 skipping — predecessor failed
2026-09-03 16:23:42,862 - inference_perf.datagen.replay.replay_graph_session_datagen - INFO - Event wekatrace10_0b4a56f22f01dc235b7ce1cc3aeabd6943e8:event_102_parent_turn_39 skipping — predecessor failed
2026-09-03 16:23:42,862 - inference_perf.datagen.replay.replay_graph_session_datagen - INFO - Event wekatrace10_0b4a56f22f01dc235b7ce1cc3aeabd6943e8:event_103_parent_turn_40 skipping — predecessor failed
2026-09-03 16:23:42,862 - inference_perf.datagen.replay.replay_graph_session_datagen - INFO - Event wekatrace10_0b4a56f22f01dc235b7ce1cc3aeabd6943e8:event_104_parent_turn_41 skipping — predecessor failed
2026-09-03 16:23:42,862 - inference_perf.datagen.replay.replay_graph_session_datagen - INFO - Event wekatrace10_0b4a56f22f01dc235b7ce1cc3aeabd6943e8:event_105_parent_turn_42 skipping — predecessor failed
2026-09-03 16:23:42,862 - inference_perf.datagen.replay.replay_graph_session_datagen - INFO - Event wekatrace10_0b4a56f22f01dc235b7ce1cc3aeabd6943e8:event_106_parent_turn_43 skipping — predecessor failed
2026-09-03 16:23:42,862 - inference_perf.datagen.replay.replay_graph_session_datagen - INFO - Event wekatrace10_0b4a56f22f01dc235b7ce1cc3aeabd6943e8:event_107_parent_turn_44 skipping — predecessor failed
2026-09-03 16:23:42,862 - inference_perf.datagen.replay.replay_graph_session_datagen - INFO - Event wekatrace10_0b4a56f22f01dc235b7ce1cc3aeabd6943e8:event_108_parent_turn_45 skipping — predecessor failed
2026-09-03 16:23:42,863 - inference_perf.datagen.replay.replay_graph_session_datagen - INFO - Event wekatrace10_0b4a56f22f01dc235b7ce1cc3aeabd6943e8:event_109_parent_turn_46 skipping — predecessor failed
2026-09-03 16:23:42,863 - inference_perf.datagen.replay.replay_graph_session_datagen - INFO - Event wekatrace10_0b4a56f22f01dc235b7ce1cc3aeabd6943e8:event_110_parent_turn_47 skipping — predecessor failed
2026-09-03 16:23:42,863 - inference_perf.datagen.replay.replay_graph_session_datagen - INFO - Event wekatrace10_0b4a56f22f01dc235b7ce1cc3aeabd6943e8:event_111_parent_turn_48 skipping — predecessor failed
2026-09-03 16:23:42,863 - inference_perf.datagen.replay.replay_graph_session_datagen - INFO - Event wekatrace10_0b4a56f22f01dc235b7ce1cc3aeabd6943e8:event_112_parent_turn_49 skipping — predecessor failed
2026-09-03 16:23:42,863 - inference_perf.datagen.replay.replay_graph_session_datagen - INFO - Event wekatrace10_0b4a56f22f01dc235b7ce1cc3aeabd6943e8:event_113_parent_turn_50 skipping — predecessor failed
2026-09-03 16:23:42,863 - inference_perf.datagen.replay.replay_graph_session_datagen - INFO - Event wekatrace10_0b4a56f22f01dc235b7ce1cc3aeabd6943e8:event_114_parent_turn_51 skipping — predecessor failed
2026-09-03 16:23:42,864 - inference_perf.datagen.replay.replay_graph_session_datagen - INFO - Event wekatrace10_0b4a56f22f01dc235b7ce1cc3aeabd6943e8:event_115_parent_turn_52 skipping — predecessor failed
2026-09-03 16:23:42,864 - inference_perf.datagen.replay.replay_graph_session_datagen - INFO - Event wekatrace10_0b4a56f22f01dc235b7ce1cc3aeabd6943e8:event_116_sa_subagent_003_12bc1ff3_s0_turn_0 skipping — predecessor failed
2026-09-03 16:23:42,864 - inference_perf.datagen.replay.replay_graph_session_datagen - INFO - Event wekatrace10_0b4a56f22f01dc235b7ce1cc3aeabd6943e8:event_177_parent_turn_53 skipping — predecessor failed
2026-09-03 16:23:42,864 - inference_perf.datagen.replay.replay_graph_session_datagen - INFO - Event wekatrace10_0b4a56f22f01dc235b7ce1cc3aeabd6943e8:event_117_sa_subagent_003_12bc1ff3_s0_turn_1 skipping — predecessor failed
2026-09-03 16:23:42,864 - inference_perf.datagen.replay.replay_graph_session_datagen - INFO - Event wekatrace10_0b4a56f22f01dc235b7ce1cc3aeabd6943e8:event_178_parent_turn_54 skipping — predecessor failed
2026-09-03 16:23:42,864 - inference_perf.datagen.replay.replay_graph_session_datagen - INFO - Event wekatrace10_0b4a56f22f01dc235b7ce1cc3aeabd6943e8:event_118_sa_subagent_003_12bc1ff3_s0_turn_2 skipping — predecessor failed
2026-09-03 16:23:42,864 - inference_perf.datagen.replay.replay_graph_session_datagen - INFO - Event wekatrace10_0b4a56f22f01dc235b7ce1cc3aeabd6943e8:event_179_parent_turn_55 skipping — predecessor failed
2026-09-03 16:23:42,864 - inference_perf.datagen.replay.replay_graph_session_datagen - INFO - Event wekatrace10_0b4a56f22f01dc235b7ce1cc3aeabd6943e8:event_180_parent_turn_56 skipping — predecessor failed
2026-09-03 16:23:42,865 - inference_perf.datagen.replay.replay_graph_session_datagen - INFO - Event wekatrace10_0b4a56f22f01dc235b7ce1cc3aeabd6943e8:event_119_sa_subagent_003_12bc1ff3_s0_turn_3 skipping — predecessor failed
2026-09-03 16:23:42,865 - inference_perf.datagen.replay.replay_graph_session_datagen - INFO - Event wekatrace10_0b4a56f22f01dc235b7ce1cc3aeabd6943e8:event_181_parent_turn_57 skipping — predecessor failed
2026-09-03 16:23:42,865 - inference_perf.datagen.replay.replay_graph_session_datagen - INFO - Event wekatrace10_0b4a56f22f01dc235b7ce1cc3aeabd6943e8:event_182_parent_turn_58 skipping — predecessor failed
2026-09-03 16:23:42,865 - inference_perf.datagen.replay.replay_graph_session_datagen - INFO - Event wekatrace10_0b4a56f22f01dc235b7ce1cc3aeabd6943e8:event_120_sa_subagent_003_12bc1ff3_s0_turn_4 skipping — predecessor failed
2026-09-03 16:23:42,865 - inference_perf.datagen.replay.replay_graph_session_datagen - INFO - Event wekatrace10_0b4a56f22f01dc235b7ce1cc3aeabd6943e8:event_183_parent_turn_59 skipping — predecessor failed
2026-09-03 16:23:42,865 - inference_perf.datagen.replay.replay_graph_session_datagen - INFO - Event wekatrace10_0b4a56f22f01dc235b7ce1cc3aeabd6943e8:event_121_sa_subagent_003_12bc1ff3_s0_turn_5 skipping — predecessor failed
2026-09-03 16:23:42,865 - inference_perf.datagen.replay.replay_graph_session_datagen - INFO - Event wekatrace10_0b4a56f22f01dc235b7ce1cc3aeabd6943e8:event_184_parent_turn_60 skipping — predecessor failed
2026-09-03 16:23:42,865 - inference_perf.datagen.replay.replay_graph_session_datagen - INFO - Event wekatrace10_0b4a56f22f01dc235b7ce1cc3aeabd6943e8:event_122_sa_subagent_003_12bc1ff3_s0_turn_6 skipping — predecessor failed
2026-09-03 16:23:42,865 - inference_perf.datagen.replay.replay_graph_session_datagen - INFO - Event wekatrace10_0b4a56f22f01dc235b7ce1cc3aeabd6943e8:event_185_parent_turn_61 skipping — predecessor failed
2026-09-03 16:23:42,866 - inference_perf.datagen.replay.replay_graph_session_datagen - INFO - Event wekatrace10_0b4a56f22f01dc235b7ce1cc3aeabd6943e8:event_123_sa_subagent_003_12bc1ff3_s0_turn_7 skipping — predecessor failed
2026-09-03 16:23:42,866 - inference_perf.datagen.replay.replay_graph_session_datagen - INFO - Event wekatrace10_0b4a56f22f01dc235b7ce1cc3aeabd6943e8:event_186_parent_turn_62 skipping — predecessor failed
2026-09-03 16:23:42,866 - inference_perf.datagen.replay.replay_graph_session_datagen - INFO - Event wekatrace10_0b4a56f22f01dc235b7ce1cc3aeabd6943e8:event_124_sa_subagent_003_12bc1ff3_s0_turn_8 skipping — predecessor failed
2026-09-03 16:23:42,866 - inference_perf.datagen.replay.replay_graph_session_datagen - INFO - Event wekatrace10_0b4a56f22f01dc235b7ce1cc3aeabd6943e8:event_187_parent_turn_63 skipping — predecessor failed
2026-09-03 16:23:42,866 - inference_perf.datagen.replay.replay_graph_session_datagen - INFO - Event wekatrace10_0b4a56f22f01dc235b7ce1cc3aeabd6943e8:event_125_sa_subagent_003_12bc1ff3_s0_turn_9 skipping — predecessor failed
2026-09-03 16:23:42,866 - inference_perf.datagen.replay.replay_graph_session_datagen - INFO - Event wekatrace10_0b4a56f22f01dc235b7ce1cc3aeabd6943e8:event_188_parent_turn_64 skipping — predecessor failed
2026-09-03 16:23:42,866 - inference_perf.datagen.replay.replay_graph_session_datagen - INFO - Event wekatrace10_0b4a56f22f01dc235b7ce1cc3aeabd6943e8:event_126_sa_subagent_003_12bc1ff3_s0_turn_10 skipping — predecessor failed
2026-09-03 16:23:42,866 - inference_perf.datagen.replay.replay_graph_session_datagen - INFO - Event wekatrace10_0b4a56f22f01dc235b7ce1cc3aeabd6943e8:event_189_parent_turn_65 skipping — predecessor failed
2026-09-03 16:23:42,867 - inference_perf.datagen.replay.replay_graph_session_datagen - INFO - Event wekatrace10_0b4a56f22f01dc235b7ce1cc3aeabd6943e8:event_127_sa_subagent_003_12bc1ff3_s0_turn_11 skipping — predecessor failed
2026-09-03 16:23:42,867 - inference_perf.datagen.replay.replay_graph_session_datagen - INFO - Event wekatrace10_0b4a56f22f01dc235b7ce1cc3aeabd6943e8:event_190_parent_turn_66 skipping — predecessor failed
2026-09-03 16:23:42,867 - inference_perf.datagen.replay.replay_graph_session_datagen - INFO - Event wekatrace10_0b4a56f22f01dc235b7ce1cc3aeabd6943e8:event_128_sa_subagent_003_12bc1ff3_s0_turn_12 skipping — predecessor failed
2026-09-03 16:23:42,867 - inference_perf.datagen.replay.replay_graph_session_datagen - INFO - Event wekatrace10_0b4a56f22f01dc235b7ce1cc3aeabd6943e8:event_191_parent_turn_67 skipping — predecessor failed
2026-09-03 16:23:42,867 - inference_perf.datagen.replay.replay_graph_session_datagen - INFO - Event wekatrace10_0b4a56f22f01dc235b7ce1cc3aeabd6943e8:event_129_sa_subagent_003_12bc1ff3_s0_turn_13 skipping — predecessor failed
2026-09-03 16:23:42,867 - inference_perf.datagen.replay.replay_graph_session_datagen - INFO - Event wekatrace10_0b4a56f22f01dc235b7ce1cc3aeabd6943e8:event_192_parent_turn_68 skipping — predecessor failed
2026-09-03 16:23:42,867 - inference_perf.datagen.replay.replay_graph_session_datagen - INFO - Event wekatrace10_0b4a56f22f01dc235b7ce1cc3aeabd6943e8:event_130_sa_subagent_003_12bc1ff3_s0_turn_14 skipping — predecessor failed
2026-09-03 16:23:42,867 - inference_perf.datagen.replay.replay_graph_session_datagen - INFO - Event wekatrace10_0b4a56f22f01dc235b7ce1cc3aeabd6943e8:event_193_parent_turn_69 skipping — predecessor failed
2026-09-03 16:23:42,868 - inference_perf.datagen.replay.replay_graph_session_datagen - INFO - Event wekatrace10_0b4a56f22f01dc235b7ce1cc3aeabd6943e8:event_131_sa_subagent_003_12bc1ff3_s0_turn_15 skipping — predecessor failed
2026-09-03 16:23:42,868 - inference_perf.datagen.replay.replay_graph_session_datagen - INFO - Event wekatrace10_0b4a56f22f01dc235b7ce1cc3aeabd6943e8:event_194_parent_turn_70 skipping — predecessor failed
2026-09-03 16:23:42,868 - inference_perf.datagen.replay.replay_graph_session_datagen - INFO - Event wekatrace10_0b4a56f22f01dc235b7ce1cc3aeabd6943e8:event_132_sa_subagent_003_12bc1ff3_s0_turn_16 skipping — predecessor failed
2026-09-03 16:23:42,868 - inference_perf.datagen.replay.replay_graph_session_datagen - INFO - Event wekatrace10_0b4a56f22f01dc235b7ce1cc3aeabd6943e8:event_195_parent_turn_71 skipping — predecessor failed
2026-09-03 16:23:42,868 - inference_perf.datagen.replay.replay_graph_session_datagen - INFO - Event wekatrace10_0b4a56f22f01dc235b7ce1cc3aeabd6943e8:event_133_sa_subagent_003_12bc1ff3_s0_turn_17 skipping — predecessor failed
2026-09-03 16:23:42,868 - inference_perf.datagen.replay.replay_graph_session_datagen - INFO - Event wekatrace10_0b4a56f22f01dc235b7ce1cc3aeabd6943e8:event_196_parent_turn_72 skipping — predecessor failed
2026-09-03 16:23:42,868 - inference_perf.datagen.replay.replay_graph_session_datagen - INFO - Event wekatrace10_0b4a56f22f01dc235b7ce1cc3aeabd6943e8:event_134_sa_subagent_003_12bc1ff3_s0_turn_18 skipping — predecessor failed
2026-09-03 16:23:42,869 - inference_perf.datagen.replay.replay_graph_session_datagen - INFO - Event wekatrace10_0b4a56f22f01dc235b7ce1cc3aeabd6943e8:event_197_parent_turn_73 skipping — predecessor failed
2026-09-03 16:23:42,869 - inference_perf.datagen.replay.replay_graph_session_datagen - INFO - Event wekatrace10_0b4a56f22f01dc235b7ce1cc3aeabd6943e8:event_135_sa_subagent_003_12bc1ff3_s0_turn_19 skipping — predecessor failed
2026-09-03 16:23:42,869 - inference_perf.datagen.replay.replay_graph_session_datagen - INFO - Event wekatrace10_0b4a56f22f01dc235b7ce1cc3aeabd6943e8:event_198_parent_turn_74 skipping — predecessor failed
2026-09-03 16:23:42,869 - inference_perf.datagen.replay.replay_graph_session_datagen - INFO - Event wekatrace10_0b4a56f22f01dc235b7ce1cc3aeabd6943e8:event_136_sa_subagent_003_12bc1ff3_s0_turn_20 skipping — predecessor failed
2026-09-03 16:23:42,869 - inference_perf.datagen.replay.replay_graph_session_datagen - INFO - Event wekatrace10_0b4a56f22f01dc235b7ce1cc3aeabd6943e8:event_199_parent_turn_75 skipping — predecessor failed
2026-09-03 16:23:42,870 - inference_perf.datagen.replay.replay_graph_session_datagen - INFO - Event wekatrace10_0b4a56f22f01dc235b7ce1cc3aeabd6943e8:event_137_sa_subagent_004_8ad50d22_s0_turn_0 skipping — predecessor failed
2026-09-03 16:23:42,870 - inference_perf.datagen.replay.replay_graph_session_datagen - INFO - Event wekatrace10_0b4a56f22f01dc235b7ce1cc3aeabd6943e8:event_200_parent_turn_76 skipping — predecessor failed
2026-09-03 16:23:42,870 - inference_perf.datagen.replay.replay_graph_session_datagen - INFO - Event wekatrace10_0b4a56f22f01dc235b7ce1cc3aeabd6943e8:event_138_sa_subagent_004_8ad50d22_s0_turn_1 skipping — predecessor failed
2026-09-03 16:23:42,870 - inference_perf.datagen.replay.replay_graph_session_datagen - INFO - Event wekatrace10_0b4a56f22f01dc235b7ce1cc3aeabd6943e8:event_201_parent_turn_77 skipping — predecessor failed
2026-09-03 16:23:42,870 - inference_perf.datagen.replay.replay_graph_session_datagen - INFO - Event wekatrace10_0b4a56f22f01dc235b7ce1cc3aeabd6943e8:event_139_sa_subagent_004_8ad50d22_s0_turn_2 skipping — predecessor failed
2026-09-03 16:23:42,870 - inference_perf.datagen.replay.replay_graph_session_datagen - INFO - Event wekatrace10_0b4a56f22f01dc235b7ce1cc3aeabd6943e8:event_202_parent_turn_78 skipping — predecessor failed
2026-09-03 16:23:42,871 - inference_perf.datagen.replay.replay_graph_session_datagen - INFO - Event wekatrace10_0b4a56f22f01dc235b7ce1cc3aeabd6943e8:event_140_sa_subagent_004_8ad50d22_s0_turn_3 skipping — predecessor failed
2026-09-03 16:23:42,871 - inference_perf.datagen.replay.replay_graph_session_datagen - INFO - Event wekatrace10_0b4a56f22f01dc235b7ce1cc3aeabd6943e8:event_203_parent_turn_79 skipping — predecessor failed
2026-09-03 16:23:42,871 - inference_perf.datagen.replay.replay_graph_session_datagen - INFO - Event wekatrace10_0b4a56f22f01dc235b7ce1cc3aeabd6943e8:event_141_sa_subagent_004_8ad50d22_s0_turn_4 skipping — predecessor failed
2026-09-03 16:23:42,872 - inference_perf.datagen.replay.replay_graph_session_datagen - INFO - Event wekatrace10_0b4a56f22f01dc235b7ce1cc3aeabd6943e8:event_204_parent_turn_80 skipping — predecessor failed
2026-09-03 16:23:42,872 - inference_perf.datagen.replay.replay_graph_session_datagen - INFO - Event wekatrace10_0b4a56f22f01dc235b7ce1cc3aeabd6943e8:event_142_sa_subagent_004_8ad50d22_s0_turn_5 skipping — predecessor failed
2026-09-03 16:23:42,872 - inference_perf.datagen.replay.replay_graph_session_datagen - INFO - Event wekatrace10_0b4a56f22f01dc235b7ce1cc3aeabd6943e8:event_205_parent_turn_81 skipping — predecessor failed
2026-09-03 16:23:42,873 - inference_perf.datagen.replay.replay_graph_session_datagen - INFO - Event wekatrace10_0b4a56f22f01dc235b7ce1cc3aeabd6943e8:event_143_sa_subagent_004_8ad50d22_s0_turn_6 skipping — predecessor failed
2026-09-03 16:23:42,873 - inference_perf.datagen.replay.replay_graph_session_datagen - INFO - Event wekatrace10_0b4a56f22f01dc235b7ce1cc3aeabd6943e8:event_206_parent_turn_82 skipping — predecessor failed
2026-09-03 16:23:42,873 - inference_perf.datagen.replay.replay_graph_session_datagen - INFO - Event wekatrace10_0b4a56f22f01dc235b7ce1cc3aeabd6943e8:event_144_sa_subagent_004_8ad50d22_s0_turn_7 skipping — predecessor failed
2026-09-03 16:23:42,873 - inference_perf.datagen.replay.replay_graph_session_datagen - INFO - Event wekatrace10_0b4a56f22f01dc235b7ce1cc3aeabd6943e8:event_207_parent_turn_83 skipping — predecessor failed
2026-09-03 16:23:42,873 - inference_perf.datagen.replay.replay_graph_session_datagen - INFO - Event wekatrace10_0b4a56f22f01dc235b7ce1cc3aeabd6943e8:event_145_sa_subagent_004_8ad50d22_s0_turn_8 skipping — predecessor failed
2026-09-03 16:23:42,874 - inference_perf.datagen.replay.replay_graph_session_datagen - INFO - Event wekatrace10_0b4a56f22f01dc235b7ce1cc3aeabd6943e8:event_208_parent_turn_84 skipping — predecessor failed
2026-09-03 16:23:42,874 - inference_perf.datagen.replay.replay_graph_session_datagen - INFO - Event wekatrace10_0b4a56f22f01dc235b7ce1cc3aeabd6943e8:event_146_sa_subagent_004_8ad50d22_s0_turn_9 skipping — predecessor failed
2026-09-03 16:23:42,874 - inference_perf.datagen.replay.replay_graph_session_datagen - INFO - Event wekatrace10_0b4a56f22f01dc235b7ce1cc3aeabd6943e8:event_209_parent_turn_85 skipping — predecessor failed
2026-09-03 16:23:42,874 - inference_perf.datagen.replay.replay_graph_session_datagen - INFO - Event wekatrace10_0b4a56f22f01dc235b7ce1cc3aeabd6943e8:event_147_sa_subagent_004_8ad50d22_s0_turn_10 skipping — predecessor failed
2026-09-03 16:23:42,874 - inference_perf.datagen.replay.replay_graph_session_datagen - INFO - Event wekatrace10_0b4a56f22f01dc235b7ce1cc3aeabd6943e8:event_210_parent_turn_86 skipping — predecessor failed
2026-09-03 16:23:42,875 - inference_perf.datagen.replay.replay_graph_session_datagen - INFO - Event wekatrace10_0b4a56f22f01dc235b7ce1cc3aeabd6943e8:event_148_sa_subagent_004_8ad50d22_s0_turn_11 skipping — predecessor failed
2026-09-03 16:23:42,875 - inference_perf.datagen.replay.replay_graph_session_datagen - INFO - Event wekatrace10_0b4a56f22f01dc235b7ce1cc3aeabd6943e8:event_211_parent_turn_87 skipping — predecessor failed
2026-09-03 16:23:42,875 - inference_perf.datagen.replay.replay_graph_session_datagen - INFO - Event wekatrace10_0b4a56f22f01dc235b7ce1cc3aeabd6943e8:event_212_parent_turn_88 skipping — predecessor failed
2026-09-03 16:23:42,875 - inference_perf.datagen.replay.replay_graph_session_datagen - INFO - Event wekatrace10_0b4a56f22f01dc235b7ce1cc3aeabd6943e8:event_149_sa_subagent_004_8ad50d22_s0_turn_12 skipping — predecessor failed
2026-09-03 16:23:42,875 - inference_perf.datagen.replay.replay_graph_session_datagen - INFO - Event wekatrace10_0b4a56f22f01dc235b7ce1cc3aeabd6943e8:event_213_parent_turn_89 skipping — predecessor failed
2026-09-03 16:23:42,876 - inference_perf.datagen.replay.replay_graph_session_datagen - INFO - Event wekatrace10_0b4a56f22f01dc235b7ce1cc3aeabd6943e8:event_150_sa_subagent_004_8ad50d22_s0_turn_13 skipping — predecessor failed
2026-09-03 16:23:42,876 - inference_perf.datagen.replay.replay_graph_session_datagen - INFO - Event wekatrace10_0b4a56f22f01dc235b7ce1cc3aeabd6943e8:event_214_parent_turn_90 skipping — predecessor failed
2026-09-03 16:23:42,876 - inference_perf.datagen.replay.replay_graph_session_datagen - INFO - Event wekatrace10_0b4a56f22f01dc235b7ce1cc3aeabd6943e8:event_151_sa_subagent_004_8ad50d22_s0_turn_14 skipping — predecessor failed
2026-09-03 16:23:42,876 - inference_perf.datagen.replay.replay_graph_session_datagen - INFO - Event wekatrace10_0b4a56f22f01dc235b7ce1cc3aeabd6943e8:event_215_parent_turn_91 skipping — predecessor failed
2026-09-03 16:23:42,877 - inference_perf.datagen.replay.replay_graph_session_datagen - INFO - Event wekatrace10_0b4a56f22f01dc235b7ce1cc3aeabd6943e8:event_152_sa_subagent_004_8ad50d22_s0_turn_15 skipping — predecessor failed
2026-09-03 16:23:42,877 - inference_perf.datagen.replay.replay_graph_session_datagen - INFO - Event wekatrace10_0b4a56f22f01dc235b7ce1cc3aeabd6943e8:event_216_parent_turn_92 skipping — predecessor failed
2026-09-03 16:23:42,877 - inference_perf.datagen.replay.replay_graph_session_datagen - INFO - Event wekatrace10_0b4a56f22f01dc235b7ce1cc3aeabd6943e8:event_153_sa_subagent_004_8ad50d22_s0_turn_16 skipping — predecessor failed
2026-09-03 16:23:42,877 - inference_perf.datagen.replay.replay_graph_session_datagen - INFO - Event wekatrace10_0b4a56f22f01dc235b7ce1cc3aeabd6943e8:event_217_parent_turn_93 skipping — predecessor failed
2026-09-03 16:23:42,878 - inference_perf.datagen.replay.replay_graph_session_datagen - INFO - Event wekatrace10_0b4a56f22f01dc235b7ce1cc3aeabd6943e8:event_154_sa_subagent_004_8ad50d22_s0_turn_17 skipping — predecessor failed
2026-09-03 16:23:42,878 - inference_perf.datagen.replay.replay_graph_session_datagen - INFO - Event wekatrace10_0b4a56f22f01dc235b7ce1cc3aeabd6943e8:event_218_parent_turn_94 skipping — predecessor failed
2026-09-03 16:23:42,878 - inference_perf.datagen.replay.replay_graph_session_datagen - INFO - Event wekatrace10_0b4a56f22f01dc235b7ce1cc3aeabd6943e8:event_155_sa_subagent_004_8ad50d22_s0_turn_18 skipping — predecessor failed
2026-09-03 16:23:42,878 - inference_perf.datagen.replay.replay_graph_session_datagen - INFO - Event wekatrace10_0b4a56f22f01dc235b7ce1cc3aeabd6943e8:event_219_parent_turn_95 skipping — predecessor failed
2026-09-03 16:23:42,879 - inference_perf.datagen.replay.replay_graph_session_datagen - INFO - Event wekatrace10_0b4a56f22f01dc235b7ce1cc3aeabd6943e8:event_156_sa_subagent_004_8ad50d22_s0_turn_19 skipping — predecessor failed
2026-09-03 16:23:42,879 - inference_perf.datagen.replay.replay_graph_session_datagen - INFO - Event wekatrace10_0b4a56f22f01dc235b7ce1cc3aeabd6943e8:event_220_parent_turn_96 skipping — predecessor failed
2026-09-03 16:23:42,879 - inference_perf.datagen.replay.replay_graph_session_datagen - INFO - Event wekatrace10_0b4a56f22f01dc235b7ce1cc3aeabd6943e8:event_157_sa_subagent_004_8ad50d22_s0_turn_20 skipping — predecessor failed
2026-09-03 16:23:42,879 - inference_perf.datagen.replay.replay_graph_session_datagen - INFO - Event wekatrace10_0b4a56f22f01dc235b7ce1cc3aeabd6943e8:event_221_parent_turn_97 skipping — predecessor failed
2026-09-03 16:23:42,880 - inference_perf.datagen.replay.replay_graph_session_datagen - INFO - Event wekatrace10_0b4a56f22f01dc235b7ce1cc3aeabd6943e8:event_158_sa_subagent_004_8ad50d22_s0_turn_21 skipping — predecessor failed
2026-09-03 16:23:42,880 - inference_perf.datagen.replay.replay_graph_session_datagen - INFO - Event wekatrace10_0b4a56f22f01dc235b7ce1cc3aeabd6943e8:event_222_parent_turn_98 skipping — predecessor failed
2026-09-03 16:23:42,880 - inference_perf.datagen.replay.replay_graph_session_datagen - INFO - Event wekatrace10_0b4a56f22f01dc235b7ce1cc3aeabd6943e8:event_159_sa_subagent_004_8ad50d22_s0_turn_22 skipping — predecessor failed
2026-09-03 16:23:42,880 - inference_perf.datagen.replay.replay_graph_session_datagen - INFO - Event wekatrace10_0b4a56f22f01dc235b7ce1cc3aeabd6943e8:event_223_parent_turn_99 skipping — predecessor failed
2026-09-03 16:23:42,881 - inference_perf.datagen.replay.replay_graph_session_datagen - INFO - Event wekatrace10_0b4a56f22f01dc235b7ce1cc3aeabd6943e8:event_160_sa_subagent_004_8ad50d22_s0_turn_23 skipping — predecessor failed
2026-09-03 16:23:42,881 - inference_perf.datagen.replay.replay_graph_session_datagen - INFO - Event wekatrace10_0b4a56f22f01dc235b7ce1cc3aeabd6943e8:event_224_parent_turn_100 skipping — predecessor failed
2026-09-03 16:23:42,881 - inference_perf.datagen.replay.replay_graph_session_datagen - INFO - Event wekatrace10_0b4a56f22f01dc235b7ce1cc3aeabd6943e8:event_225_parent_turn_101 skipping — predecessor failed
2026-09-03 16:23:42,881 - inference_perf.datagen.replay.replay_graph_session_datagen - INFO - Event wekatrace10_0b4a56f22f01dc235b7ce1cc3aeabd6943e8:event_161_sa_subagent_004_8ad50d22_s0_turn_24 skipping — predecessor failed
2026-09-03 16:23:42,881 - inference_perf.datagen.replay.replay_graph_session_datagen - INFO - Event wekatrace10_0b4a56f22f01dc235b7ce1cc3aeabd6943e8:event_226_parent_turn_102 skipping — predecessor failed
2026-09-03 16:23:42,882 - inference_perf.datagen.replay.replay_graph_session_datagen - INFO - Event wekatrace10_0b4a56f22f01dc235b7ce1cc3aeabd6943e8:event_162_sa_subagent_004_8ad50d22_s0_turn_25 skipping — predecessor failed
2026-09-03 16:23:42,882 - inference_perf.datagen.replay.replay_graph_session_datagen - INFO - Event wekatrace10_0b4a56f22f01dc235b7ce1cc3aeabd6943e8:event_163_sa_subagent_005_59c63173_s0_turn_0 skipping — predecessor failed
2026-09-03 16:23:42,882 - inference_perf.datagen.replay.replay_graph_session_datagen - INFO - Event wekatrace10_0b4a56f22f01dc235b7ce1cc3aeabd6943e8:event_227_parent_turn_103 skipping — predecessor failed
2026-09-03 16:23:42,882 - inference_perf.datagen.replay.replay_graph_session_datagen - INFO - Event wekatrace10_0b4a56f22f01dc235b7ce1cc3aeabd6943e8:event_164_sa_subagent_005_59c63173_s0_turn_1 skipping — predecessor failed
2026-09-03 16:23:42,882 - inference_perf.datagen.replay.replay_graph_session_datagen - INFO - Event wekatrace10_0b4a56f22f01dc235b7ce1cc3aeabd6943e8:event_228_parent_turn_104 skipping — predecessor failed
2026-09-03 16:23:42,882 - inference_perf.datagen.replay.replay_graph_session_datagen - INFO - Event wekatrace10_0b4a56f22f01dc235b7ce1cc3aeabd6943e8:event_165_sa_subagent_005_59c63173_s0_turn_2 skipping — predecessor failed
2026-09-03 16:23:42,883 - inference_perf.datagen.replay.replay_graph_session_datagen - INFO - Event wekatrace10_0b4a56f22f01dc235b7ce1cc3aeabd6943e8:event_166_sa_subagent_005_59c63173_s0_turn_3 skipping — predecessor failed
2026-09-03 16:23:42,883 - inference_perf.datagen.replay.replay_graph_session_datagen - INFO - Event wekatrace10_0b4a56f22f01dc235b7ce1cc3aeabd6943e8:event_229_parent_turn_105 skipping — predecessor failed
2026-09-03 16:23:42,883 - inference_perf.datagen.replay.replay_graph_session_datagen - INFO - Event wekatrace10_0b4a56f22f01dc235b7ce1cc3aeabd6943e8:event_167_sa_subagent_005_59c63173_s0_turn_4 skipping — predecessor failed
2026-09-03 16:23:42,883 - inference_perf.datagen.replay.replay_graph_session_datagen - INFO - Event wekatrace10_0b4a56f22f01dc235b7ce1cc3aeabd6943e8:event_230_parent_turn_106 skipping — predecessor failed
2026-09-03 16:23:42,883 - inference_perf.datagen.replay.replay_graph_session_datagen - INFO - Event wekatrace10_0b4a56f22f01dc235b7ce1cc3aeabd6943e8:event_168_sa_subagent_005_59c63173_s0_turn_5 skipping — predecessor failed
2026-09-03 16:23:42,884 - inference_perf.datagen.replay.replay_graph_session_datagen - INFO - Event wekatrace10_0b4a56f22f01dc235b7ce1cc3aeabd6943e8:event_231_parent_turn_107 skipping — predecessor failed
2026-09-03 16:23:42,884 - inference_perf.datagen.replay.replay_graph_session_datagen - INFO - Event wekatrace10_0b4a56f22f01dc235b7ce1cc3aeabd6943e8:event_169_sa_subagent_005_59c63173_s0_turn_6 skipping — predecessor failed
2026-09-03 16:23:42,884 - inference_perf.datagen.replay.replay_graph_session_datagen - INFO - Event wekatrace10_0b4a56f22f01dc235b7ce1cc3aeabd6943e8:event_232_parent_turn_108 skipping — predecessor failed
2026-09-03 16:23:42,884 - inference_perf.datagen.replay.replay_graph_session_datagen - INFO - Event wekatrace10_0b4a56f22f01dc235b7ce1cc3aeabd6943e8:event_170_sa_subagent_005_59c63173_s0_turn_7 skipping — predecessor failed
2026-09-03 16:23:42,884 - inference_perf.datagen.replay.replay_graph_session_datagen - INFO - Event wekatrace10_0b4a56f22f01dc235b7ce1cc3aeabd6943e8:event_233_parent_turn_109 skipping — predecessor failed
2026-09-03 16:23:42,885 - inference_perf.datagen.replay.replay_graph_session_datagen - INFO - Event wekatrace10_0b4a56f22f01dc235b7ce1cc3aeabd6943e8:event_171_sa_subagent_005_59c63173_s0_turn_8 skipping — predecessor failed
2026-09-03 16:23:42,885 - inference_perf.datagen.replay.replay_graph_session_datagen - INFO - Event wekatrace10_0b4a56f22f01dc235b7ce1cc3aeabd6943e8:event_234_parent_turn_110 skipping — predecessor failed
2026-09-03 16:23:42,885 - inference_perf.datagen.replay.replay_graph_session_datagen - INFO - Event wekatrace10_0b4a56f22f01dc235b7ce1cc3aeabd6943e8:event_172_sa_subagent_005_59c63173_s0_turn_9 skipping — predecessor failed
2026-09-03 16:23:42,885 - inference_perf.datagen.replay.replay_graph_session_datagen - INFO - Event wekatrace10_0b4a56f22f01dc235b7ce1cc3aeabd6943e8:event_235_sa_subagent_006_30a5a208_s0_turn_0 skipping — predecessor failed
2026-09-03 16:23:42,885 - inference_perf.datagen.replay.replay_graph_session_datagen - INFO - Event wekatrace10_0b4a56f22f01dc235b7ce1cc3aeabd6943e8:event_261_parent_turn_111 skipping — predecessor failed
2026-09-03 16:23:42,886 - inference_perf.datagen.replay.replay_graph_session_datagen - INFO - Event wekatrace10_0b4a56f22f01dc235b7ce1cc3aeabd6943e8:event_173_sa_subagent_005_59c63173_s0_turn_10 skipping — predecessor failed
2026-09-03 16:23:42,886 - inference_perf.datagen.replay.replay_graph_session_datagen - INFO - Event wekatrace10_0b4a56f22f01dc235b7ce1cc3aeabd6943e8:event_236_sa_subagent_006_30a5a208_s0_turn_1 skipping — predecessor failed
2026-09-03 16:23:42,886 - inference_perf.datagen.replay.replay_graph_session_datagen - INFO - Event wekatrace10_0b4a56f22f01dc235b7ce1cc3aeabd6943e8:event_262_parent_turn_112 skipping — predecessor failed
2026-09-03 16:23:42,886 - inference_perf.datagen.replay.replay_graph_session_datagen - INFO - Event wekatrace10_0b4a56f22f01dc235b7ce1cc3aeabd6943e8:event_174_sa_subagent_005_59c63173_s0_turn_11 skipping — predecessor failed
2026-09-03 16:23:42,886 - inference_perf.datagen.replay.replay_graph_session_datagen - INFO - Event wekatrace10_0b4a56f22f01dc235b7ce1cc3aeabd6943e8:event_237_sa_subagent_006_30a5a208_s0_turn_2 skipping — predecessor failed
2026-09-03 16:23:42,887 - inference_perf.datagen.replay.replay_graph_session_datagen - INFO - Event wekatrace10_0b4a56f22f01dc235b7ce1cc3aeabd6943e8:event_263_parent_turn_113 skipping — predecessor failed
2026-09-03 16:23:42,887 - inference_perf.datagen.replay.replay_graph_session_datagen - INFO - Event wekatrace10_0b4a56f22f01dc235b7ce1cc3aeabd6943e8:event_175_sa_subagent_005_59c63173_s0_turn_12 skipping — predecessor failed
2026-09-03 16:23:42,887 - inference_perf.datagen.replay.replay_graph_session_datagen - INFO - Event wekatrace10_0b4a56f22f01dc235b7ce1cc3aeabd6943e8:event_238_sa_subagent_006_30a5a208_s0_turn_3 skipping — predecessor failed
2026-09-03 16:23:42,887 - inference_perf.datagen.replay.replay_graph_session_datagen - INFO - Event wekatrace10_0b4a56f22f01dc235b7ce1cc3aeabd6943e8:event_264_parent_turn_114 skipping — predecessor failed
2026-09-03 16:23:42,887 - inference_perf.datagen.replay.replay_graph_session_datagen - INFO - Event wekatrace10_0b4a56f22f01dc235b7ce1cc3aeabd6943e8:event_176_sa_subagent_005_59c63173_s0_turn_13 skipping — predecessor failed
2026-09-03 16:23:42,887 - inference_perf.datagen.replay.replay_graph_session_datagen - INFO - Event wekatrace10_0b4a56f22f01dc235b7ce1cc3aeabd6943e8:event_239_sa_subagent_006_30a5a208_s0_turn_4 skipping — predecessor failed
2026-09-03 16:23:42,888 - inference_perf.datagen.replay.replay_graph_session_datagen - INFO - Event wekatrace10_0b4a56f22f01dc235b7ce1cc3aeabd6943e8:event_265_parent_turn_115 skipping — predecessor failed
2026-09-03 16:23:42,888 - inference_perf.datagen.replay.replay_graph_session_datagen - INFO - Event wekatrace10_0b4a56f22f01dc235b7ce1cc3aeabd6943e8:event_240_sa_subagent_006_30a5a208_s0_turn_5 skipping — predecessor failed
2026-09-03 16:23:42,888 - inference_perf.datagen.replay.replay_graph_session_datagen - INFO - Event wekatrace10_0b4a56f22f01dc235b7ce1cc3aeabd6943e8:event_266_parent_turn_116 skipping — predecessor failed
2026-09-03 16:23:42,888 - inference_perf.datagen.replay.replay_graph_session_datagen - INFO - Event wekatrace10_0b4a56f22f01dc235b7ce1cc3aeabd6943e8:event_241_sa_subagent_006_30a5a208_s0_turn_6 skipping — predecessor failed
2026-09-03 16:23:42,888 - inference_perf.datagen.replay.replay_graph_session_datagen - INFO - Event wekatrace10_0b4a56f22f01dc235b7ce1cc3aeabd6943e8:event_267_parent_turn_117 skipping — predecessor failed
2026-09-03 16:23:42,889 - inference_perf.datagen.replay.replay_graph_session_datagen - INFO - Event wekatrace10_0b4a56f22f01dc235b7ce1cc3aeabd6943e8:event_268_parent_turn_118 skipping — predecessor failed
2026-09-03 16:23:42,889 - inference_perf.datagen.replay.replay_graph_session_datagen - INFO - Event wekatrace10_0b4a56f22f01dc235b7ce1cc3aeabd6943e8:event_242_sa_subagent_006_30a5a208_s0_turn_7 skipping — predecessor failed
2026-09-03 16:23:42,889 - inference_perf.datagen.replay.replay_graph_session_datagen - INFO - Event wekatrace10_0b4a56f22f01dc235b7ce1cc3aeabd6943e8:event_269_parent_turn_119 skipping — predecessor failed
2026-09-03 16:23:42,889 - inference_perf.datagen.replay.replay_graph_session_datagen - INFO - Event wekatrace10_0b4a56f22f01dc235b7ce1cc3aeabd6943e8:event_243_sa_subagent_006_30a5a208_s0_turn_8 skipping — predecessor failed
2026-09-03 16:23:42,890 - inference_perf.datagen.replay.replay_graph_session_datagen - INFO - Event wekatrace10_0b4a56f22f01dc235b7ce1cc3aeabd6943e8:event_270_parent_turn_120 skipping — predecessor failed
2026-09-03 16:23:42,890 - inference_perf.datagen.replay.replay_graph_session_datagen - INFO - Event wekatrace10_0b4a56f22f01dc235b7ce1cc3aeabd6943e8:event_244_sa_subagent_006_30a5a208_s0_turn_9 skipping — predecessor failed
2026-09-03 16:23:42,890 - inference_perf.datagen.replay.replay_graph_session_datagen - INFO - Event wekatrace10_0b4a56f22f01dc235b7ce1cc3aeabd6943e8:event_271_parent_turn_121 skipping — predecessor failed
2026-09-03 16:23:42,890 - inference_perf.datagen.replay.replay_graph_session_datagen - INFO - Event wekatrace10_0b4a56f22f01dc235b7ce1cc3aeabd6943e8:event_245_sa_subagent_006_30a5a208_s0_turn_10 skipping — predecessor failed
2026-09-03 16:23:42,890 - inference_perf.datagen.replay.replay_graph_session_datagen - INFO - Event wekatrace10_0b4a56f22f01dc235b7ce1cc3aeabd6943e8:event_272_parent_turn_122 skipping — predecessor failed
2026-09-03 16:23:42,890 - inference_perf.datagen.replay.replay_graph_session_datagen - INFO - Event wekatrace10_0b4a56f22f01dc235b7ce1cc3aeabd6943e8:event_246_sa_subagent_006_30a5a208_s0_turn_11 skipping — predecessor failed
2026-09-03 16:23:42,890 - inference_perf.datagen.replay.replay_graph_session_datagen - INFO - Event wekatrace10_0b4a56f22f01dc235b7ce1cc3aeabd6943e8:event_273_parent_turn_123 skipping — predecessor failed
2026-09-03 16:23:42,890 - inference_perf.datagen.replay.replay_graph_session_datagen - INFO - Event wekatrace10_0b4a56f22f01dc235b7ce1cc3aeabd6943e8:event_247_sa_subagent_006_30a5a208_s0_turn_12 skipping — predecessor failed
2026-09-03 16:23:42,891 - inference_perf.datagen.replay.replay_graph_session_datagen - INFO - Event wekatrace10_0b4a56f22f01dc235b7ce1cc3aeabd6943e8:event_274_parent_turn_124 skipping — predecessor failed
2026-09-03 16:23:42,891 - inference_perf.datagen.replay.replay_graph_session_datagen - INFO - Event wekatrace10_0b4a56f22f01dc235b7ce1cc3aeabd6943e8:event_248_sa_subagent_006_30a5a208_s0_turn_13 skipping — predecessor failed
2026-09-03 16:23:42,891 - inference_perf.datagen.replay.replay_graph_session_datagen - INFO - Event wekatrace10_0b4a56f22f01dc235b7ce1cc3aeabd6943e8:event_275_parent_turn_125 skipping — predecessor failed
2026-09-03 16:23:42,891 - inference_perf.datagen.replay.replay_graph_session_datagen - INFO - Event wekatrace10_0b4a56f22f01dc235b7ce1cc3aeabd6943e8:event_249_sa_subagent_006_30a5a208_s0_turn_14 skipping — predecessor failed
2026-09-03 16:23:42,891 - inference_perf.datagen.replay.replay_graph_session_datagen - INFO - Event wekatrace10_0b4a56f22f01dc235b7ce1cc3aeabd6943e8:event_276_parent_turn_126 skipping — predecessor failed
2026-09-03 16:23:42,891 - inference_perf.datagen.replay.replay_graph_session_datagen - INFO - Event wekatrace10_0b4a56f22f01dc235b7ce1cc3aeabd6943e8:event_250_sa_subagent_006_30a5a208_s0_turn_15 skipping — predecessor failed
2026-09-03 16:23:42,891 - inference_perf.datagen.replay.replay_graph_session_datagen - INFO - Event wekatrace10_0b4a56f22f01dc235b7ce1cc3aeabd6943e8:event_251_sa_subagent_007_0158b938_s0_turn_0 skipping — predecessor failed
2026-09-03 16:23:42,891 - inference_perf.datagen.replay.replay_graph_session_datagen - INFO - Event wekatrace10_0b4a56f22f01dc235b7ce1cc3aeabd6943e8:event_277_parent_turn_127 skipping — predecessor failed
2026-09-03 16:23:42,892 - inference_perf.datagen.replay.replay_graph_session_datagen - INFO - Event wekatrace10_0b4a56f22f01dc235b7ce1cc3aeabd6943e8:event_252_sa_subagent_007_0158b938_s0_turn_1 skipping — predecessor failed
2026-09-03 16:23:42,892 - inference_perf.datagen.replay.replay_graph_session_datagen - INFO - Event wekatrace10_0b4a56f22f01dc235b7ce1cc3aeabd6943e8:event_278_parent_turn_128 skipping — predecessor failed
2026-09-03 16:23:42,892 - inference_perf.datagen.replay.replay_graph_session_datagen - INFO - Event wekatrace10_0b4a56f22f01dc235b7ce1cc3aeabd6943e8:event_253_sa_subagent_007_0158b938_s0_turn_2 skipping — predecessor failed
2026-09-03 16:23:42,892 - inference_perf.datagen.replay.replay_graph_session_datagen - INFO - Event wekatrace10_0b4a56f22f01dc235b7ce1cc3aeabd6943e8:event_279_parent_turn_129 skipping — predecessor failed
2026-09-03 16:23:42,892 - inference_perf.datagen.replay.replay_graph_session_datagen - INFO - Event wekatrace10_0b4a56f22f01dc235b7ce1cc3aeabd6943e8:event_254_sa_subagent_007_0158b938_s0_turn_3 skipping — predecessor failed
2026-09-03 16:23:42,893 - inference_perf.datagen.replay.replay_graph_session_datagen - INFO - Event wekatrace10_0b4a56f22f01dc235b7ce1cc3aeabd6943e8:event_280_parent_turn_130 skipping — predecessor failed
2026-09-03 16:23:42,893 - inference_perf.datagen.replay.replay_graph_session_datagen - INFO - Event wekatrace10_0b4a56f22f01dc235b7ce1cc3aeabd6943e8:event_255_sa_subagent_007_0158b938_s0_turn_4 skipping — predecessor failed
2026-09-03 16:23:42,893 - inference_perf.datagen.replay.replay_graph_session_datagen - INFO - Event wekatrace10_0b4a56f22f01dc235b7ce1cc3aeabd6943e8:event_281_parent_turn_131 skipping — predecessor failed
2026-09-03 16:23:42,893 - inference_perf.datagen.replay.replay_graph_session_datagen - INFO - Event wekatrace10_0b4a56f22f01dc235b7ce1cc3aeabd6943e8:event_256_sa_subagent_007_0158b938_s0_turn_5 skipping — predecessor failed
2026-09-03 16:23:42,893 - inference_perf.datagen.replay.replay_graph_session_datagen - INFO - Event wekatrace10_0b4a56f22f01dc235b7ce1cc3aeabd6943e8:event_282_parent_turn_132 skipping — predecessor failed
2026-09-03 16:23:42,893 - inference_perf.datagen.replay.replay_graph_session_datagen - INFO - Event wekatrace10_0b4a56f22f01dc235b7ce1cc3aeabd6943e8:event_257_sa_subagent_007_0158b938_s0_turn_6 skipping — predecessor failed
2026-09-03 16:23:42,893 - inference_perf.datagen.replay.replay_graph_session_datagen - INFO - Event wekatrace10_0b4a56f22f01dc235b7ce1cc3aeabd6943e8:event_283_parent_turn_133 skipping — predecessor failed
2026-09-03 16:23:42,893 - inference_perf.datagen.replay.replay_graph_session_datagen - INFO - Event wekatrace10_0b4a56f22f01dc235b7ce1cc3aeabd6943e8:event_284_parent_turn_134 skipping — predecessor failed
2026-09-03 16:23:42,894 - inference_perf.datagen.replay.replay_graph_session_datagen - INFO - Event wekatrace10_0b4a56f22f01dc235b7ce1cc3aeabd6943e8:event_258_sa_subagent_007_0158b938_s0_turn_7 skipping — predecessor failed
2026-09-03 16:23:42,894 - inference_perf.datagen.replay.replay_graph_session_datagen - INFO - Event wekatrace10_0b4a56f22f01dc235b7ce1cc3aeabd6943e8:event_285_parent_turn_135 skipping — predecessor failed
2026-09-03 16:23:42,894 - inference_perf.datagen.replay.replay_graph_session_datagen - INFO - Event wekatrace10_0b4a56f22f01dc235b7ce1cc3aeabd6943e8:event_259_sa_subagent_007_0158b938_s0_turn_8 skipping — predecessor failed
2026-09-03 16:23:42,894 - inference_perf.datagen.replay.replay_graph_session_datagen - INFO - Event wekatrace10_0b4a56f22f01dc235b7ce1cc3aeabd6943e8:event_286_parent_turn_136 skipping — predecessor failed
2026-09-03 16:23:42,894 - inference_perf.datagen.replay.replay_graph_session_datagen - INFO - Event wekatrace10_0b4a56f22f01dc235b7ce1cc3aeabd6943e8:event_260_sa_subagent_007_0158b938_s0_turn_9 skipping — predecessor failed
2026-09-03 16:23:42,895 - inference_perf.datagen.replay.replay_graph_session_datagen - INFO - Event wekatrace10_0b4a56f22f01dc235b7ce1cc3aeabd6943e8:event_287_parent_turn_137 skipping — predecessor failed
2026-09-03 16:23:42,895 - inference_perf.datagen.replay.replay_graph_session_datagen - INFO - Event wekatrace10_0b4a56f22f01dc235b7ce1cc3aeabd6943e8:event_288_parent_turn_138 skipping — predecessor failed
2026-09-03 16:23:42,895 - inference_perf.datagen.replay.replay_graph_session_datagen - INFO - Event wekatrace10_0b4a56f22f01dc235b7ce1cc3aeabd6943e8:event_289_parent_turn_139 skipping — predecessor failed
2026-09-03 16:23:42,895 - inference_perf.datagen.replay.replay_graph_session_datagen - INFO - Event wekatrace10_0b4a56f22f01dc235b7ce1cc3aeabd6943e8:event_290_parent_turn_140 skipping — predecessor failed
2026-09-03 16:23:42,895 - inference_perf.datagen.replay.replay_graph_session_datagen - INFO - Event wekatrace10_0b4a56f22f01dc235b7ce1cc3aeabd6943e8:event_291_parent_turn_141 skipping — predecessor failed
2026-09-03 16:23:42,896 - inference_perf.datagen.replay.replay_graph_session_datagen - INFO - Event wekatrace10_0b4a56f22f01dc235b7ce1cc3aeabd6943e8:event_292_parent_turn_142 skipping — predecessor failed
2026-09-03 16:23:42,896 - inference_perf.datagen.replay.replay_graph_session_datagen - INFO - Event wekatrace10_0b4a56f22f01dc235b7ce1cc3aeabd6943e8:event_293_parent_turn_143 skipping — predecessor failed
2026-09-03 16:23:42,896 - inference_perf.datagen.replay.replay_graph_session_datagen - INFO - Event wekatrace10_0b4a56f22f01dc235b7ce1cc3aeabd6943e8:event_294_parent_turn_144 skipping — predecessor failed
2026-09-03 16:23:42,896 - inference_perf.datagen.replay.replay_graph_session_datagen - INFO - Event wekatrace10_0b4a56f22f01dc235b7ce1cc3aeabd6943e8:event_295_parent_turn_145 skipping — predecessor failed
2026-09-03 16:23:42,896 - inference_perf.datagen.replay.replay_graph_session_datagen - INFO - Event wekatrace10_0b4a56f22f01dc235b7ce1cc3aeabd6943e8:event_296_parent_turn_146 skipping — predecessor failed
2026-09-03 16:23:42,896 - inference_perf.datagen.replay.replay_graph_session_datagen - INFO - Event wekatrace10_0b4a56f22f01dc235b7ce1cc3aeabd6943e8:event_297_parent_turn_147 skipping — predecessor failed
2026-09-03 16:23:42,896 - inference_perf.datagen.replay.replay_graph_session_datagen - INFO - Event wekatrace10_0b4a56f22f01dc235b7ce1cc3aeabd6943e8:event_298_parent_turn_148 skipping — predecessor failed
2026-09-03 16:23:42,897 - inference_perf.datagen.replay.replay_graph_session_datagen - INFO - Event wekatrace10_0b4a56f22f01dc235b7ce1cc3aeabd6943e8:event_299_parent_turn_149 skipping — predecessor failed
2026-09-03 16:23:42,897 - inference_perf.datagen.replay.replay_graph_session_datagen - INFO - Event wekatrace10_0b4a56f22f01dc235b7ce1cc3aeabd6943e8:event_300_parent_turn_150 skipping — predecessor failed
2026-09-03 16:23:42,897 - inference_perf.datagen.replay.replay_graph_session_datagen - INFO - Event wekatrace10_0b4a56f22f01dc235b7ce1cc3aeabd6943e8:event_301_parent_turn_151 skipping — predecessor failed
2026-09-03 16:23:42,897 - inference_perf.datagen.replay.replay_graph_session_datagen - INFO - Event wekatrace10_0b4a56f22f01dc235b7ce1cc3aeabd6943e8:event_302_parent_turn_152 skipping — predecessor failed
2026-09-03 16:23:42,897 - inference_perf.datagen.replay.replay_graph_session_datagen - INFO - Event wekatrace10_0b4a56f22f01dc235b7ce1cc3aeabd6943e8:event_303_parent_turn_153 skipping — predecessor failed
2026-09-03 16:23:42,897 - inference_perf.datagen.replay.replay_graph_session_datagen - INFO - Event wekatrace10_0b4a56f22f01dc235b7ce1cc3aeabd6943e8:event_304_parent_turn_154 skipping — predecessor failed
2026-09-03 16:23:42,897 - inference_perf.datagen.replay.replay_graph_session_datagen - INFO - Event wekatrace10_0b4a56f22f01dc235b7ce1cc3aeabd6943e8:event_305_parent_turn_155 skipping — predecessor failed
2026-09-03 16:23:42,897 - inference_perf.datagen.replay.replay_graph_session_datagen - INFO - Event wekatrace10_0b4a56f22f01dc235b7ce1cc3aeabd6943e8:event_306_parent_turn_156 skipping — predecessor failed
2026-09-03 16:23:42,898 - inference_perf.datagen.replay.replay_graph_session_datagen - INFO - Event wekatrace10_0b4a56f22f01dc235b7ce1cc3aeabd6943e8:event_307_parent_turn_157 skipping — predecessor failed
2026-09-03 16:23:42,898 - inference_perf.datagen.replay.replay_graph_session_datagen - INFO - Event wekatrace10_0b4a56f22f01dc235b7ce1cc3aeabd6943e8:event_308_parent_turn_158 skipping — predecessor failed
2026-09-03 16:23:42,898 - inference_perf.datagen.replay.replay_graph_session_datagen - INFO - Event wekatrace10_0b4a56f22f01dc235b7ce1cc3aeabd6943e8:event_309_parent_turn_159 skipping — predecessor failed
2026-09-03 16:23:42,898 - inference_perf.datagen.replay.replay_graph_session_datagen - INFO - Event wekatrace10_0b4a56f22f01dc235b7ce1cc3aeabd6943e8:event_310_parent_turn_160 skipping — predecessor failed
2026-09-03 16:23:42,898 - inference_perf.datagen.replay.replay_graph_session_datagen - INFO - Event wekatrace10_0b4a56f22f01dc235b7ce1cc3aeabd6943e8:event_311_parent_turn_161 skipping — predecessor failed
2026-09-03 16:23:42,898 - inference_perf.datagen.replay.replay_graph_session_datagen - INFO - Event wekatrace10_0b4a56f22f01dc235b7ce1cc3aeabd6943e8:event_312_parent_turn_162 skipping — predecessor failed
2026-09-03 16:23:42,898 - inference_perf.datagen.replay.replay_graph_session_datagen - INFO - Event wekatrace10_0b4a56f22f01dc235b7ce1cc3aeabd6943e8:event_313_parent_turn_163 skipping — predecessor failed
2026-09-03 16:23:42,899 - inference_perf.datagen.replay.replay_graph_session_datagen - INFO - Event wekatrace10_0b4a56f22f01dc235b7ce1cc3aeabd6943e8:event_314_parent_turn_164 skipping — predecessor failed
2026-09-03 16:23:42,899 - inference_perf.datagen.replay.replay_graph_session_datagen - INFO - Event wekatrace10_0b4a56f22f01dc235b7ce1cc3aeabd6943e8:event_315_parent_turn_165 skipping — predecessor failed
2026-09-03 16:23:42,899 - inference_perf.datagen.replay.replay_graph_session_datagen - INFO - Event wekatrace10_0b4a56f22f01dc235b7ce1cc3aeabd6943e8:event_316_parent_turn_166 skipping — predecessor failed
2026-09-03 16:23:42,899 - inference_perf.datagen.replay.replay_graph_session_datagen - INFO - Event wekatrace10_0b4a56f22f01dc235b7ce1cc3aeabd6943e8:event_317_parent_turn_167 skipping — predecessor failed
2026-09-03 16:23:42,899 - inference_perf.datagen.replay.replay_graph_session_datagen - INFO - Event wekatrace10_0b4a56f22f01dc235b7ce1cc3aeabd6943e8:event_318_parent_turn_168 skipping — predecessor failed
2026-09-03 16:23:42,900 - inference_perf.datagen.replay.replay_graph_session_datagen - INFO - Event wekatrace10_0b4a56f22f01dc235b7ce1cc3aeabd6943e8:event_319_parent_turn_169 skipping — predecessor failed
2026-09-03 16:23:42,900 - inference_perf.datagen.replay.replay_graph_session_datagen - INFO - Event wekatrace10_0b4a56f22f01dc235b7ce1cc3aeabd6943e8:event_320_parent_turn_170 skipping — predecessor failed
2026-09-03 16:23:42,900 - inference_perf.datagen.replay.replay_graph_session_datagen - INFO - Event wekatrace10_0b4a56f22f01dc235b7ce1cc3aeabd6943e8:event_321_parent_turn_171 skipping — predecessor failed
2026-09-03 16:23:42,900 - inference_perf.datagen.replay.replay_graph_session_datagen - INFO - Event wekatrace10_0b4a56f22f01dc235b7ce1cc3aeabd6943e8:event_322_parent_turn_172 skipping — predecessor failed
2026-09-03 16:23:42,900 - inference_perf.datagen.replay.replay_graph_session_datagen - INFO - Event wekatrace10_0b4a56f22f01dc235b7ce1cc3aeabd6943e8:event_323_parent_turn_173 skipping — predecessor failed
2026-09-03 16:23:42,900 - inference_perf.datagen.replay.replay_graph_session_datagen - INFO - Event wekatrace10_0b4a56f22f01dc235b7ce1cc3aeabd6943e8:event_324_parent_turn_174 skipping — predecessor failed
2026-09-03 16:23:42,901 - inference_perf.datagen.replay.replay_graph_session_datagen - INFO - Event wekatrace10_0b4a56f22f01dc235b7ce1cc3aeabd6943e8:event_325_parent_turn_175 skipping — predecessor failed
2026-09-03 16:23:42,901 - inference_perf.datagen.replay.replay_graph_session_datagen - INFO - Event wekatrace10_0b4a56f22f01dc235b7ce1cc3aeabd6943e8:event_326_parent_turn_176 skipping — predecessor failed
2026-09-03 16:23:42,901 - inference_perf.datagen.replay.replay_graph_session_datagen - INFO - Event wekatrace10_0b4a56f22f01dc235b7ce1cc3aeabd6943e8:event_327_parent_turn_177 skipping — predecessor failed
2026-09-03 16:23:42,901 - inference_perf.datagen.replay.replay_graph_session_datagen - INFO - Event wekatrace10_0b4a56f22f01dc235b7ce1cc3aeabd6943e8:event_328_parent_turn_178 skipping — predecessor failed
2026-09-03 16:23:42,901 - inference_perf.datagen.replay.replay_graph_session_datagen - INFO - Event wekatrace10_0b4a56f22f01dc235b7ce1cc3aeabd6943e8:event_329_parent_turn_179 skipping — predecessor failed
2026-09-03 16:23:42,902 - inference_perf.datagen.replay.replay_graph_session_datagen - INFO - Event wekatrace10_0b4a56f22f01dc235b7ce1cc3aeabd6943e8:event_330_parent_turn_180 skipping — predecessor failed
2026-09-03 16:23:42,902 - inference_perf.datagen.replay.replay_graph_session_datagen - INFO - Event wekatrace10_0b4a56f22f01dc235b7ce1cc3aeabd6943e8:event_331_parent_turn_181 skipping — predecessor failed
2026-09-03 16:23:42,902 - inference_perf.datagen.replay.replay_graph_session_datagen - INFO - Event wekatrace10_0b4a56f22f01dc235b7ce1cc3aeabd6943e8:event_332_parent_turn_182 skipping — predecessor failed
2026-09-03 16:23:42,902 - inference_perf.datagen.replay.replay_graph_session_datagen - INFO - Event wekatrace10_0b4a56f22f01dc235b7ce1cc3aeabd6943e8:event_333_parent_turn_183 skipping — predecessor failed
2026-09-03 16:23:42,902 - inference_perf.datagen.replay.replay_graph_session_datagen - INFO - Event wekatrace10_0b4a56f22f01dc235b7ce1cc3aeabd6943e8:event_334_parent_turn_184 skipping — predecessor failed
2026-09-03 16:23:42,902 - inference_perf.datagen.replay.replay_graph_session_datagen - INFO - Event wekatrace10_0b4a56f22f01dc235b7ce1cc3aeabd6943e8:event_335_parent_turn_185 skipping — predecessor failed
2026-09-03 16:23:42,903 - inference_perf.datagen.replay.replay_graph_session_datagen - INFO - Event wekatrace10_0b4a56f22f01dc235b7ce1cc3aeabd6943e8:event_336_parent_turn_186 skipping — predecessor failed
2026-09-03 16:23:42,903 - inference_perf.datagen.replay.replay_graph_session_datagen - INFO - Event wekatrace10_0b4a56f22f01dc235b7ce1cc3aeabd6943e8:event_337_parent_turn_187 skipping — predecessor failed
2026-09-03 16:23:42,903 - inference_perf.datagen.replay.replay_graph_session_datagen - INFO - Event wekatrace10_0b4a56f22f01dc235b7ce1cc3aeabd6943e8:event_338_parent_turn_188 skipping — predecessor failed
2026-09-03 16:23:42,903 - inference_perf.datagen.replay.replay_graph_session_datagen - INFO - Event wekatrace10_0b4a56f22f01dc235b7ce1cc3aeabd6943e8:event_339_parent_turn_189 skipping — predecessor failed
2026-09-03 16:23:42,903 - inference_perf.datagen.replay.replay_graph_session_datagen - INFO - Event wekatrace10_0b4a56f22f01dc235b7ce1cc3aeabd6943e8:event_340_parent_turn_190 skipping — predecessor failed
2026-09-03 16:23:42,904 - inference_perf.datagen.replay.replay_graph_session_datagen - INFO - Event wekatrace10_0b4a56f22f01dc235b7ce1cc3aeabd6943e8:event_341_parent_turn_191 skipping — predecessor failed
2026-09-03 16:23:42,904 - inference_perf.datagen.replay.replay_graph_session_datagen - INFO - Event wekatrace10_0b4a56f22f01dc235b7ce1cc3aeabd6943e8:event_342_parent_turn_192 skipping — predecessor failed
2026-09-03 16:23:42,904 - inference_perf.datagen.replay.replay_graph_session_datagen - INFO - Event wekatrace10_0b4a56f22f01dc235b7ce1cc3aeabd6943e8:event_343_parent_turn_193 skipping — predecessor failed
2026-09-03 16:23:42,904 - inference_perf.datagen.replay.replay_graph_session_datagen - INFO - Event wekatrace10_0b4a56f22f01dc235b7ce1cc3aeabd6943e8:event_344_parent_turn_194 skipping — predecessor failed
2026-09-03 16:23:42,904 - inference_perf.datagen.replay.replay_graph_session_datagen - INFO - Event wekatrace10_0b4a56f22f01dc235b7ce1cc3aeabd6943e8:event_345_sa_subagent_008_fed3562b_s0_turn_0 skipping — predecessor failed
2026-09-03 16:23:42,905 - inference_perf.datagen.replay.replay_graph_session_datagen - INFO - Event wekatrace10_0b4a56f22f01dc235b7ce1cc3aeabd6943e8:event_368_parent_turn_195 skipping — predecessor failed
2026-09-03 16:23:42,905 - inference_perf.datagen.replay.replay_graph_session_datagen - INFO - Event wekatrace10_0b4a56f22f01dc235b7ce1cc3aeabd6943e8:event_346_sa_subagent_008_fed3562b_s0_turn_1 skipping — predecessor failed
2026-09-03 16:23:42,905 - inference_perf.datagen.replay.replay_graph_session_datagen - INFO - Event wekatrace10_0b4a56f22f01dc235b7ce1cc3aeabd6943e8:event_369_parent_turn_196 skipping — predecessor failed
2026-09-03 16:23:42,905 - inference_perf.datagen.replay.replay_graph_session_datagen - INFO - Event wekatrace10_0b4a56f22f01dc235b7ce1cc3aeabd6943e8:event_370_parent_turn_197 skipping — predecessor failed
2026-09-03 16:23:42,905 - inference_perf.datagen.replay.replay_graph_session_datagen - INFO - Event wekatrace10_0b4a56f22f01dc235b7ce1cc3aeabd6943e8:event_347_sa_subagent_008_fed3562b_s0_turn_2 skipping — predecessor failed
2026-09-03 16:23:42,906 - inference_perf.datagen.replay.replay_graph_session_datagen - INFO - Event wekatrace10_0b4a56f22f01dc235b7ce1cc3aeabd6943e8:event_371_parent_turn_198 skipping — predecessor failed
2026-09-03 16:23:42,906 - inference_perf.datagen.replay.replay_graph_session_datagen - INFO - Event wekatrace10_0b4a56f22f01dc235b7ce1cc3aeabd6943e8:event_348_sa_subagent_008_fed3562b_s0_turn_3 skipping — predecessor failed
2026-09-03 16:23:42,906 - inference_perf.datagen.replay.replay_graph_session_datagen - INFO - Event wekatrace10_0b4a56f22f01dc235b7ce1cc3aeabd6943e8:event_372_parent_turn_199 skipping — predecessor failed
2026-09-03 16:23:42,906 - inference_perf.datagen.replay.replay_graph_session_datagen - INFO - Event wekatrace10_0b4a56f22f01dc235b7ce1cc3aeabd6943e8:event_349_sa_subagent_008_fed3562b_s0_turn_4 skipping — predecessor failed
2026-09-03 16:23:42,906 - inference_perf.datagen.replay.replay_graph_session_datagen - INFO - Event wekatrace10_0b4a56f22f01dc235b7ce1cc3aeabd6943e8:event_373_parent_turn_200 skipping — predecessor failed
2026-09-03 16:23:42,907 - inference_perf.datagen.replay.replay_graph_session_datagen - INFO - Event wekatrace10_0b4a56f22f01dc235b7ce1cc3aeabd6943e8:event_350_sa_subagent_008_fed3562b_s0_turn_5 skipping — predecessor failed
2026-09-03 16:23:42,907 - inference_perf.datagen.replay.replay_graph_session_datagen - INFO - Event wekatrace10_0b4a56f22f01dc235b7ce1cc3aeabd6943e8:event_374_parent_turn_201 skipping — predecessor failed
2026-09-03 16:23:42,907 - inference_perf.datagen.replay.replay_graph_session_datagen - INFO - Event wekatrace10_0b4a56f22f01dc235b7ce1cc3aeabd6943e8:event_351_sa_subagent_008_fed3562b_s0_turn_6 skipping — predecessor failed
2026-09-03 16:23:42,907 - inference_perf.datagen.replay.replay_graph_session_datagen - INFO - Event wekatrace10_0b4a56f22f01dc235b7ce1cc3aeabd6943e8:event_375_parent_turn_202 skipping — predecessor failed
2026-09-03 16:23:42,907 - inference_perf.datagen.replay.replay_graph_session_datagen - INFO - Event wekatrace10_0b4a56f22f01dc235b7ce1cc3aeabd6943e8:event_352_sa_subagent_008_fed3562b_s0_turn_7 skipping — predecessor failed
2026-09-03 16:23:42,907 - inference_perf.datagen.replay.replay_graph_session_datagen - INFO - Event wekatrace10_0b4a56f22f01dc235b7ce1cc3aeabd6943e8:event_376_parent_turn_203 skipping — predecessor failed
2026-09-03 16:23:42,908 - inference_perf.datagen.replay.replay_graph_session_datagen - INFO - Event wekatrace10_0b4a56f22f01dc235b7ce1cc3aeabd6943e8:event_353_sa_subagent_008_fed3562b_s0_turn_8 skipping — predecessor failed
2026-09-03 16:23:42,908 - inference_perf.datagen.replay.replay_graph_session_datagen - INFO - Event wekatrace10_0b4a56f22f01dc235b7ce1cc3aeabd6943e8:event_377_parent_turn_204 skipping — predecessor failed
2026-09-03 16:23:42,908 - inference_perf.datagen.replay.replay_graph_session_datagen - INFO - Event wekatrace10_0b4a56f22f01dc235b7ce1cc3aeabd6943e8:event_378_parent_turn_205 skipping — predecessor failed
2026-09-03 16:23:42,908 - inference_perf.datagen.replay.replay_graph_session_datagen - INFO - Event wekatrace10_0b4a56f22f01dc235b7ce1cc3aeabd6943e8:event_354_sa_subagent_008_fed3562b_s0_turn_9 skipping — predecessor failed
2026-09-03 16:23:42,908 - inference_perf.datagen.replay.replay_graph_session_datagen - INFO - Event wekatrace10_0b4a56f22f01dc235b7ce1cc3aeabd6943e8:event_379_parent_turn_206 skipping — predecessor failed
2026-09-03 16:23:42,909 - inference_perf.datagen.replay.replay_graph_session_datagen - INFO - Event wekatrace10_0b4a56f22f01dc235b7ce1cc3aeabd6943e8:event_355_sa_subagent_008_fed3562b_s0_turn_10 skipping — predecessor failed
2026-09-03 16:23:42,909 - inference_perf.datagen.replay.replay_graph_session_datagen - INFO - Event wekatrace10_0b4a56f22f01dc235b7ce1cc3aeabd6943e8:event_380_parent_turn_207 skipping — predecessor failed
2026-09-03 16:23:42,909 - inference_perf.datagen.replay.replay_graph_session_datagen - INFO - Event wekatrace10_0b4a56f22f01dc235b7ce1cc3aeabd6943e8:event_356_sa_subagent_008_fed3562b_s0_turn_11 skipping — predecessor failed
2026-09-03 16:23:42,909 - inference_perf.datagen.replay.replay_graph_session_datagen - INFO - Event wekatrace10_0b4a56f22f01dc235b7ce1cc3aeabd6943e8:event_381_parent_turn_208 skipping — predecessor failed
2026-09-03 16:23:42,909 - inference_perf.datagen.replay.replay_graph_session_datagen - INFO - Event wekatrace10_0b4a56f22f01dc235b7ce1cc3aeabd6943e8:event_357_sa_subagent_008_fed3562b_s0_turn_12 skipping — predecessor failed
2026-09-03 16:23:42,909 - inference_perf.datagen.replay.replay_graph_session_datagen - INFO - Event wekatrace10_0b4a56f22f01dc235b7ce1cc3aeabd6943e8:event_358_sa_subagent_009_0768ce5f_s0_turn_0 skipping — predecessor failed
2026-09-03 16:23:42,910 - inference_perf.datagen.replay.replay_graph_session_datagen - INFO - Event wekatrace10_0b4a56f22f01dc235b7ce1cc3aeabd6943e8:event_382_parent_turn_209 skipping — predecessor failed
2026-09-03 16:23:42,910 - inference_perf.datagen.replay.replay_graph_session_datagen - INFO - Event wekatrace10_0b4a56f22f01dc235b7ce1cc3aeabd6943e8:event_359_sa_subagent_009_0768ce5f_s0_turn_1 skipping — predecessor failed
2026-09-03 16:23:42,910 - inference_perf.datagen.replay.replay_graph_session_datagen - INFO - Event wekatrace10_0b4a56f22f01dc235b7ce1cc3aeabd6943e8:event_383_parent_turn_210 skipping — predecessor failed
2026-09-03 16:23:42,910 - inference_perf.datagen.replay.replay_graph_session_datagen - INFO - Event wekatrace10_0b4a56f22f01dc235b7ce1cc3aeabd6943e8:event_360_sa_subagent_009_0768ce5f_s0_turn_2 skipping — predecessor failed
2026-09-03 16:23:42,910 - inference_perf.datagen.replay.replay_graph_session_datagen - INFO - Event wekatrace10_0b4a56f22f01dc235b7ce1cc3aeabd6943e8:event_384_parent_turn_211 skipping — predecessor failed
2026-09-03 16:23:42,910 - inference_perf.datagen.replay.replay_graph_session_datagen - INFO - Event wekatrace10_0b4a56f22f01dc235b7ce1cc3aeabd6943e8:event_385_parent_turn_212 skipping — predecessor failed
2026-09-03 16:23:42,910 - inference_perf.datagen.replay.replay_graph_session_datagen - INFO - Event wekatrace10_0b4a56f22f01dc235b7ce1cc3aeabd6943e8:event_361_sa_subagent_009_0768ce5f_s0_turn_3 skipping — predecessor failed
2026-09-03 16:23:42,911 - inference_perf.datagen.replay.replay_graph_session_datagen - INFO - Event wekatrace10_0b4a56f22f01dc235b7ce1cc3aeabd6943e8:event_386_parent_turn_213 skipping — predecessor failed
2026-09-03 16:23:42,911 - inference_perf.datagen.replay.replay_graph_session_datagen - INFO - Event wekatrace10_0b4a56f22f01dc235b7ce1cc3aeabd6943e8:event_362_sa_subagent_009_0768ce5f_s0_turn_4 skipping — predecessor failed
2026-09-03 16:23:42,911 - inference_perf.datagen.replay.replay_graph_session_datagen - INFO - Event wekatrace10_0b4a56f22f01dc235b7ce1cc3aeabd6943e8:event_387_parent_turn_214 skipping — predecessor failed
2026-09-03 16:23:42,911 - inference_perf.datagen.replay.replay_graph_session_datagen - INFO - Event wekatrace10_0b4a56f22f01dc235b7ce1cc3aeabd6943e8:event_363_sa_subagent_009_0768ce5f_s0_turn_5 skipping — predecessor failed
2026-09-03 16:23:42,911 - inference_perf.datagen.replay.replay_graph_session_datagen - INFO - Event wekatrace10_0b4a56f22f01dc235b7ce1cc3aeabd6943e8:event_388_parent_turn_215 skipping — predecessor failed
2026-09-03 16:23:42,911 - inference_perf.datagen.replay.replay_graph_session_datagen - INFO - Event wekatrace10_0b4a56f22f01dc235b7ce1cc3aeabd6943e8:event_364_sa_subagent_009_0768ce5f_s0_turn_6 skipping — predecessor failed
2026-09-03 16:23:42,911 - inference_perf.datagen.replay.replay_graph_session_datagen - INFO - Event wekatrace10_0b4a56f22f01dc235b7ce1cc3aeabd6943e8:event_389_parent_turn_216 skipping — predecessor failed
2026-09-03 16:23:42,912 - inference_perf.datagen.replay.replay_graph_session_datagen - INFO - Event wekatrace10_0b4a56f22f01dc235b7ce1cc3aeabd6943e8:event_365_sa_subagent_009_0768ce5f_s0_turn_7 skipping — predecessor failed
2026-09-03 16:23:42,912 - inference_perf.datagen.replay.replay_graph_session_datagen - INFO - Event wekatrace10_0b4a56f22f01dc235b7ce1cc3aeabd6943e8:event_390_parent_turn_217 skipping — predecessor failed
2026-09-03 16:23:42,912 - inference_perf.datagen.replay.replay_graph_session_datagen - INFO - Event wekatrace10_0b4a56f22f01dc235b7ce1cc3aeabd6943e8:event_366_sa_subagent_009_0768ce5f_s0_turn_8 skipping — predecessor failed
2026-09-03 16:23:42,912 - inference_perf.datagen.replay.replay_graph_session_datagen - INFO - Event wekatrace10_0b4a56f22f01dc235b7ce1cc3aeabd6943e8:event_391_parent_turn_218 skipping — predecessor failed
2026-09-03 16:23:42,912 - inference_perf.datagen.replay.replay_graph_session_datagen - INFO - Event wekatrace10_0b4a56f22f01dc235b7ce1cc3aeabd6943e8:event_367_sa_subagent_009_0768ce5f_s0_turn_9 skipping — predecessor failed
2026-09-03 16:23:42,913 - inference_perf.datagen.replay.replay_graph_session_datagen - INFO - Event wekatrace10_0b4a56f22f01dc235b7ce1cc3aeabd6943e8:event_392_parent_turn_219 skipping — predecessor failed
2026-09-03 16:23:42,913 - inference_perf.datagen.replay.replay_graph_session_datagen - INFO - Event wekatrace10_0b4a56f22f01dc235b7ce1cc3aeabd6943e8:event_393_parent_turn_220 skipping — predecessor failed
2026-09-03 16:23:42,913 - inference_perf.datagen.replay.replay_graph_session_datagen - INFO - Event wekatrace10_0b4a56f22f01dc235b7ce1cc3aeabd6943e8:event_394_parent_turn_221 skipping — predecessor failed
2026-09-03 16:23:42,913 - inference_perf.datagen.replay.replay_graph_session_datagen - INFO - Event wekatrace10_0b4a56f22f01dc235b7ce1cc3aeabd6943e8:event_395_parent_turn_222 skipping — predecessor failed
2026-09-03 16:23:42,913 - inference_perf.datagen.replay.replay_graph_session_datagen - INFO - Event wekatrace10_0b4a56f22f01dc235b7ce1cc3aeabd6943e8:event_396_parent_turn_223 skipping — predecessor failed
2026-09-03 16:23:42,913 - inference_perf.datagen.replay.replay_graph_session_datagen - INFO - Event wekatrace10_0b4a56f22f01dc235b7ce1cc3aeabd6943e8:event_397_parent_turn_224 skipping — predecessor failed
2026-09-03 16:23:42,914 - inference_perf.datagen.replay.replay_graph_session_datagen - INFO - Event wekatrace10_0b4a56f22f01dc235b7ce1cc3aeabd6943e8:event_398_parent_turn_225 skipping — predecessor failed
2026-09-03 16:23:42,914 - inference_perf.datagen.replay.replay_graph_session_datagen - INFO - Event wekatrace10_0b4a56f22f01dc235b7ce1cc3aeabd6943e8:event_399_parent_turn_226 skipping — predecessor failed
2026-09-03 16:23:42,914 - inference_perf.datagen.replay.replay_graph_session_datagen - INFO - Event wekatrace10_0b4a56f22f01dc235b7ce1cc3aeabd6943e8:event_400_parent_turn_227 skipping — predecessor failed
2026-09-03 16:23:42,914 - inference_perf.datagen.replay.replay_graph_session_datagen - INFO - Event wekatrace10_0b4a56f22f01dc235b7ce1cc3aeabd6943e8:event_401_parent_turn_228 skipping — predecessor failed
2026-09-03 16:23:42,915 - inference_perf.datagen.replay.replay_graph_session_datagen - INFO - Event wekatrace10_0b4a56f22f01dc235b7ce1cc3aeabd6943e8:event_402_parent_turn_229 skipping — predecessor failed
2026-09-03 16:23:42,915 - inference_perf.datagen.replay.replay_graph_session_datagen - INFO - Event wekatrace10_0b4a56f22f01dc235b7ce1cc3aeabd6943e8:event_403_parent_turn_230 skipping — predecessor failed
2026-09-03 16:23:42,915 - inference_perf.datagen.replay.replay_graph_session_datagen - INFO - Event wekatrace10_0b4a56f22f01dc235b7ce1cc3aeabd6943e8:event_404_parent_turn_231 skipping — predecessor failed
2026-09-03 16:23:42,915 - inference_perf.datagen.replay.replay_graph_session_datagen - INFO - Event wekatrace10_0b4a56f22f01dc235b7ce1cc3aeabd6943e8:event_405_parent_turn_232 skipping — predecessor failed
2026-09-03 16:23:42,916 - inference_perf.datagen.replay.replay_graph_session_datagen - INFO - Event wekatrace10_0b4a56f22f01dc235b7ce1cc3aeabd6943e8:event_406_parent_turn_233 skipping — predecessor failed
2026-09-03 16:23:42,916 - inference_perf.datagen.replay.replay_graph_session_datagen - INFO - Event wekatrace10_0b4a56f22f01dc235b7ce1cc3aeabd6943e8:event_407_parent_turn_234 skipping — predecessor failed
2026-09-03 16:23:42,916 - inference_perf.datagen.replay.replay_graph_session_datagen - INFO - Event wekatrace10_0b4a56f22f01dc235b7ce1cc3aeabd6943e8:event_408_parent_turn_235 skipping — predecessor failed
2026-09-03 16:23:42,916 - inference_perf.datagen.replay.replay_graph_session_datagen - INFO - Event wekatrace10_0b4a56f22f01dc235b7ce1cc3aeabd6943e8:event_409_parent_turn_236 skipping — predecessor failed
2026-09-03 16:23:42,916 - inference_perf.datagen.replay.replay_graph_session_datagen - INFO - Event wekatrace10_0b4a56f22f01dc235b7ce1cc3aeabd6943e8:event_410_parent_turn_237 skipping — predecessor failed
2026-09-03 16:23:42,917 - inference_perf.datagen.replay.replay_graph_session_datagen - INFO - Event wekatrace10_0b4a56f22f01dc235b7ce1cc3aeabd6943e8:event_411_parent_turn_238 skipping — predecessor failed
2026-09-03 16:23:42,917 - inference_perf.datagen.replay.replay_graph_session_datagen - INFO - Event wekatrace10_0b4a56f22f01dc235b7ce1cc3aeabd6943e8:event_412_parent_turn_239 skipping — predecessor failed
2026-09-03 16:23:42,917 - inference_perf.datagen.replay.replay_graph_session_datagen - INFO - Event wekatrace10_0b4a56f22f01dc235b7ce1cc3aeabd6943e8:event_413_parent_turn_240 skipping — predecessor failed
2026-09-03 16:23:42,917 - inference_perf.datagen.replay.replay_graph_session_datagen - INFO - Event wekatrace10_0b4a56f22f01dc235b7ce1cc3aeabd6943e8:event_414_parent_turn_241 skipping — predecessor failed
2026-09-03 16:23:42,917 - inference_perf.datagen.replay.replay_graph_session_datagen - INFO - Event wekatrace10_0b4a56f22f01dc235b7ce1cc3aeabd6943e8:event_415_parent_turn_242 skipping — predecessor failed
2026-09-03 16:23:42,917 - inference_perf.datagen.replay.replay_graph_session_datagen - INFO - Event wekatrace10_0b4a56f22f01dc235b7ce1cc3aeabd6943e8:event_416_parent_turn_243 skipping — predecessor failed
2026-09-03 16:23:42,917 - inference_perf.datagen.replay.replay_graph_session_datagen - INFO - Event wekatrace10_0b4a56f22f01dc235b7ce1cc3aeabd6943e8:event_417_parent_turn_244 skipping — predecessor failed
2026-09-03 16:23:42,918 - inference_perf.datagen.replay.replay_graph_session_datagen - INFO - Event wekatrace10_0b4a56f22f01dc235b7ce1cc3aeabd6943e8:event_418_parent_turn_245 skipping — predecessor failed
2026-09-03 16:23:42,918 - inference_perf.datagen.replay.replay_graph_session_datagen - INFO - Event wekatrace10_0b4a56f22f01dc235b7ce1cc3aeabd6943e8:event_419_sa_subagent_010_16075c9a_s0_turn_0 skipping — predecessor failed
2026-09-03 16:23:42,918 - inference_perf.datagen.replay.replay_graph_session_datagen - INFO - Event wekatrace10_0b4a56f22f01dc235b7ce1cc3aeabd6943e8:event_485_parent_turn_246 skipping — predecessor failed
2026-09-03 16:23:42,918 - inference_perf.datagen.replay.replay_graph_session_datagen - INFO - Event wekatrace10_0b4a56f22f01dc235b7ce1cc3aeabd6943e8:event_420_sa_subagent_010_16075c9a_s0_turn_1 skipping — predecessor failed
2026-09-03 16:23:42,918 - inference_perf.datagen.replay.replay_graph_session_datagen - INFO - Event wekatrace10_0b4a56f22f01dc235b7ce1cc3aeabd6943e8:event_486_parent_turn_247 skipping — predecessor failed
2026-09-03 16:23:42,918 - inference_perf.datagen.replay.replay_graph_session_datagen - INFO - Event wekatrace10_0b4a56f22f01dc235b7ce1cc3aeabd6943e8:event_421_sa_subagent_010_16075c9a_s0_turn_2 skipping — predecessor failed
2026-09-03 16:23:42,918 - inference_perf.datagen.replay.replay_graph_session_datagen - INFO - Event wekatrace10_0b4a56f22f01dc235b7ce1cc3aeabd6943e8:event_487_sa_subagent_013_0c71ca73_s0_turn_0 skipping — predecessor failed
2026-09-03 16:23:42,918 - inference_perf.datagen.replay.replay_graph_session_datagen - INFO - Event wekatrace10_0b4a56f22f01dc235b7ce1cc3aeabd6943e8:event_511_parent_turn_248 skipping — predecessor failed
2026-09-03 16:23:42,919 - inference_perf.datagen.replay.replay_graph_session_datagen - INFO - Event wekatrace10_0b4a56f22f01dc235b7ce1cc3aeabd6943e8:event_422_sa_subagent_010_16075c9a_s0_turn_3 skipping — predecessor failed
2026-09-03 16:23:42,919 - inference_perf.datagen.replay.replay_graph_session_datagen - INFO - Event wekatrace10_0b4a56f22f01dc235b7ce1cc3aeabd6943e8:event_488_sa_subagent_013_0c71ca73_s0_turn_1 skipping — predecessor failed
2026-09-03 16:23:42,919 - inference_perf.datagen.replay.replay_graph_session_datagen - INFO - Event wekatrace10_0b4a56f22f01dc235b7ce1cc3aeabd6943e8:event_512_parent_turn_249 skipping — predecessor failed
2026-09-03 16:23:42,919 - inference_perf.datagen.replay.replay_graph_session_datagen - INFO - Event wekatrace10_0b4a56f22f01dc235b7ce1cc3aeabd6943e8:event_423_sa_subagent_010_16075c9a_s0_turn_4 skipping — predecessor failed
2026-09-03 16:23:42,919 - inference_perf.datagen.replay.replay_graph_session_datagen - INFO - Event wekatrace10_0b4a56f22f01dc235b7ce1cc3aeabd6943e8:event_489_sa_subagent_013_0c71ca73_s0_turn_2 skipping — predecessor failed
2026-09-03 16:23:42,919 - inference_perf.datagen.replay.replay_graph_session_datagen - INFO - Event wekatrace10_0b4a56f22f01dc235b7ce1cc3aeabd6943e8:event_513_parent_turn_250 skipping — predecessor failed
2026-09-03 16:23:42,919 - inference_perf.datagen.replay.replay_graph_session_datagen - INFO - Event wekatrace10_0b4a56f22f01dc235b7ce1cc3aeabd6943e8:event_424_sa_subagent_010_16075c9a_s0_turn_5 skipping — predecessor failed
2026-09-03 16:23:42,919 - inference_perf.datagen.replay.replay_graph_session_datagen - INFO - Event wekatrace10_0b4a56f22f01dc235b7ce1cc3aeabd6943e8:event_490_sa_subagent_013_0c71ca73_s0_turn_3 skipping — predecessor failed
2026-09-03 16:23:42,919 - inference_perf.datagen.replay.replay_graph_session_datagen - INFO - Event wekatrace10_0b4a56f22f01dc235b7ce1cc3aeabd6943e8:event_514_parent_turn_251 skipping — predecessor failed
2026-09-03 16:23:42,920 - inference_perf.datagen.replay.replay_graph_session_datagen - INFO - Event wekatrace10_0b4a56f22f01dc235b7ce1cc3aeabd6943e8:event_425_sa_subagent_010_16075c9a_s0_turn_6 skipping — predecessor failed
2026-09-03 16:23:42,920 - inference_perf.datagen.replay.replay_graph_session_datagen - INFO - Event wekatrace10_0b4a56f22f01dc235b7ce1cc3aeabd6943e8:event_491_sa_subagent_013_0c71ca73_s0_turn_4 skipping — predecessor failed
2026-09-03 16:23:42,920 - inference_perf.datagen.replay.replay_graph_session_datagen - INFO - Event wekatrace10_0b4a56f22f01dc235b7ce1cc3aeabd6943e8:event_515_parent_turn_252 skipping — predecessor failed
2026-09-03 16:23:42,920 - inference_perf.datagen.replay.replay_graph_session_datagen - INFO - Event wekatrace10_0b4a56f22f01dc235b7ce1cc3aeabd6943e8:event_426_sa_subagent_010_16075c9a_s0_turn_7 skipping — predecessor failed
2026-09-03 16:23:42,920 - inference_perf.datagen.replay.replay_graph_session_datagen - INFO - Event wekatrace10_0b4a56f22f01dc235b7ce1cc3aeabd6943e8:event_492_sa_subagent_013_0c71ca73_s0_turn_5 skipping — predecessor failed
2026-09-03 16:23:42,920 - inference_perf.datagen.replay.replay_graph_session_datagen - INFO - Event wekatrace10_0b4a56f22f01dc235b7ce1cc3aeabd6943e8:event_516_parent_turn_253 skipping — predecessor failed
2026-09-03 16:23:42,920 - inference_perf.datagen.replay.replay_graph_session_datagen - INFO - Event wekatrace10_0b4a56f22f01dc235b7ce1cc3aeabd6943e8:event_427_sa_subagent_010_16075c9a_s0_turn_8 skipping — predecessor failed
2026-09-03 16:23:42,921 - inference_perf.datagen.replay.replay_graph_session_datagen - INFO - Event wekatrace10_0b4a56f22f01dc235b7ce1cc3aeabd6943e8:event_493_sa_subagent_013_0c71ca73_s0_turn_6 skipping — predecessor failed
2026-09-03 16:23:42,921 - inference_perf.datagen.replay.replay_graph_session_datagen - INFO - Event wekatrace10_0b4a56f22f01dc235b7ce1cc3aeabd6943e8:event_428_sa_subagent_010_16075c9a_s0_turn_9 skipping — predecessor failed
2026-09-03 16:23:42,921 - inference_perf.datagen.replay.replay_graph_session_datagen - INFO - Event wekatrace10_0b4a56f22f01dc235b7ce1cc3aeabd6943e8:event_494_sa_subagent_013_0c71ca73_s0_turn_7 skipping — predecessor failed
2026-09-03 16:23:42,921 - inference_perf.datagen.replay.replay_graph_session_datagen - INFO - Event wekatrace10_0b4a56f22f01dc235b7ce1cc3aeabd6943e8:event_429_sa_subagent_010_16075c9a_s0_turn_10 skipping — predecessor failed
2026-09-03 16:23:42,921 - inference_perf.datagen.replay.replay_graph_session_datagen - INFO - Event wekatrace10_0b4a56f22f01dc235b7ce1cc3aeabd6943e8:event_495_sa_subagent_013_0c71ca73_s0_turn_8 skipping — predecessor failed
2026-09-03 16:23:42,921 - inference_perf.datagen.replay.replay_graph_session_datagen - INFO - Event wekatrace10_0b4a56f22f01dc235b7ce1cc3aeabd6943e8:event_430_sa_subagent_010_16075c9a_s0_turn_11 skipping — predecessor failed
2026-09-03 16:23:42,921 - inference_perf.datagen.replay.replay_graph_session_datagen - INFO - Event wekatrace10_0b4a56f22f01dc235b7ce1cc3aeabd6943e8:event_496_sa_subagent_013_0c71ca73_s0_turn_9 skipping — predecessor failed
2026-09-03 16:23:42,921 - inference_perf.datagen.replay.replay_graph_session_datagen - INFO - Event wekatrace10_0b4a56f22f01dc235b7ce1cc3aeabd6943e8:event_431_sa_subagent_010_16075c9a_s0_turn_12 skipping — predecessor failed
2026-09-03 16:23:42,921 - inference_perf.datagen.replay.replay_graph_session_datagen - INFO - Event wekatrace10_0b4a56f22f01dc235b7ce1cc3aeabd6943e8:event_497_sa_subagent_013_0c71ca73_s0_turn_10 skipping — predecessor failed
2026-09-03 16:23:42,922 - inference_perf.datagen.replay.replay_graph_session_datagen - INFO - Event wekatrace10_0b4a56f22f01dc235b7ce1cc3aeabd6943e8:event_432_sa_subagent_010_16075c9a_s0_turn_13 skipping — predecessor failed
2026-09-03 16:23:42,922 - inference_perf.datagen.replay.replay_graph_session_datagen - INFO - Event wekatrace10_0b4a56f22f01dc235b7ce1cc3aeabd6943e8:event_498_sa_subagent_013_0c71ca73_s0_turn_11 skipping — predecessor failed
2026-09-03 16:23:42,922 - inference_perf.datagen.replay.replay_graph_session_datagen - INFO - Event wekatrace10_0b4a56f22f01dc235b7ce1cc3aeabd6943e8:event_433_sa_subagent_010_16075c9a_s0_turn_14 skipping — predecessor failed
2026-09-03 16:23:42,922 - inference_perf.datagen.replay.replay_graph_session_datagen - INFO - Event wekatrace10_0b4a56f22f01dc235b7ce1cc3aeabd6943e8:event_499_sa_subagent_013_0c71ca73_s0_turn_12 skipping — predecessor failed
2026-09-03 16:23:42,922 - inference_perf.datagen.replay.replay_graph_session_datagen - INFO - Event wekatrace10_0b4a56f22f01dc235b7ce1cc3aeabd6943e8:event_434_sa_subagent_010_16075c9a_s0_turn_15 skipping — predecessor failed
2026-09-03 16:23:42,922 - inference_perf.datagen.replay.replay_graph_session_datagen - INFO - Event wekatrace10_0b4a56f22f01dc235b7ce1cc3aeabd6943e8:event_500_sa_subagent_013_0c71ca73_s0_turn_13 skipping — predecessor failed
2026-09-03 16:23:42,922 - inference_perf.datagen.replay.replay_graph_session_datagen - INFO - Event wekatrace10_0b4a56f22f01dc235b7ce1cc3aeabd6943e8:event_435_sa_subagent_010_16075c9a_s0_turn_16 skipping — predecessor failed
2026-09-03 16:23:42,922 - inference_perf.datagen.replay.replay_graph_session_datagen - INFO - Event wekatrace10_0b4a56f22f01dc235b7ce1cc3aeabd6943e8:event_501_sa_subagent_013_0c71ca73_s0_turn_14 skipping — predecessor failed
2026-09-03 16:23:42,923 - inference_perf.datagen.replay.replay_graph_session_datagen - INFO - Event wekatrace10_0b4a56f22f01dc235b7ce1cc3aeabd6943e8:event_436_sa_subagent_010_16075c9a_s0_turn_17 skipping — predecessor failed
2026-09-03 16:23:42,923 - inference_perf.datagen.replay.replay_graph_session_datagen - INFO - Event wekatrace10_0b4a56f22f01dc235b7ce1cc3aeabd6943e8:event_502_sa_subagent_013_0c71ca73_s0_turn_15 skipping — predecessor failed
2026-09-03 16:23:42,923 - inference_perf.datagen.replay.replay_graph_session_datagen - INFO - Event wekatrace10_0b4a56f22f01dc235b7ce1cc3aeabd6943e8:event_437_sa_subagent_010_16075c9a_s0_turn_18 skipping — predecessor failed
2026-09-03 16:23:42,923 - inference_perf.datagen.replay.replay_graph_session_datagen - INFO - Event wekatrace10_0b4a56f22f01dc235b7ce1cc3aeabd6943e8:event_503_sa_subagent_013_0c71ca73_s0_turn_16 skipping — predecessor failed
2026-09-03 16:23:42,923 - inference_perf.datagen.replay.replay_graph_session_datagen - INFO - Event wekatrace10_0b4a56f22f01dc235b7ce1cc3aeabd6943e8:event_438_sa_subagent_010_16075c9a_s0_turn_19 skipping — predecessor failed
2026-09-03 16:23:42,923 - inference_perf.datagen.replay.replay_graph_session_datagen - INFO - Event wekatrace10_0b4a56f22f01dc235b7ce1cc3aeabd6943e8:event_504_sa_subagent_013_0c71ca73_s0_turn_17 skipping — predecessor failed
2026-09-03 16:23:42,923 - inference_perf.datagen.replay.replay_graph_session_datagen - INFO - Event wekatrace10_0b4a56f22f01dc235b7ce1cc3aeabd6943e8:event_439_sa_subagent_010_16075c9a_s0_turn_20 skipping — predecessor failed
2026-09-03 16:23:42,923 - inference_perf.datagen.replay.replay_graph_session_datagen - INFO - Event wekatrace10_0b4a56f22f01dc235b7ce1cc3aeabd6943e8:event_505_sa_subagent_013_0c71ca73_s0_turn_18 skipping — predecessor failed
2026-09-03 16:23:42,924 - inference_perf.datagen.replay.replay_graph_session_datagen - INFO - Event wekatrace10_0b4a56f22f01dc235b7ce1cc3aeabd6943e8:event_440_sa_subagent_010_16075c9a_s0_turn_21 skipping — predecessor failed
2026-09-03 16:23:42,924 - inference_perf.datagen.replay.replay_graph_session_datagen - INFO - Event wekatrace10_0b4a56f22f01dc235b7ce1cc3aeabd6943e8:event_441_sa_subagent_011_3349b004_s0_turn_0 skipping — predecessor failed
2026-09-03 16:23:42,924 - inference_perf.datagen.replay.replay_graph_session_datagen - INFO - Event wekatrace10_0b4a56f22f01dc235b7ce1cc3aeabd6943e8:event_506_sa_subagent_013_0c71ca73_s0_turn_19 skipping — predecessor failed
2026-09-03 16:23:42,924 - inference_perf.datagen.replay.replay_graph_session_datagen - INFO - Event wekatrace10_0b4a56f22f01dc235b7ce1cc3aeabd6943e8:event_442_sa_subagent_011_3349b004_s0_turn_1 skipping — predecessor failed
2026-09-03 16:23:42,924 - inference_perf.datagen.replay.replay_graph_session_datagen - INFO - Event wekatrace10_0b4a56f22f01dc235b7ce1cc3aeabd6943e8:event_507_sa_subagent_013_0c71ca73_s0_turn_20 skipping — predecessor failed
2026-09-03 16:23:42,924 - inference_perf.datagen.replay.replay_graph_session_datagen - INFO - Event wekatrace10_0b4a56f22f01dc235b7ce1cc3aeabd6943e8:event_443_sa_subagent_011_3349b004_s0_turn_2 skipping — predecessor failed
2026-09-03 16:23:42,924 - inference_perf.datagen.replay.replay_graph_session_datagen - INFO - Event wekatrace10_0b4a56f22f01dc235b7ce1cc3aeabd6943e8:event_508_sa_subagent_013_0c71ca73_s0_turn_21 skipping — predecessor failed
2026-09-03 16:23:42,924 - inference_perf.datagen.replay.replay_graph_session_datagen - INFO - Event wekatrace10_0b4a56f22f01dc235b7ce1cc3aeabd6943e8:event_444_sa_subagent_011_3349b004_s0_turn_3 skipping — predecessor failed
2026-09-03 16:23:42,925 - inference_perf.datagen.replay.replay_graph_session_datagen - INFO - Event wekatrace10_0b4a56f22f01dc235b7ce1cc3aeabd6943e8:event_509_sa_subagent_013_0c71ca73_s0_turn_22 skipping — predecessor failed
2026-09-03 16:23:42,925 - inference_perf.datagen.replay.replay_graph_session_datagen - INFO - Event wekatrace10_0b4a56f22f01dc235b7ce1cc3aeabd6943e8:event_445_sa_subagent_011_3349b004_s0_turn_4 skipping — predecessor failed
2026-09-03 16:23:42,925 - inference_perf.datagen.replay.replay_graph_session_datagen - INFO - Event wekatrace10_0b4a56f22f01dc235b7ce1cc3aeabd6943e8:event_510_sa_subagent_013_0c71ca73_s0_turn_23 skipping — predecessor failed
2026-09-03 16:23:42,925 - inference_perf.datagen.replay.replay_graph_session_datagen - INFO - Event wekatrace10_0b4a56f22f01dc235b7ce1cc3aeabd6943e8:event_446_sa_subagent_011_3349b004_s0_turn_5 skipping — predecessor failed
2026-09-03 16:23:42,925 - inference_perf.datagen.replay.replay_graph_session_datagen - INFO - Event wekatrace10_0b4a56f22f01dc235b7ce1cc3aeabd6943e8:event_447_sa_subagent_011_3349b004_s0_turn_6 skipping — predecessor failed
2026-09-03 16:23:42,925 - inference_perf.datagen.replay.replay_graph_session_datagen - INFO - Event wekatrace10_0b4a56f22f01dc235b7ce1cc3aeabd6943e8:event_448_sa_subagent_011_3349b004_s0_turn_7 skipping — predecessor failed
2026-09-03 16:23:42,925 - inference_perf.datagen.replay.replay_graph_session_datagen - INFO - Event wekatrace10_0b4a56f22f01dc235b7ce1cc3aeabd6943e8:event_449_sa_subagent_011_3349b004_s0_turn_8 skipping — predecessor failed
2026-09-03 16:23:42,925 - inference_perf.datagen.replay.replay_graph_session_datagen - INFO - Event wekatrace10_0b4a56f22f01dc235b7ce1cc3aeabd6943e8:event_450_sa_subagent_011_3349b004_s0_turn_9 skipping — predecessor failed
2026-09-03 16:23:42,926 - inference_perf.datagen.replay.replay_graph_session_datagen - INFO - Event wekatrace10_0b4a56f22f01dc235b7ce1cc3aeabd6943e8:event_451_sa_subagent_011_3349b004_s0_turn_10 skipping — predecessor failed
2026-09-03 16:23:42,926 - inference_perf.datagen.replay.replay_graph_session_datagen - INFO - Event wekatrace10_0b4a56f22f01dc235b7ce1cc3aeabd6943e8:event_452_sa_subagent_011_3349b004_s0_turn_11 skipping — predecessor failed
2026-09-03 16:23:42,926 - inference_perf.datagen.replay.replay_graph_session_datagen - INFO - Event wekatrace10_0b4a56f22f01dc235b7ce1cc3aeabd6943e8:event_453_sa_subagent_011_3349b004_s0_turn_12 skipping — predecessor failed
2026-09-03 16:23:42,926 - inference_perf.datagen.replay.replay_graph_session_datagen - INFO - Event wekatrace10_0b4a56f22f01dc235b7ce1cc3aeabd6943e8:event_454_sa_subagent_011_3349b004_s0_turn_13 skipping — predecessor failed
2026-09-03 16:23:42,926 - inference_perf.datagen.replay.replay_graph_session_datagen - INFO - Event wekatrace10_0b4a56f22f01dc235b7ce1cc3aeabd6943e8:event_455_sa_subagent_011_3349b004_s0_turn_14 skipping — predecessor failed
2026-09-03 16:23:42,926 - inference_perf.datagen.replay.replay_graph_session_datagen - INFO - Event wekatrace10_0b4a56f22f01dc235b7ce1cc3aeabd6943e8:event_456_sa_subagent_011_3349b004_s0_turn_15 skipping — predecessor failed
2026-09-03 16:23:42,926 - inference_perf.datagen.replay.replay_graph_session_datagen - INFO - Event wekatrace10_0b4a56f22f01dc235b7ce1cc3aeabd6943e8:event_457_sa_subagent_011_3349b004_s0_turn_16 skipping — predecessor failed
2026-09-03 16:23:42,927 - inference_perf.datagen.replay.replay_graph_session_datagen - INFO - Event wekatrace10_0b4a56f22f01dc235b7ce1cc3aeabd6943e8:event_458_sa_subagent_011_3349b004_s0_turn_17 skipping — predecessor failed
2026-09-03 16:23:42,927 - inference_perf.datagen.replay.replay_graph_session_datagen - INFO - Event wekatrace10_0b4a56f22f01dc235b7ce1cc3aeabd6943e8:event_459_sa_subagent_011_3349b004_s0_turn_18 skipping — predecessor failed
2026-09-03 16:23:42,927 - inference_perf.datagen.replay.replay_graph_session_datagen - INFO - Event wekatrace10_0b4a56f22f01dc235b7ce1cc3aeabd6943e8:event_460_sa_subagent_011_3349b004_s0_turn_19 skipping — predecessor failed
2026-09-03 16:23:42,927 - inference_perf.datagen.replay.replay_graph_session_datagen - INFO - Event wekatrace10_0b4a56f22f01dc235b7ce1cc3aeabd6943e8:event_461_sa_subagent_012_4dbabe22_s0_turn_0 skipping — predecessor failed
2026-09-03 16:23:42,927 - inference_perf.datagen.replay.replay_graph_session_datagen - INFO - Event wekatrace10_0b4a56f22f01dc235b7ce1cc3aeabd6943e8:event_462_sa_subagent_012_4dbabe22_s0_turn_1 skipping — predecessor failed
2026-09-03 16:23:42,927 - inference_perf.datagen.replay.replay_graph_session_datagen - INFO - Event wekatrace10_0b4a56f22f01dc235b7ce1cc3aeabd6943e8:event_463_sa_subagent_012_4dbabe22_s0_turn_2 skipping — predecessor failed
2026-09-03 16:23:42,927 - inference_perf.datagen.replay.replay_graph_session_datagen - INFO - Event wekatrace10_0b4a56f22f01dc235b7ce1cc3aeabd6943e8:event_464_sa_subagent_012_4dbabe22_s0_turn_3 skipping — predecessor failed
2026-09-03 16:23:42,928 - inference_perf.datagen.replay.replay_graph_session_datagen - INFO - Event wekatrace10_0b4a56f22f01dc235b7ce1cc3aeabd6943e8:event_465_sa_subagent_012_4dbabe22_s0_turn_4 skipping — predecessor failed
2026-09-03 16:23:42,928 - inference_perf.datagen.replay.replay_graph_session_datagen - INFO - Event wekatrace10_0b4a56f22f01dc235b7ce1cc3aeabd6943e8:event_466_sa_subagent_012_4dbabe22_s0_turn_5 skipping — predecessor failed
2026-09-03 16:23:42,928 - inference_perf.datagen.replay.replay_graph_session_datagen - INFO - Event wekatrace10_0b4a56f22f01dc235b7ce1cc3aeabd6943e8:event_467_sa_subagent_012_4dbabe22_s0_turn_6 skipping — predecessor failed
2026-09-03 16:23:42,928 - inference_perf.datagen.replay.replay_graph_session_datagen - INFO - Event wekatrace10_0b4a56f22f01dc235b7ce1cc3aeabd6943e8:event_468_sa_subagent_012_4dbabe22_s0_turn_7 skipping — predecessor failed
2026-09-03 16:23:42,928 - inference_perf.datagen.replay.replay_graph_session_datagen - INFO - Event wekatrace10_0b4a56f22f01dc235b7ce1cc3aeabd6943e8:event_469_sa_subagent_012_4dbabe22_s0_turn_8 skipping — predecessor failed
2026-09-03 16:23:42,928 - inference_perf.datagen.replay.replay_graph_session_datagen - INFO - Event wekatrace10_0b4a56f22f01dc235b7ce1cc3aeabd6943e8:event_470_sa_subagent_012_4dbabe22_s0_turn_9 skipping — predecessor failed
2026-09-03 16:23:42,928 - inference_perf.datagen.replay.replay_graph_session_datagen - INFO - Event wekatrace10_0b4a56f22f01dc235b7ce1cc3aeabd6943e8:event_471_sa_subagent_012_4dbabe22_s0_turn_10 skipping — predecessor failed
2026-09-03 16:23:42,928 - inference_perf.datagen.replay.replay_graph_session_datagen - INFO - Event wekatrace10_0b4a56f22f01dc235b7ce1cc3aeabd6943e8:event_472_sa_subagent_012_4dbabe22_s0_turn_11 skipping — predecessor failed
2026-09-03 16:23:42,928 - inference_perf.datagen.replay.replay_graph_session_datagen - INFO - Event wekatrace10_0b4a56f22f01dc235b7ce1cc3aeabd6943e8:event_473_sa_subagent_012_4dbabe22_s0_turn_12 skipping — predecessor failed
2026-09-03 16:23:42,929 - inference_perf.datagen.replay.replay_graph_session_datagen - INFO - Event wekatrace10_0b4a56f22f01dc235b7ce1cc3aeabd6943e8:event_474_sa_subagent_012_4dbabe22_s0_turn_13 skipping — predecessor failed
2026-09-03 16:23:42,929 - inference_perf.datagen.replay.replay_graph_session_datagen - INFO - Event wekatrace10_0b4a56f22f01dc235b7ce1cc3aeabd6943e8:event_475_sa_subagent_012_4dbabe22_s0_turn_14 skipping — predecessor failed
2026-09-03 16:23:42,929 - inference_perf.datagen.replay.replay_graph_session_datagen - INFO - Event wekatrace10_0b4a56f22f01dc235b7ce1cc3aeabd6943e8:event_476_sa_subagent_012_4dbabe22_s0_turn_15 skipping — predecessor failed
2026-09-03 16:23:42,929 - inference_perf.datagen.replay.replay_graph_session_datagen - INFO - Event wekatrace10_0b4a56f22f01dc235b7ce1cc3aeabd6943e8:event_477_sa_subagent_012_4dbabe22_s0_turn_16 skipping — predecessor failed
2026-09-03 16:23:42,929 - inference_perf.datagen.replay.replay_graph_session_datagen - INFO - Event wekatrace10_0b4a56f22f01dc235b7ce1cc3aeabd6943e8:event_478_sa_subagent_012_4dbabe22_s0_turn_17 skipping — predecessor failed
2026-09-03 16:23:42,929 - inference_perf.datagen.replay.replay_graph_session_datagen - INFO - Event wekatrace10_0b4a56f22f01dc235b7ce1cc3aeabd6943e8:event_479_sa_subagent_012_4dbabe22_s0_turn_18 skipping — predecessor failed
2026-09-03 16:23:42,929 - inference_perf.datagen.replay.replay_graph_session_datagen - INFO - Event wekatrace10_0b4a56f22f01dc235b7ce1cc3aeabd6943e8:event_480_sa_subagent_012_4dbabe22_s0_turn_19 skipping — predecessor failed
2026-09-03 16:23:42,930 - inference_perf.datagen.replay.replay_graph_session_datagen - INFO - Event wekatrace10_0b4a56f22f01dc235b7ce1cc3aeabd6943e8:event_481_sa_subagent_012_4dbabe22_s0_turn_20 skipping — predecessor failed
2026-09-03 16:23:42,930 - inference_perf.datagen.replay.replay_graph_session_datagen - INFO - Event wekatrace10_0b4a56f22f01dc235b7ce1cc3aeabd6943e8:event_482_sa_subagent_012_4dbabe22_s0_turn_21 skipping — predecessor failed
2026-09-03 16:23:42,930 - inference_perf.datagen.replay.replay_graph_session_datagen - INFO - Event wekatrace10_0b4a56f22f01dc235b7ce1cc3aeabd6943e8:event_483_sa_subagent_012_4dbabe22_s0_turn_22 skipping — predecessor failed
2026-09-03 16:23:42,930 - inference_perf.datagen.replay.replay_graph_session_datagen - INFO - Event wekatrace10_0b4a56f22f01dc235b7ce1cc3aeabd6943e8:event_484_sa_subagent_012_4dbabe22_s0_turn_23 skipping — predecessor failed
2026-09-03 16:23:43,644 - inference_perf.datagen.replay.replay_graph_session_datagen - INFO - Event wekatrace14_0f9870e68e496146a60b68dd3f0aba9aced2:event_046_parent_turn_46 skipping — predecessor wait failed: TimeoutError
2026-09-03 16:23:43,645 - inference_perf.datagen.replay.replay_graph_session_datagen - INFO - Event wekatrace14_0f9870e68e496146a60b68dd3f0aba9aced2:event_047_parent_turn_47 skipping — predecessor failed
2026-09-03 16:23:43,645 - inference_perf.datagen.replay.replay_graph_session_datagen - INFO - Event wekatrace14_0f9870e68e496146a60b68dd3f0aba9aced2:event_048_parent_turn_48 skipping — predecessor failed
2026-09-03 16:23:43,646 - inference_perf.datagen.replay.replay_graph_session_datagen - INFO - Event wekatrace14_0f9870e68e496146a60b68dd3f0aba9aced2:event_049_parent_turn_49 skipping — predecessor failed
2026-09-03 16:23:43,646 - inference_perf.datagen.replay.replay_graph_session_datagen - INFO - Event wekatrace14_0f9870e68e496146a60b68dd3f0aba9aced2:event_050_parent_turn_50 skipping — predecessor failed
2026-09-03 16:23:43,646 - inference_perf.datagen.replay.replay_graph_session_datagen - INFO - Event wekatrace14_0f9870e68e496146a60b68dd3f0aba9aced2:event_051_parent_turn_51 skipping — predecessor failed
2026-09-03 16:23:43,646 - inference_perf.datagen.replay.replay_graph_session_datagen - INFO - Event wekatrace14_0f9870e68e496146a60b68dd3f0aba9aced2:event_052_parent_turn_52 skipping — predecessor failed
2026-09-03 16:23:43,646 - inference_perf.datagen.replay.replay_graph_session_datagen - INFO - Event wekatrace14_0f9870e68e496146a60b68dd3f0aba9aced2:event_053_parent_turn_53 skipping — predecessor failed
2026-09-03 16:23:43,646 - inference_perf.datagen.replay.replay_graph_session_datagen - INFO - Event wekatrace14_0f9870e68e496146a60b68dd3f0aba9aced2:event_054_parent_turn_54 skipping — predecessor failed
2026-09-03 16:23:43,646 - inference_perf.datagen.replay.replay_graph_session_datagen - INFO - Event wekatrace14_0f9870e68e496146a60b68dd3f0aba9aced2:event_055_parent_turn_55 skipping — predecessor failed
2026-09-03 16:23:43,647 - inference_perf.datagen.replay.replay_graph_session_datagen - INFO - Event wekatrace14_0f9870e68e496146a60b68dd3f0aba9aced2:event_056_parent_turn_56 skipping — predecessor failed
2026-09-03 16:23:43,647 - inference_perf.datagen.replay.replay_graph_session_datagen - INFO - Event wekatrace14_0f9870e68e496146a60b68dd3f0aba9aced2:event_057_parent_turn_57 skipping — predecessor failed
2026-09-03 16:23:43,647 - inference_perf.datagen.replay.replay_graph_session_datagen - INFO - Event wekatrace14_0f9870e68e496146a60b68dd3f0aba9aced2:event_058_parent_turn_58 skipping — predecessor failed
2026-09-03 16:23:43,647 - inference_perf.datagen.replay.replay_graph_session_datagen - INFO - Event wekatrace14_0f9870e68e496146a60b68dd3f0aba9aced2:event_059_parent_turn_59 skipping — predecessor failed
2026-09-03 16:23:43,647 - inference_perf.datagen.replay.replay_graph_session_datagen - INFO - Event wekatrace14_0f9870e68e496146a60b68dd3f0aba9aced2:event_060_parent_turn_60 skipping — predecessor failed
2026-09-03 16:23:43,647 - inference_perf.datagen.replay.replay_graph_session_datagen - INFO - Event wekatrace14_0f9870e68e496146a60b68dd3f0aba9aced2:event_061_parent_turn_61 skipping — predecessor failed
2026-09-03 16:23:43,648 - inference_perf.datagen.replay.replay_graph_session_datagen - INFO - Event wekatrace14_0f9870e68e496146a60b68dd3f0aba9aced2:event_062_parent_turn_62 skipping — predecessor failed
2026-09-03 16:23:43,648 - inference_perf.datagen.replay.replay_graph_session_datagen - INFO - Event wekatrace14_0f9870e68e496146a60b68dd3f0aba9aced2:event_063_parent_turn_63 skipping — predecessor failed
2026-09-03 16:23:43,648 - inference_perf.datagen.replay.replay_graph_session_datagen - INFO - Event wekatrace14_0f9870e68e496146a60b68dd3f0aba9aced2:event_064_parent_turn_64 skipping — predecessor failed
2026-09-03 16:23:43,648 - inference_perf.datagen.replay.replay_graph_session_datagen - INFO - Event wekatrace14_0f9870e68e496146a60b68dd3f0aba9aced2:event_065_parent_turn_65 skipping — predecessor failed
2026-09-03 16:23:43,648 - inference_perf.datagen.replay.replay_graph_session_datagen - INFO - Event wekatrace14_0f9870e68e496146a60b68dd3f0aba9aced2:event_066_parent_turn_66 skipping — predecessor failed
2026-09-03 16:23:43,648 - inference_perf.datagen.replay.replay_graph_session_datagen - INFO - Event wekatrace14_0f9870e68e496146a60b68dd3f0aba9aced2:event_067_parent_turn_67 skipping — predecessor failed
2026-09-03 16:23:43,648 - inference_perf.datagen.replay.replay_graph_session_datagen - INFO - Event wekatrace14_0f9870e68e496146a60b68dd3f0aba9aced2:event_068_parent_turn_68 skipping — predecessor failed
2026-09-03 16:23:43,648 - inference_perf.datagen.replay.replay_graph_session_datagen - INFO - Event wekatrace14_0f9870e68e496146a60b68dd3f0aba9aced2:event_069_parent_turn_69 skipping — predecessor failed
2026-09-03 16:23:43,648 - inference_perf.datagen.replay.replay_graph_session_datagen - INFO - Event wekatrace14_0f9870e68e496146a60b68dd3f0aba9aced2:event_070_parent_turn_70 skipping — predecessor failed
2026-09-03 16:23:43,649 - inference_perf.datagen.replay.replay_graph_session_datagen - INFO - Event wekatrace14_0f9870e68e496146a60b68dd3f0aba9aced2:event_071_parent_turn_71 skipping — predecessor failed
2026-09-03 16:23:43,649 - inference_perf.datagen.replay.replay_graph_session_datagen - INFO - Event wekatrace14_0f9870e68e496146a60b68dd3f0aba9aced2:event_072_parent_turn_72 skipping — predecessor failed
2026-09-03 16:23:43,649 - inference_perf.datagen.replay.replay_graph_session_datagen - INFO - Event wekatrace14_0f9870e68e496146a60b68dd3f0aba9aced2:event_073_parent_turn_73 skipping — predecessor failed
2026-09-03 16:23:43,649 - inference_perf.datagen.replay.replay_graph_session_datagen - INFO - Event wekatrace14_0f9870e68e496146a60b68dd3f0aba9aced2:event_074_parent_turn_74 skipping — predecessor failed
2026-09-03 16:23:43,649 - inference_perf.datagen.replay.replay_graph_session_datagen - INFO - Event wekatrace14_0f9870e68e496146a60b68dd3f0aba9aced2:event_075_parent_turn_75 skipping — predecessor failed
2026-09-03 16:23:43,649 - inference_perf.datagen.replay.replay_graph_session_datagen - INFO - Event wekatrace14_0f9870e68e496146a60b68dd3f0aba9aced2:event_076_parent_turn_76 skipping — predecessor failed
2026-09-03 16:23:43,649 - inference_perf.datagen.replay.replay_graph_session_datagen - INFO - Event wekatrace14_0f9870e68e496146a60b68dd3f0aba9aced2:event_077_parent_turn_77 skipping — predecessor failed
2026-09-03 16:23:43,650 - inference_perf.datagen.replay.replay_graph_session_datagen - INFO - Event wekatrace14_0f9870e68e496146a60b68dd3f0aba9aced2:event_078_parent_turn_78 skipping — predecessor failed
2026-09-03 16:23:43,650 - inference_perf.datagen.replay.replay_graph_session_datagen - INFO - Event wekatrace14_0f9870e68e496146a60b68dd3f0aba9aced2:event_079_parent_turn_79 skipping — predecessor failed
2026-09-03 16:23:43,802 - inference_perf.datagen.replay.replay_graph_session_datagen - INFO - Event wekatrace20_1bcc4b9e1b6ea6ea9f516669e92ab788f1e4:event_059_parent_turn_59 skipping — predecessor wait failed: TimeoutError
2026-09-03 16:23:44,280 - inference_perf.datagen.replay.replay_graph_session_datagen - INFO - Event wekatrace5_095a5152ab8fc1cdc847612872a01525cd1b:event_059_parent_turn_10 skipping — predecessor wait failed: TimeoutError
2026-09-03 16:23:44,281 - inference_perf.datagen.replay.replay_graph_session_datagen - INFO - Event wekatrace5_095a5152ab8fc1cdc847612872a01525cd1b:event_060_parent_turn_11 skipping — predecessor failed
2026-09-03 16:23:44,281 - inference_perf.datagen.replay.replay_graph_session_datagen - INFO - Event wekatrace5_095a5152ab8fc1cdc847612872a01525cd1b:event_061_parent_turn_12 skipping — predecessor failed
2026-09-03 16:23:44,281 - inference_perf.datagen.replay.replay_graph_session_datagen - INFO - Event wekatrace5_095a5152ab8fc1cdc847612872a01525cd1b:event_062_parent_turn_13 skipping — predecessor failed
2026-09-03 16:23:44,281 - inference_perf.datagen.replay.replay_graph_session_datagen - INFO - Event wekatrace5_095a5152ab8fc1cdc847612872a01525cd1b:event_063_parent_turn_14 skipping — predecessor failed
2026-09-03 16:23:44,282 - inference_perf.datagen.replay.replay_graph_session_datagen - INFO - Event wekatrace5_095a5152ab8fc1cdc847612872a01525cd1b:event_064_parent_turn_15 skipping — predecessor failed
2026-09-03 16:23:44,282 - inference_perf.datagen.replay.replay_graph_session_datagen - INFO - Event wekatrace5_095a5152ab8fc1cdc847612872a01525cd1b:event_065_parent_turn_16 skipping — predecessor failed
2026-09-03 16:23:44,282 - inference_perf.datagen.replay.replay_graph_session_datagen - INFO - Event wekatrace5_095a5152ab8fc1cdc847612872a01525cd1b:event_066_parent_turn_17 skipping — predecessor failed
2026-09-03 16:23:44,283 - inference_perf.datagen.replay.replay_graph_session_datagen - INFO - Event wekatrace5_095a5152ab8fc1cdc847612872a01525cd1b:event_067_parent_turn_18 skipping — predecessor failed
2026-09-03 16:23:44,283 - inference_perf.datagen.replay.replay_graph_session_datagen - INFO - Event wekatrace5_095a5152ab8fc1cdc847612872a01525cd1b:event_068_parent_turn_19 skipping — predecessor failed
2026-09-03 16:23:44,283 - inference_perf.datagen.replay.replay_graph_session_datagen - INFO - Event wekatrace5_095a5152ab8fc1cdc847612872a01525cd1b:event_069_parent_turn_20 skipping — predecessor failed
2026-09-03 16:23:44,283 - inference_perf.datagen.replay.replay_graph_session_datagen - INFO - Event wekatrace5_095a5152ab8fc1cdc847612872a01525cd1b:event_070_parent_turn_21 skipping — predecessor failed
2026-09-03 16:23:44,284 - inference_perf.datagen.replay.replay_graph_session_datagen - INFO - Event wekatrace5_095a5152ab8fc1cdc847612872a01525cd1b:event_071_parent_turn_22 skipping — predecessor failed
2026-09-03 16:23:44,284 - inference_perf.datagen.replay.replay_graph_session_datagen - INFO - Event wekatrace5_095a5152ab8fc1cdc847612872a01525cd1b:event_072_parent_turn_23 skipping — predecessor failed
2026-09-03 16:23:44,284 - inference_perf.datagen.replay.replay_graph_session_datagen - INFO - Event wekatrace5_095a5152ab8fc1cdc847612872a01525cd1b:event_073_parent_turn_24 skipping — predecessor failed
2026-09-03 16:23:44,284 - inference_perf.datagen.replay.replay_graph_session_datagen - INFO - Event wekatrace5_095a5152ab8fc1cdc847612872a01525cd1b:event_074_parent_turn_25 skipping — predecessor failed
2026-09-03 16:23:44,285 - inference_perf.datagen.replay.replay_graph_session_datagen - INFO - Event wekatrace5_095a5152ab8fc1cdc847612872a01525cd1b:event_075_parent_turn_26 skipping — predecessor failed
2026-09-03 16:23:44,285 - inference_perf.datagen.replay.replay_graph_session_datagen - INFO - Event wekatrace5_095a5152ab8fc1cdc847612872a01525cd1b:event_076_parent_turn_27 skipping — predecessor failed
2026-09-03 16:23:44,286 - inference_perf.datagen.replay.replay_graph_session_datagen - INFO - Event wekatrace5_095a5152ab8fc1cdc847612872a01525cd1b:event_077_parent_turn_28 skipping — predecessor failed
2026-09-03 16:23:44,286 - inference_perf.datagen.replay.replay_graph_session_datagen - INFO - Event wekatrace5_095a5152ab8fc1cdc847612872a01525cd1b:event_078_parent_turn_29 skipping — predecessor failed
2026-09-03 16:23:44,286 - inference_perf.datagen.replay.replay_graph_session_datagen - INFO - Event wekatrace5_095a5152ab8fc1cdc847612872a01525cd1b:event_079_parent_turn_30 skipping — predecessor failed
2026-09-03 16:23:44,286 - inference_perf.datagen.replay.replay_graph_session_datagen - INFO - Event wekatrace5_095a5152ab8fc1cdc847612872a01525cd1b:event_080_parent_turn_31 skipping — predecessor failed
2026-09-03 16:23:44,287 - inference_perf.datagen.replay.replay_graph_session_datagen - INFO - Event wekatrace5_095a5152ab8fc1cdc847612872a01525cd1b:event_081_parent_turn_32 skipping — predecessor failed
2026-09-03 16:23:44,287 - inference_perf.datagen.replay.replay_graph_session_datagen - INFO - Event wekatrace5_095a5152ab8fc1cdc847612872a01525cd1b:event_082_parent_turn_33 skipping — predecessor failed
2026-09-03 16:23:44,288 - inference_perf.datagen.replay.replay_graph_session_datagen - INFO - Event wekatrace5_095a5152ab8fc1cdc847612872a01525cd1b:event_083_parent_turn_34 skipping — predecessor failed
2026-09-03 16:23:44,288 - inference_perf.datagen.replay.replay_graph_session_datagen - INFO - Event wekatrace5_095a5152ab8fc1cdc847612872a01525cd1b:event_084_parent_turn_35 skipping — predecessor failed
2026-09-03 16:23:44,288 - inference_perf.datagen.replay.replay_graph_session_datagen - INFO - Event wekatrace5_095a5152ab8fc1cdc847612872a01525cd1b:event_085_parent_turn_36 skipping — predecessor failed
2026-09-03 16:23:44,288 - inference_perf.datagen.replay.replay_graph_session_datagen - INFO - Event wekatrace5_095a5152ab8fc1cdc847612872a01525cd1b:event_086_parent_turn_37 skipping — predecessor failed
2026-09-03 16:23:44,289 - inference_perf.datagen.replay.replay_graph_session_datagen - INFO - Event wekatrace5_095a5152ab8fc1cdc847612872a01525cd1b:event_087_parent_turn_38 skipping — predecessor failed
2026-09-03 16:23:44,289 - inference_perf.datagen.replay.replay_graph_session_datagen - INFO - Event wekatrace5_095a5152ab8fc1cdc847612872a01525cd1b:event_088_parent_turn_39 skipping — predecessor failed
2026-09-03 16:23:44,289 - inference_perf.datagen.replay.replay_graph_session_datagen - INFO - Event wekatrace5_095a5152ab8fc1cdc847612872a01525cd1b:event_089_parent_turn_40 skipping — predecessor failed
2026-09-03 16:23:44,289 - inference_perf.datagen.replay.replay_graph_session_datagen - INFO - Event wekatrace5_095a5152ab8fc1cdc847612872a01525cd1b:event_090_parent_turn_41 skipping — predecessor failed
2026-09-03 16:23:44,931 - inference_perf.datagen.replay.replay_graph_session_datagen - INFO - Event wekatrace1_0475b786230f3f2e24220d28e247eaee2dae:event_121_parent_turn_80 skipping — predecessor wait failed: TimeoutError
2026-09-03 16:23:44,932 - inference_perf.datagen.replay.replay_graph_session_datagen - INFO - Event wekatrace1_0475b786230f3f2e24220d28e247eaee2dae:event_122_parent_turn_81 skipping — predecessor failed
2026-09-03 16:23:44,933 - inference_perf.datagen.replay.replay_graph_session_datagen - INFO - Event wekatrace1_0475b786230f3f2e24220d28e247eaee2dae:event_123_parent_turn_82 skipping — predecessor failed
2026-09-03 16:23:44,933 - inference_perf.datagen.replay.replay_graph_session_datagen - INFO - Event wekatrace1_0475b786230f3f2e24220d28e247eaee2dae:event_124_parent_turn_83 skipping — predecessor failed
2026-09-03 16:23:44,933 - inference_perf.datagen.replay.replay_graph_session_datagen - INFO - Event wekatrace1_0475b786230f3f2e24220d28e247eaee2dae:event_125_parent_turn_84 skipping — predecessor failed
2026-09-03 16:23:44,933 - inference_perf.datagen.replay.replay_graph_session_datagen - INFO - Event wekatrace1_0475b786230f3f2e24220d28e247eaee2dae:event_126_parent_turn_85 skipping — predecessor failed
2026-09-03 16:23:44,934 - inference_perf.datagen.replay.replay_graph_session_datagen - INFO - Event wekatrace1_0475b786230f3f2e24220d28e247eaee2dae:event_127_parent_turn_86 skipping — predecessor failed
2026-09-03 16:23:44,934 - inference_perf.datagen.replay.replay_graph_session_datagen - INFO - Event wekatrace1_0475b786230f3f2e24220d28e247eaee2dae:event_128_parent_turn_87 skipping — predecessor failed
2026-09-03 16:23:44,934 - inference_perf.datagen.replay.replay_graph_session_datagen - INFO - Event wekatrace1_0475b786230f3f2e24220d28e247eaee2dae:event_129_parent_turn_88 skipping — predecessor failed
2026-09-03 16:23:44,934 - inference_perf.datagen.replay.replay_graph_session_datagen - INFO - Event wekatrace1_0475b786230f3f2e24220d28e247eaee2dae:event_130_parent_turn_89 skipping — predecessor failed
2026-09-03 16:23:44,934 - inference_perf.datagen.replay.replay_graph_session_datagen - INFO - Event wekatrace1_0475b786230f3f2e24220d28e247eaee2dae:event_131_parent_turn_90 skipping — predecessor failed
2026-09-03 16:23:44,935 - inference_perf.datagen.replay.replay_graph_session_datagen - INFO - Event wekatrace1_0475b786230f3f2e24220d28e247eaee2dae:event_132_parent_turn_91 skipping — predecessor failed
2026-09-03 16:23:44,935 - inference_perf.datagen.replay.replay_graph_session_datagen - INFO - Event wekatrace1_0475b786230f3f2e24220d28e247eaee2dae:event_133_parent_turn_92 skipping — predecessor failed
2026-09-03 16:23:44,935 - inference_perf.datagen.replay.replay_graph_session_datagen - INFO - Event wekatrace1_0475b786230f3f2e24220d28e247eaee2dae:event_134_parent_turn_93 skipping — predecessor failed
2026-09-03 16:23:44,935 - inference_perf.datagen.replay.replay_graph_session_datagen - INFO - Event wekatrace1_0475b786230f3f2e24220d28e247eaee2dae:event_135_parent_turn_94 skipping — predecessor failed
2026-09-03 16:23:44,935 - inference_perf.datagen.replay.replay_graph_session_datagen - INFO - Event wekatrace1_0475b786230f3f2e24220d28e247eaee2dae:event_136_parent_turn_95 skipping — predecessor failed
2026-09-03 16:23:44,936 - inference_perf.datagen.replay.replay_graph_session_datagen - INFO - Event wekatrace1_0475b786230f3f2e24220d28e247eaee2dae:event_137_parent_turn_96 skipping — predecessor failed
2026-09-03 16:23:44,936 - inference_perf.datagen.replay.replay_graph_session_datagen - INFO - Event wekatrace1_0475b786230f3f2e24220d28e247eaee2dae:event_138_parent_turn_97 skipping — predecessor failed
2026-09-03 16:23:44,936 - inference_perf.datagen.replay.replay_graph_session_datagen - INFO - Event wekatrace1_0475b786230f3f2e24220d28e247eaee2dae:event_139_parent_turn_98 skipping — predecessor failed
2026-09-03 16:23:44,936 - inference_perf.datagen.replay.replay_graph_session_datagen - INFO - Event wekatrace1_0475b786230f3f2e24220d28e247eaee2dae:event_140_parent_turn_99 skipping — predecessor failed
2026-09-03 16:23:44,936 - inference_perf.datagen.replay.replay_graph_session_datagen - INFO - Event wekatrace1_0475b786230f3f2e24220d28e247eaee2dae:event_141_parent_turn_100 skipping — predecessor failed
2026-09-03 16:23:44,936 - inference_perf.datagen.replay.replay_graph_session_datagen - INFO - Event wekatrace1_0475b786230f3f2e24220d28e247eaee2dae:event_142_parent_turn_101 skipping — predecessor failed
2026-09-03 16:23:44,936 - inference_perf.datagen.replay.replay_graph_session_datagen - INFO - Event wekatrace1_0475b786230f3f2e24220d28e247eaee2dae:event_143_parent_turn_102 skipping — predecessor failed
2026-09-03 16:23:44,936 - inference_perf.datagen.replay.replay_graph_session_datagen - INFO - Event wekatrace1_0475b786230f3f2e24220d28e247eaee2dae:event_144_parent_turn_103 skipping — predecessor failed
2026-09-03 16:23:44,936 - inference_perf.datagen.replay.replay_graph_session_datagen - INFO - Event wekatrace1_0475b786230f3f2e24220d28e247eaee2dae:event_145_parent_turn_104 skipping — predecessor failed
2026-09-03 16:23:44,937 - inference_perf.datagen.replay.replay_graph_session_datagen - INFO - Event wekatrace1_0475b786230f3f2e24220d28e247eaee2dae:event_146_parent_turn_105 skipping — predecessor failed
2026-09-03 16:23:44,937 - inference_perf.datagen.replay.replay_graph_session_datagen - INFO - Event wekatrace1_0475b786230f3f2e24220d28e247eaee2dae:event_147_parent_turn_106 skipping — predecessor failed
2026-09-03 16:23:44,937 - inference_perf.datagen.replay.replay_graph_session_datagen - INFO - Event wekatrace1_0475b786230f3f2e24220d28e247eaee2dae:event_148_parent_turn_107 skipping — predecessor failed
2026-09-03 16:23:44,937 - inference_perf.datagen.replay.replay_graph_session_datagen - INFO - Event wekatrace1_0475b786230f3f2e24220d28e247eaee2dae:event_149_parent_turn_108 skipping — predecessor failed
2026-09-03 16:23:44,937 - inference_perf.datagen.replay.replay_graph_session_datagen - INFO - Event wekatrace1_0475b786230f3f2e24220d28e247eaee2dae:event_150_parent_turn_109 skipping — predecessor failed
2026-09-03 16:23:44,937 - inference_perf.datagen.replay.replay_graph_session_datagen - INFO - Event wekatrace1_0475b786230f3f2e24220d28e247eaee2dae:event_151_parent_turn_110 skipping — predecessor failed
2026-09-03 16:23:44,937 - inference_perf.datagen.replay.replay_graph_session_datagen - INFO - Event wekatrace1_0475b786230f3f2e24220d28e247eaee2dae:event_152_parent_turn_111 skipping — predecessor failed
2026-09-03 16:23:44,937 - inference_perf.datagen.replay.replay_graph_session_datagen - INFO - Event wekatrace1_0475b786230f3f2e24220d28e247eaee2dae:event_153_parent_turn_112 skipping — predecessor failed
2026-09-03 16:23:44,938 - inference_perf.datagen.replay.replay_graph_session_datagen - INFO - Event wekatrace1_0475b786230f3f2e24220d28e247eaee2dae:event_154_parent_turn_113 skipping — predecessor failed
2026-09-03 16:23:44,938 - inference_perf.datagen.replay.replay_graph_session_datagen - INFO - Event wekatrace1_0475b786230f3f2e24220d28e247eaee2dae:event_155_parent_turn_114 skipping — predecessor failed
2026-09-03 16:23:44,938 - inference_perf.datagen.replay.replay_graph_session_datagen - INFO - Event wekatrace1_0475b786230f3f2e24220d28e247eaee2dae:event_156_parent_turn_115 skipping — predecessor failed
2026-09-03 16:23:44,938 - inference_perf.datagen.replay.replay_graph_session_datagen - INFO - Event wekatrace1_0475b786230f3f2e24220d28e247eaee2dae:event_157_parent_turn_116 skipping — predecessor failed
2026-09-03 16:23:44,938 - inference_perf.datagen.replay.replay_graph_session_datagen - INFO - Event wekatrace1_0475b786230f3f2e24220d28e247eaee2dae:event_158_parent_turn_117 skipping — predecessor failed
2026-09-03 16:23:44,938 - inference_perf.datagen.replay.replay_graph_session_datagen - INFO - Event wekatrace1_0475b786230f3f2e24220d28e247eaee2dae:event_159_parent_turn_118 skipping — predecessor failed
2026-09-03 16:23:44,938 - inference_perf.datagen.replay.replay_graph_session_datagen - INFO - Event wekatrace1_0475b786230f3f2e24220d28e247eaee2dae:event_160_parent_turn_119 skipping — predecessor failed
2026-09-03 16:23:44,939 - inference_perf.datagen.replay.replay_graph_session_datagen - INFO - Event wekatrace1_0475b786230f3f2e24220d28e247eaee2dae:event_161_parent_turn_120 skipping — predecessor failed
2026-09-03 16:23:44,939 - inference_perf.datagen.replay.replay_graph_session_datagen - INFO - Event wekatrace1_0475b786230f3f2e24220d28e247eaee2dae:event_162_parent_turn_121 skipping — predecessor failed
2026-09-03 16:23:44,939 - inference_perf.datagen.replay.replay_graph_session_datagen - INFO - Event wekatrace1_0475b786230f3f2e24220d28e247eaee2dae:event_163_parent_turn_122 skipping — predecessor failed
2026-09-03 16:23:44,940 - inference_perf.datagen.replay.replay_graph_session_datagen - INFO - Event wekatrace1_0475b786230f3f2e24220d28e247eaee2dae:event_164_parent_turn_123 skipping — predecessor failed
2026-09-03 16:23:44,940 - inference_perf.datagen.replay.replay_graph_session_datagen - INFO - Event wekatrace1_0475b786230f3f2e24220d28e247eaee2dae:event_165_parent_turn_124 skipping — predecessor failed
2026-09-03 16:23:44,940 - inference_perf.datagen.replay.replay_graph_session_datagen - INFO - Event wekatrace1_0475b786230f3f2e24220d28e247eaee2dae:event_166_parent_turn_125 skipping — predecessor failed
2026-09-03 16:23:44,940 - inference_perf.datagen.replay.replay_graph_session_datagen - INFO - Event wekatrace1_0475b786230f3f2e24220d28e247eaee2dae:event_167_parent_turn_126 skipping — predecessor failed
2026-09-03 16:23:44,941 - inference_perf.datagen.replay.replay_graph_session_datagen - INFO - Event wekatrace1_0475b786230f3f2e24220d28e247eaee2dae:event_168_parent_turn_127 skipping — predecessor failed
2026-09-03 16:23:44,941 - inference_perf.datagen.replay.replay_graph_session_datagen - INFO - Event wekatrace1_0475b786230f3f2e24220d28e247eaee2dae:event_169_parent_turn_128 skipping — predecessor failed
2026-09-03 16:23:44,941 - inference_perf.datagen.replay.replay_graph_session_datagen - INFO - Event wekatrace1_0475b786230f3f2e24220d28e247eaee2dae:event_170_parent_turn_129 skipping — predecessor failed
2026-09-03 16:23:44,941 - inference_perf.datagen.replay.replay_graph_session_datagen - INFO - Event wekatrace1_0475b786230f3f2e24220d28e247eaee2dae:event_171_parent_turn_130 skipping — predecessor failed
2026-09-03 16:23:44,941 - inference_perf.datagen.replay.replay_graph_session_datagen - INFO - Event wekatrace1_0475b786230f3f2e24220d28e247eaee2dae:event_172_parent_turn_131 skipping — predecessor failed
2026-09-03 16:23:44,942 - inference_perf.datagen.replay.replay_graph_session_datagen - INFO - Event wekatrace1_0475b786230f3f2e24220d28e247eaee2dae:event_173_parent_turn_132 skipping — predecessor failed
2026-09-03 16:23:44,942 - inference_perf.datagen.replay.replay_graph_session_datagen - INFO - Event wekatrace1_0475b786230f3f2e24220d28e247eaee2dae:event_174_parent_turn_133 skipping — predecessor failed
2026-09-03 16:23:44,942 - inference_perf.datagen.replay.replay_graph_session_datagen - INFO - Event wekatrace1_0475b786230f3f2e24220d28e247eaee2dae:event_175_parent_turn_134 skipping — predecessor failed
2026-09-03 16:23:44,942 - inference_perf.datagen.replay.replay_graph_session_datagen - INFO - Event wekatrace1_0475b786230f3f2e24220d28e247eaee2dae:event_176_parent_turn_135 skipping — predecessor failed
2026-09-03 16:23:44,943 - inference_perf.datagen.replay.replay_graph_session_datagen - INFO - Event wekatrace1_0475b786230f3f2e24220d28e247eaee2dae:event_177_parent_turn_136 skipping — predecessor failed
2026-09-03 16:23:44,943 - inference_perf.datagen.replay.replay_graph_session_datagen - INFO - Event wekatrace1_0475b786230f3f2e24220d28e247eaee2dae:event_178_parent_turn_137 skipping — predecessor failed
2026-09-03 16:23:44,943 - inference_perf.datagen.replay.replay_graph_session_datagen - INFO - Event wekatrace1_0475b786230f3f2e24220d28e247eaee2dae:event_179_parent_turn_138 skipping — predecessor failed
2026-09-03 16:23:44,943 - inference_perf.datagen.replay.replay_graph_session_datagen - INFO - Event wekatrace1_0475b786230f3f2e24220d28e247eaee2dae:event_180_parent_turn_139 skipping — predecessor failed
2026-09-03 16:23:44,943 - inference_perf.datagen.replay.replay_graph_session_datagen - INFO - Event wekatrace1_0475b786230f3f2e24220d28e247eaee2dae:event_181_parent_turn_140 skipping — predecessor failed
2026-09-03 16:23:44,944 - inference_perf.datagen.replay.replay_graph_session_datagen - INFO - Event wekatrace1_0475b786230f3f2e24220d28e247eaee2dae:event_182_parent_turn_141 skipping — predecessor failed
2026-09-03 16:23:44,944 - inference_perf.datagen.replay.replay_graph_session_datagen - INFO - Event wekatrace1_0475b786230f3f2e24220d28e247eaee2dae:event_183_parent_turn_142 skipping — predecessor failed
2026-09-03 16:23:44,944 - inference_perf.datagen.replay.replay_graph_session_datagen - INFO - Event wekatrace1_0475b786230f3f2e24220d28e247eaee2dae:event_184_parent_turn_143 skipping — predecessor failed
2026-09-03 16:23:44,944 - inference_perf.datagen.replay.replay_graph_session_datagen - INFO - Event wekatrace1_0475b786230f3f2e24220d28e247eaee2dae:event_185_parent_turn_144 skipping — predecessor failed
2026-09-03 16:23:44,944 - inference_perf.datagen.replay.replay_graph_session_datagen - INFO - Event wekatrace1_0475b786230f3f2e24220d28e247eaee2dae:event_186_parent_turn_145 skipping — predecessor failed
2026-09-03 16:23:44,944 - inference_perf.datagen.replay.replay_graph_session_datagen - INFO - Event wekatrace1_0475b786230f3f2e24220d28e247eaee2dae:event_187_parent_turn_146 skipping — predecessor failed
2026-09-03 16:23:44,945 - inference_perf.datagen.replay.replay_graph_session_datagen - INFO - Event wekatrace1_0475b786230f3f2e24220d28e247eaee2dae:event_188_parent_turn_147 skipping — predecessor failed
2026-09-03 16:23:44,945 - inference_perf.datagen.replay.replay_graph_session_datagen - INFO - Event wekatrace1_0475b786230f3f2e24220d28e247eaee2dae:event_189_parent_turn_148 skipping — predecessor failed
2026-09-03 16:23:44,945 - inference_perf.datagen.replay.replay_graph_session_datagen - INFO - Event wekatrace1_0475b786230f3f2e24220d28e247eaee2dae:event_190_parent_turn_149 skipping — predecessor failed
2026-09-03 16:23:44,945 - inference_perf.datagen.replay.replay_graph_session_datagen - INFO - Event wekatrace1_0475b786230f3f2e24220d28e247eaee2dae:event_191_parent_turn_150 skipping — predecessor failed
2026-09-03 16:23:45,249 - inference_perf.datagen.replay.replay_graph_session_datagen - INFO - Event wekatrace6_09a5d415a7157ed48a5a6fa2711f2d8565c1:event_077_parent_turn_41 skipping — predecessor wait failed: TimeoutError
2026-09-03 16:23:45,250 - inference_perf.datagen.replay.replay_graph_session_datagen - INFO - Event wekatrace6_09a5d415a7157ed48a5a6fa2711f2d8565c1:event_078_parent_turn_42 skipping — predecessor failed
2026-09-03 16:23:45,251 - inference_perf.datagen.replay.replay_graph_session_datagen - INFO - Event wekatrace6_09a5d415a7157ed48a5a6fa2711f2d8565c1:event_079_parent_turn_43 skipping — predecessor failed
2026-09-03 16:23:45,251 - inference_perf.datagen.replay.replay_graph_session_datagen - INFO - Event wekatrace6_09a5d415a7157ed48a5a6fa2711f2d8565c1:event_080_parent_turn_44 skipping — predecessor failed
2026-09-03 16:23:45,251 - inference_perf.datagen.replay.replay_graph_session_datagen - INFO - Event wekatrace6_09a5d415a7157ed48a5a6fa2711f2d8565c1:event_081_parent_turn_45 skipping — predecessor failed
2026-09-03 16:23:45,252 - inference_perf.datagen.replay.replay_graph_session_datagen - INFO - Event wekatrace6_09a5d415a7157ed48a5a6fa2711f2d8565c1:event_082_parent_turn_46 skipping — predecessor failed
2026-09-03 16:23:45,252 - inference_perf.datagen.replay.replay_graph_session_datagen - INFO - Event wekatrace6_09a5d415a7157ed48a5a6fa2711f2d8565c1:event_083_parent_turn_47 skipping — predecessor failed
2026-09-03 16:23:45,252 - inference_perf.datagen.replay.replay_graph_session_datagen - INFO - Event wekatrace6_09a5d415a7157ed48a5a6fa2711f2d8565c1:event_084_parent_turn_48 skipping — predecessor failed
2026-09-03 16:23:45,253 - inference_perf.datagen.replay.replay_graph_session_datagen - INFO - Event wekatrace6_09a5d415a7157ed48a5a6fa2711f2d8565c1:event_085_parent_turn_49 skipping — predecessor failed
2026-09-03 16:23:45,253 - inference_perf.datagen.replay.replay_graph_session_datagen - INFO - Event wekatrace6_09a5d415a7157ed48a5a6fa2711f2d8565c1:event_086_parent_turn_50 skipping — predecessor failed
2026-09-03 16:23:45,253 - inference_perf.datagen.replay.replay_graph_session_datagen - INFO - Event wekatrace6_09a5d415a7157ed48a5a6fa2711f2d8565c1:event_087_parent_turn_51 skipping — predecessor failed
2026-09-03 16:23:45,254 - inference_perf.datagen.replay.replay_graph_session_datagen - INFO - Event wekatrace6_09a5d415a7157ed48a5a6fa2711f2d8565c1:event_088_parent_turn_52 skipping — predecessor failed
2026-09-03 16:23:45,254 - inference_perf.datagen.replay.replay_graph_session_datagen - INFO - Event wekatrace6_09a5d415a7157ed48a5a6fa2711f2d8565c1:event_089_parent_turn_53 skipping — predecessor failed
2026-09-03 16:23:45,254 - inference_perf.datagen.replay.replay_graph_session_datagen - INFO - Event wekatrace6_09a5d415a7157ed48a5a6fa2711f2d8565c1:event_090_parent_turn_54 skipping — predecessor failed
2026-09-03 16:23:45,255 - inference_perf.datagen.replay.replay_graph_session_datagen - INFO - Event wekatrace6_09a5d415a7157ed48a5a6fa2711f2d8565c1:event_091_parent_turn_55 skipping — predecessor failed
2026-09-03 16:23:45,255 - inference_perf.datagen.replay.replay_graph_session_datagen - INFO - Event wekatrace6_09a5d415a7157ed48a5a6fa2711f2d8565c1:event_092_parent_turn_56 skipping — predecessor failed
2026-09-03 16:23:45,255 - inference_perf.datagen.replay.replay_graph_session_datagen - INFO - Event wekatrace6_09a5d415a7157ed48a5a6fa2711f2d8565c1:event_093_parent_turn_57 skipping — predecessor failed
2026-09-03 16:23:45,255 - inference_perf.datagen.replay.replay_graph_session_datagen - INFO - Event wekatrace6_09a5d415a7157ed48a5a6fa2711f2d8565c1:event_094_parent_turn_58 skipping — predecessor failed
2026-09-03 16:23:45,256 - inference_perf.datagen.replay.replay_graph_session_datagen - INFO - Event wekatrace6_09a5d415a7157ed48a5a6fa2711f2d8565c1:event_095_parent_turn_59 skipping — predecessor failed
2026-09-03 16:23:45,256 - inference_perf.datagen.replay.replay_graph_session_datagen - INFO - Event wekatrace6_09a5d415a7157ed48a5a6fa2711f2d8565c1:event_096_parent_turn_60 skipping — predecessor failed
2026-09-03 16:23:45,256 - inference_perf.datagen.replay.replay_graph_session_datagen - INFO - Event wekatrace6_09a5d415a7157ed48a5a6fa2711f2d8565c1:event_097_parent_turn_61 skipping — predecessor failed
2026-09-03 16:23:45,256 - inference_perf.datagen.replay.replay_graph_session_datagen - INFO - Event wekatrace2_04b25fe5b2ffa5e7ec9890426cce59838a05:event_027_parent_turn_27 skipping — predecessor wait failed: TimeoutError
2026-09-03 16:23:45,257 - inference_perf.datagen.replay.replay_graph_session_datagen - INFO - Event wekatrace6_09a5d415a7157ed48a5a6fa2711f2d8565c1:event_098_parent_turn_62 skipping — predecessor failed
2026-09-03 16:23:45,257 - inference_perf.datagen.replay.replay_graph_session_datagen - INFO - Event wekatrace6_09a5d415a7157ed48a5a6fa2711f2d8565c1:event_099_parent_turn_63 skipping — predecessor failed
2026-09-03 16:23:45,257 - inference_perf.datagen.replay.replay_graph_session_datagen - INFO - Event wekatrace2_04b25fe5b2ffa5e7ec9890426cce59838a05:event_028_parent_turn_28 skipping — predecessor failed
2026-09-03 16:23:45,257 - inference_perf.datagen.replay.replay_graph_session_datagen - INFO - Event wekatrace6_09a5d415a7157ed48a5a6fa2711f2d8565c1:event_100_parent_turn_64 skipping — predecessor failed
2026-09-03 16:23:45,257 - inference_perf.datagen.replay.replay_graph_session_datagen - INFO - Event wekatrace2_04b25fe5b2ffa5e7ec9890426cce59838a05:event_029_parent_turn_29 skipping — predecessor failed
2026-09-03 16:23:45,258 - inference_perf.datagen.replay.replay_graph_session_datagen - INFO - Event wekatrace6_09a5d415a7157ed48a5a6fa2711f2d8565c1:event_101_parent_turn_65 skipping — predecessor failed
2026-09-03 16:23:45,258 - inference_perf.datagen.replay.replay_graph_session_datagen - INFO - Event wekatrace2_04b25fe5b2ffa5e7ec9890426cce59838a05:event_030_parent_turn_30 skipping — predecessor failed
2026-09-03 16:23:45,258 - inference_perf.datagen.replay.replay_graph_session_datagen - INFO - Event wekatrace2_04b25fe5b2ffa5e7ec9890426cce59838a05:event_031_parent_turn_31 skipping — predecessor failed
2026-09-03 16:23:45,258 - inference_perf.datagen.replay.replay_graph_session_datagen - INFO - Event wekatrace6_09a5d415a7157ed48a5a6fa2711f2d8565c1:event_102_parent_turn_66 skipping — predecessor failed
2026-09-03 16:23:45,258 - inference_perf.datagen.replay.replay_graph_session_datagen - INFO - Event wekatrace2_04b25fe5b2ffa5e7ec9890426cce59838a05:event_032_parent_turn_32 skipping — predecessor failed
2026-09-03 16:23:45,258 - inference_perf.datagen.replay.replay_graph_session_datagen - INFO - Event wekatrace2_04b25fe5b2ffa5e7ec9890426cce59838a05:event_033_parent_turn_33 skipping — predecessor failed
2026-09-03 16:23:45,258 - inference_perf.datagen.replay.replay_graph_session_datagen - INFO - Event wekatrace6_09a5d415a7157ed48a5a6fa2711f2d8565c1:event_103_parent_turn_67 skipping — predecessor failed
2026-09-03 16:23:45,259 - inference_perf.datagen.replay.replay_graph_session_datagen - INFO - Event wekatrace2_04b25fe5b2ffa5e7ec9890426cce59838a05:event_034_parent_turn_34 skipping — predecessor failed
2026-09-03 16:23:45,259 - inference_perf.datagen.replay.replay_graph_session_datagen - INFO - Event wekatrace6_09a5d415a7157ed48a5a6fa2711f2d8565c1:event_104_parent_turn_68 skipping — predecessor failed
2026-09-03 16:23:45,259 - inference_perf.datagen.replay.replay_graph_session_datagen - INFO - Event wekatrace2_04b25fe5b2ffa5e7ec9890426cce59838a05:event_035_parent_turn_35 skipping — predecessor failed
2026-09-03 16:23:45,259 - inference_perf.datagen.replay.replay_graph_session_datagen - INFO - Event wekatrace6_09a5d415a7157ed48a5a6fa2711f2d8565c1:event_105_parent_turn_69 skipping — predecessor failed
2026-09-03 16:23:45,259 - inference_perf.datagen.replay.replay_graph_session_datagen - INFO - Event wekatrace2_04b25fe5b2ffa5e7ec9890426cce59838a05:event_036_parent_turn_36 skipping — predecessor failed
2026-09-03 16:23:45,259 - inference_perf.datagen.replay.replay_graph_session_datagen - INFO - Event wekatrace6_09a5d415a7157ed48a5a6fa2711f2d8565c1:event_106_parent_turn_70 skipping — predecessor failed
2026-09-03 16:23:45,260 - inference_perf.datagen.replay.replay_graph_session_datagen - INFO - Event wekatrace2_04b25fe5b2ffa5e7ec9890426cce59838a05:event_037_parent_turn_37 skipping — predecessor failed
2026-09-03 16:23:45,260 - inference_perf.datagen.replay.replay_graph_session_datagen - INFO - Event wekatrace2_04b25fe5b2ffa5e7ec9890426cce59838a05:event_038_parent_turn_38 skipping — predecessor failed
2026-09-03 16:23:45,260 - inference_perf.datagen.replay.replay_graph_session_datagen - INFO - Event wekatrace6_09a5d415a7157ed48a5a6fa2711f2d8565c1:event_107_parent_turn_71 skipping — predecessor failed
2026-09-03 16:23:45,260 - inference_perf.datagen.replay.replay_graph_session_datagen - INFO - Event wekatrace2_04b25fe5b2ffa5e7ec9890426cce59838a05:event_039_parent_turn_39 skipping — predecessor failed
2026-09-03 16:23:45,260 - inference_perf.datagen.replay.replay_graph_session_datagen - INFO - Event wekatrace2_04b25fe5b2ffa5e7ec9890426cce59838a05:event_040_parent_turn_40 skipping — predecessor failed
2026-09-03 16:23:45,260 - inference_perf.datagen.replay.replay_graph_session_datagen - INFO - Event wekatrace6_09a5d415a7157ed48a5a6fa2711f2d8565c1:event_108_sa_subagent_003_0f12b448_s0_turn_0 skipping — predecessor failed
2026-09-03 16:23:45,260 - inference_perf.datagen.replay.replay_graph_session_datagen - INFO - Event wekatrace6_09a5d415a7157ed48a5a6fa2711f2d8565c1:event_137_parent_turn_72 skipping — predecessor failed
2026-09-03 16:23:45,260 - inference_perf.datagen.replay.replay_graph_session_datagen - INFO - Event wekatrace2_04b25fe5b2ffa5e7ec9890426cce59838a05:event_041_parent_turn_41 skipping — predecessor failed
2026-09-03 16:23:45,261 - inference_perf.datagen.replay.replay_graph_session_datagen - INFO - Event wekatrace6_09a5d415a7157ed48a5a6fa2711f2d8565c1:event_109_sa_subagent_003_0f12b448_s0_turn_1 skipping — predecessor failed
2026-09-03 16:23:45,261 - inference_perf.datagen.replay.replay_graph_session_datagen - INFO - Event wekatrace2_04b25fe5b2ffa5e7ec9890426cce59838a05:event_042_parent_turn_42 skipping — predecessor failed
2026-09-03 16:23:45,261 - inference_perf.datagen.replay.replay_graph_session_datagen - INFO - Event wekatrace2_04b25fe5b2ffa5e7ec9890426cce59838a05:event_043_parent_turn_43 skipping — predecessor failed
2026-09-03 16:23:45,261 - inference_perf.datagen.replay.replay_graph_session_datagen - INFO - Event wekatrace6_09a5d415a7157ed48a5a6fa2711f2d8565c1:event_151_parent_turn_73 skipping — predecessor failed
2026-09-03 16:23:45,261 - inference_perf.datagen.replay.replay_graph_session_datagen - INFO - Event wekatrace2_04b25fe5b2ffa5e7ec9890426cce59838a05:event_044_parent_turn_44 skipping — predecessor failed
2026-09-03 16:23:45,261 - inference_perf.datagen.replay.replay_graph_session_datagen - INFO - Event wekatrace6_09a5d415a7157ed48a5a6fa2711f2d8565c1:event_110_sa_subagent_003_0f12b448_s0_turn_2 skipping — predecessor failed
2026-09-03 16:23:45,261 - inference_perf.datagen.replay.replay_graph_session_datagen - INFO - Event wekatrace2_04b25fe5b2ffa5e7ec9890426cce59838a05:event_045_parent_turn_45 skipping — predecessor failed
2026-09-03 16:23:45,261 - inference_perf.datagen.replay.replay_graph_session_datagen - INFO - Event wekatrace6_09a5d415a7157ed48a5a6fa2711f2d8565c1:event_152_parent_turn_74 skipping — predecessor failed
2026-09-03 16:23:45,261 - inference_perf.datagen.replay.replay_graph_session_datagen - INFO - Event wekatrace2_04b25fe5b2ffa5e7ec9890426cce59838a05:event_046_parent_turn_46 skipping — predecessor failed
2026-09-03 16:23:45,261 - inference_perf.datagen.replay.replay_graph_session_datagen - INFO - Event wekatrace2_04b25fe5b2ffa5e7ec9890426cce59838a05:event_047_parent_turn_47 skipping — predecessor failed
2026-09-03 16:23:45,262 - inference_perf.datagen.replay.replay_graph_session_datagen - INFO - Event wekatrace6_09a5d415a7157ed48a5a6fa2711f2d8565c1:event_111_sa_subagent_003_0f12b448_s0_turn_3 skipping — predecessor failed
2026-09-03 16:23:45,262 - inference_perf.datagen.replay.replay_graph_session_datagen - INFO - Event wekatrace2_04b25fe5b2ffa5e7ec9890426cce59838a05:event_048_parent_turn_48 skipping — predecessor failed
2026-09-03 16:23:45,262 - inference_perf.datagen.replay.replay_graph_session_datagen - INFO - Event wekatrace6_09a5d415a7157ed48a5a6fa2711f2d8565c1:event_112_sa_subagent_003_0f12b448_s0_turn_4 skipping — predecessor failed
2026-09-03 16:23:45,262 - inference_perf.datagen.replay.replay_graph_session_datagen - INFO - Event wekatrace6_09a5d415a7157ed48a5a6fa2711f2d8565c1:event_153_parent_turn_75 skipping — predecessor failed
2026-09-03 16:23:45,262 - inference_perf.datagen.replay.replay_graph_session_datagen - INFO - Event wekatrace2_04b25fe5b2ffa5e7ec9890426cce59838a05:event_049_parent_turn_49 skipping — predecessor failed
2026-09-03 16:23:45,262 - inference_perf.datagen.replay.replay_graph_session_datagen - INFO - Event wekatrace6_09a5d415a7157ed48a5a6fa2711f2d8565c1:event_113_sa_subagent_003_0f12b448_s0_turn_5 skipping — predecessor failed
2026-09-03 16:23:45,262 - inference_perf.datagen.replay.replay_graph_session_datagen - INFO - Event wekatrace2_04b25fe5b2ffa5e7ec9890426cce59838a05:event_050_parent_turn_50 skipping — predecessor failed
2026-09-03 16:23:45,262 - inference_perf.datagen.replay.replay_graph_session_datagen - INFO - Event wekatrace6_09a5d415a7157ed48a5a6fa2711f2d8565c1:event_154_parent_turn_76 skipping — predecessor failed
2026-09-03 16:23:45,263 - inference_perf.datagen.replay.replay_graph_session_datagen - INFO - Event wekatrace2_04b25fe5b2ffa5e7ec9890426cce59838a05:event_051_parent_turn_51 skipping — predecessor failed
2026-09-03 16:23:45,263 - inference_perf.datagen.replay.replay_graph_session_datagen - INFO - Event wekatrace6_09a5d415a7157ed48a5a6fa2711f2d8565c1:event_155_parent_turn_77 skipping — predecessor failed
2026-09-03 16:23:45,263 - inference_perf.datagen.replay.replay_graph_session_datagen - INFO - Event wekatrace2_04b25fe5b2ffa5e7ec9890426cce59838a05:event_052_parent_turn_52 skipping — predecessor failed
2026-09-03 16:23:45,263 - inference_perf.datagen.replay.replay_graph_session_datagen - INFO - Event wekatrace6_09a5d415a7157ed48a5a6fa2711f2d8565c1:event_114_sa_subagent_003_0f12b448_s0_turn_6 skipping — predecessor failed
2026-09-03 16:23:45,263 - inference_perf.datagen.replay.replay_graph_session_datagen - INFO - Event wekatrace2_04b25fe5b2ffa5e7ec9890426cce59838a05:event_053_parent_turn_53 skipping — predecessor failed
2026-09-03 16:23:45,263 - inference_perf.datagen.replay.replay_graph_session_datagen - INFO - Event wekatrace6_09a5d415a7157ed48a5a6fa2711f2d8565c1:event_115_sa_subagent_003_0f12b448_s0_turn_7 skipping — predecessor failed
2026-09-03 16:23:45,263 - inference_perf.datagen.replay.replay_graph_session_datagen - INFO - Event wekatrace6_09a5d415a7157ed48a5a6fa2711f2d8565c1:event_156_parent_turn_78 skipping — predecessor failed
2026-09-03 16:23:45,263 - inference_perf.datagen.replay.replay_graph_session_datagen - INFO - Event wekatrace2_04b25fe5b2ffa5e7ec9890426cce59838a05:event_054_parent_turn_54 skipping — predecessor failed
2026-09-03 16:23:45,264 - inference_perf.datagen.replay.replay_graph_session_datagen - INFO - Event wekatrace6_09a5d415a7157ed48a5a6fa2711f2d8565c1:event_116_sa_subagent_003_0f12b448_s0_turn_8 skipping — predecessor failed
2026-09-03 16:23:45,264 - inference_perf.datagen.replay.replay_graph_session_datagen - INFO - Event wekatrace2_04b25fe5b2ffa5e7ec9890426cce59838a05:event_055_parent_turn_55 skipping — predecessor failed
2026-09-03 16:23:45,264 - inference_perf.datagen.replay.replay_graph_session_datagen - INFO - Event wekatrace6_09a5d415a7157ed48a5a6fa2711f2d8565c1:event_157_parent_turn_79 skipping — predecessor failed
2026-09-03 16:23:45,264 - inference_perf.datagen.replay.replay_graph_session_datagen - INFO - Event wekatrace2_04b25fe5b2ffa5e7ec9890426cce59838a05:event_056_parent_turn_56 skipping — predecessor failed
2026-09-03 16:23:45,264 - inference_perf.datagen.replay.replay_graph_session_datagen - INFO - Event wekatrace6_09a5d415a7157ed48a5a6fa2711f2d8565c1:event_117_sa_subagent_003_0f12b448_s0_turn_9 skipping — predecessor failed
2026-09-03 16:23:45,264 - inference_perf.datagen.replay.replay_graph_session_datagen - INFO - Event wekatrace6_09a5d415a7157ed48a5a6fa2711f2d8565c1:event_158_parent_turn_80 skipping — predecessor failed
2026-09-03 16:23:45,264 - inference_perf.datagen.replay.replay_graph_session_datagen - INFO - Event wekatrace2_04b25fe5b2ffa5e7ec9890426cce59838a05:event_057_parent_turn_57 skipping — predecessor failed
2026-09-03 16:23:45,265 - inference_perf.datagen.replay.replay_graph_session_datagen - INFO - Event wekatrace2_04b25fe5b2ffa5e7ec9890426cce59838a05:event_058_parent_turn_58 skipping — predecessor failed
2026-09-03 16:23:45,265 - inference_perf.datagen.replay.replay_graph_session_datagen - INFO - Event wekatrace6_09a5d415a7157ed48a5a6fa2711f2d8565c1:event_118_sa_subagent_003_0f12b448_s0_turn_10 skipping — predecessor failed
2026-09-03 16:23:45,265 - inference_perf.datagen.replay.replay_graph_session_datagen - INFO - Event wekatrace6_09a5d415a7157ed48a5a6fa2711f2d8565c1:event_159_parent_turn_81 skipping — predecessor failed
2026-09-03 16:23:45,265 - inference_perf.datagen.replay.replay_graph_session_datagen - INFO - Event wekatrace2_04b25fe5b2ffa5e7ec9890426cce59838a05:event_059_parent_turn_59 skipping — predecessor failed
2026-09-03 16:23:45,265 - inference_perf.datagen.replay.replay_graph_session_datagen - INFO - Event wekatrace6_09a5d415a7157ed48a5a6fa2711f2d8565c1:event_160_parent_turn_82 skipping — predecessor failed
2026-09-03 16:23:45,265 - inference_perf.datagen.replay.replay_graph_session_datagen - INFO - Event wekatrace2_04b25fe5b2ffa5e7ec9890426cce59838a05:event_060_parent_turn_60 skipping — predecessor failed
2026-09-03 16:23:45,265 - inference_perf.datagen.replay.replay_graph_session_datagen - INFO - Event wekatrace6_09a5d415a7157ed48a5a6fa2711f2d8565c1:event_119_sa_subagent_003_0f12b448_s0_turn_11 skipping — predecessor failed
2026-09-03 16:23:45,265 - inference_perf.datagen.replay.replay_graph_session_datagen - INFO - Event wekatrace2_04b25fe5b2ffa5e7ec9890426cce59838a05:event_061_parent_turn_61 skipping — predecessor failed
2026-09-03 16:23:45,265 - inference_perf.datagen.replay.replay_graph_session_datagen - INFO - Event wekatrace6_09a5d415a7157ed48a5a6fa2711f2d8565c1:event_161_parent_turn_83 skipping — predecessor failed
2026-09-03 16:23:45,266 - inference_perf.datagen.replay.replay_graph_session_datagen - INFO - Event wekatrace2_04b25fe5b2ffa5e7ec9890426cce59838a05:event_062_parent_turn_62 skipping — predecessor failed
2026-09-03 16:23:45,266 - inference_perf.datagen.replay.replay_graph_session_datagen - INFO - Event wekatrace6_09a5d415a7157ed48a5a6fa2711f2d8565c1:event_120_sa_subagent_003_0f12b448_s0_turn_12 skipping — predecessor failed
2026-09-03 16:23:45,266 - inference_perf.datagen.replay.replay_graph_session_datagen - INFO - Event wekatrace6_09a5d415a7157ed48a5a6fa2711f2d8565c1:event_162_parent_turn_84 skipping — predecessor failed
2026-09-03 16:23:45,266 - inference_perf.datagen.replay.replay_graph_session_datagen - INFO - Event wekatrace2_04b25fe5b2ffa5e7ec9890426cce59838a05:event_063_parent_turn_63 skipping — predecessor failed
2026-09-03 16:23:45,266 - inference_perf.datagen.replay.replay_graph_session_datagen - INFO - Event wekatrace6_09a5d415a7157ed48a5a6fa2711f2d8565c1:event_121_sa_subagent_003_0f12b448_s0_turn_13 skipping — predecessor failed
2026-09-03 16:23:45,266 - inference_perf.datagen.replay.replay_graph_session_datagen - INFO - Event wekatrace2_04b25fe5b2ffa5e7ec9890426cce59838a05:event_064_parent_turn_64 skipping — predecessor failed
2026-09-03 16:23:45,266 - inference_perf.datagen.replay.replay_graph_session_datagen - INFO - Event wekatrace2_04b25fe5b2ffa5e7ec9890426cce59838a05:event_065_parent_turn_65 skipping — predecessor failed
2026-09-03 16:23:45,266 - inference_perf.datagen.replay.replay_graph_session_datagen - INFO - Event wekatrace6_09a5d415a7157ed48a5a6fa2711f2d8565c1:event_163_parent_turn_85 skipping — predecessor failed
2026-09-03 16:23:45,267 - inference_perf.datagen.replay.replay_graph_session_datagen - INFO - Event wekatrace2_04b25fe5b2ffa5e7ec9890426cce59838a05:event_066_parent_turn_66 skipping — predecessor failed
2026-09-03 16:23:45,267 - inference_perf.datagen.replay.replay_graph_session_datagen - INFO - Event wekatrace6_09a5d415a7157ed48a5a6fa2711f2d8565c1:event_122_sa_subagent_003_0f12b448_s0_turn_14 skipping — predecessor failed
2026-09-03 16:23:45,267 - inference_perf.datagen.replay.replay_graph_session_datagen - INFO - Event wekatrace2_04b25fe5b2ffa5e7ec9890426cce59838a05:event_067_parent_turn_67 skipping — predecessor failed
2026-09-03 16:23:45,267 - inference_perf.datagen.replay.replay_graph_session_datagen - INFO - Event wekatrace2_04b25fe5b2ffa5e7ec9890426cce59838a05:event_068_parent_turn_68 skipping — predecessor failed
2026-09-03 16:23:45,267 - inference_perf.datagen.replay.replay_graph_session_datagen - INFO - Event wekatrace6_09a5d415a7157ed48a5a6fa2711f2d8565c1:event_164_parent_turn_86 skipping — predecessor failed
2026-09-03 16:23:45,267 - inference_perf.datagen.replay.replay_graph_session_datagen - INFO - Event wekatrace2_04b25fe5b2ffa5e7ec9890426cce59838a05:event_069_parent_turn_69 skipping — predecessor failed
2026-09-03 16:23:45,267 - inference_perf.datagen.replay.replay_graph_session_datagen - INFO - Event wekatrace2_04b25fe5b2ffa5e7ec9890426cce59838a05:event_070_parent_turn_70 skipping — predecessor failed
2026-09-03 16:23:45,267 - inference_perf.datagen.replay.replay_graph_session_datagen - INFO - Event wekatrace6_09a5d415a7157ed48a5a6fa2711f2d8565c1:event_123_sa_subagent_003_0f12b448_s0_turn_15 skipping — predecessor failed
2026-09-03 16:23:45,268 - inference_perf.datagen.replay.replay_graph_session_datagen - INFO - Event wekatrace2_04b25fe5b2ffa5e7ec9890426cce59838a05:event_071_parent_turn_71 skipping — predecessor failed
2026-09-03 16:23:45,268 - inference_perf.datagen.replay.replay_graph_session_datagen - INFO - Event wekatrace6_09a5d415a7157ed48a5a6fa2711f2d8565c1:event_165_parent_turn_87 skipping — predecessor failed
2026-09-03 16:23:45,268 - inference_perf.datagen.replay.replay_graph_session_datagen - INFO - Event wekatrace2_04b25fe5b2ffa5e7ec9890426cce59838a05:event_072_parent_turn_72 skipping — predecessor failed
2026-09-03 16:23:45,268 - inference_perf.datagen.replay.replay_graph_session_datagen - INFO - Event wekatrace2_04b25fe5b2ffa5e7ec9890426cce59838a05:event_073_parent_turn_73 skipping — predecessor failed
2026-09-03 16:23:45,268 - inference_perf.datagen.replay.replay_graph_session_datagen - INFO - Event wekatrace6_09a5d415a7157ed48a5a6fa2711f2d8565c1:event_124_sa_subagent_003_0f12b448_s0_turn_16 skipping — predecessor failed
2026-09-03 16:23:45,268 - inference_perf.datagen.replay.replay_graph_session_datagen - INFO - Event wekatrace2_04b25fe5b2ffa5e7ec9890426cce59838a05:event_074_parent_turn_74 skipping — predecessor failed
2026-09-03 16:23:45,268 - inference_perf.datagen.replay.replay_graph_session_datagen - INFO - Event wekatrace6_09a5d415a7157ed48a5a6fa2711f2d8565c1:event_166_parent_turn_88 skipping — predecessor failed
2026-09-03 16:23:45,268 - inference_perf.datagen.replay.replay_graph_session_datagen - INFO - Event wekatrace2_04b25fe5b2ffa5e7ec9890426cce59838a05:event_075_parent_turn_75 skipping — predecessor failed
2026-09-03 16:23:45,268 - inference_perf.datagen.replay.replay_graph_session_datagen - INFO - Event wekatrace2_04b25fe5b2ffa5e7ec9890426cce59838a05:event_076_parent_turn_76 skipping — predecessor failed
2026-09-03 16:23:45,268 - inference_perf.datagen.replay.replay_graph_session_datagen - INFO - Event wekatrace6_09a5d415a7157ed48a5a6fa2711f2d8565c1:event_125_sa_subagent_004_63f13122_s0_turn_0 skipping — predecessor failed
2026-09-03 16:23:45,268 - inference_perf.datagen.replay.replay_graph_session_datagen - INFO - Event wekatrace2_04b25fe5b2ffa5e7ec9890426cce59838a05:event_077_parent_turn_77 skipping — predecessor failed
2026-09-03 16:23:45,268 - inference_perf.datagen.replay.replay_graph_session_datagen - INFO - Event wekatrace6_09a5d415a7157ed48a5a6fa2711f2d8565c1:event_167_parent_turn_89 skipping — predecessor failed
2026-09-03 16:23:45,269 - inference_perf.datagen.replay.replay_graph_session_datagen - INFO - Event wekatrace2_04b25fe5b2ffa5e7ec9890426cce59838a05:event_078_parent_turn_78 skipping — predecessor failed
2026-09-03 16:23:45,269 - inference_perf.datagen.replay.replay_graph_session_datagen - INFO - Event wekatrace6_09a5d415a7157ed48a5a6fa2711f2d8565c1:event_126_sa_subagent_004_63f13122_s0_turn_1 skipping — predecessor failed
2026-09-03 16:23:45,269 - inference_perf.datagen.replay.replay_graph_session_datagen - INFO - Event wekatrace2_04b25fe5b2ffa5e7ec9890426cce59838a05:event_079_parent_turn_79 skipping — predecessor failed
2026-09-03 16:23:45,269 - inference_perf.datagen.replay.replay_graph_session_datagen - INFO - Event wekatrace6_09a5d415a7157ed48a5a6fa2711f2d8565c1:event_168_parent_turn_90 skipping — predecessor failed
2026-09-03 16:23:45,269 - inference_perf.datagen.replay.replay_graph_session_datagen - INFO - Event wekatrace2_04b25fe5b2ffa5e7ec9890426cce59838a05:event_080_parent_turn_80 skipping — predecessor failed
2026-09-03 16:23:45,269 - inference_perf.datagen.replay.replay_graph_session_datagen - INFO - Event wekatrace6_09a5d415a7157ed48a5a6fa2711f2d8565c1:event_127_sa_subagent_004_63f13122_s0_turn_2 skipping — predecessor failed
2026-09-03 16:23:45,269 - inference_perf.datagen.replay.replay_graph_session_datagen - INFO - Event wekatrace2_04b25fe5b2ffa5e7ec9890426cce59838a05:event_081_parent_turn_81 skipping — predecessor failed
2026-09-03 16:23:45,269 - inference_perf.datagen.replay.replay_graph_session_datagen - INFO - Event wekatrace6_09a5d415a7157ed48a5a6fa2711f2d8565c1:event_169_parent_turn_91 skipping — predecessor failed
2026-09-03 16:23:45,269 - inference_perf.datagen.replay.replay_graph_session_datagen - INFO - Event wekatrace2_04b25fe5b2ffa5e7ec9890426cce59838a05:event_082_parent_turn_82 skipping — predecessor failed
2026-09-03 16:23:45,270 - inference_perf.datagen.replay.replay_graph_session_datagen - INFO - Event wekatrace2_04b25fe5b2ffa5e7ec9890426cce59838a05:event_083_parent_turn_83 skipping — predecessor failed
2026-09-03 16:23:45,270 - inference_perf.datagen.replay.replay_graph_session_datagen - INFO - Event wekatrace6_09a5d415a7157ed48a5a6fa2711f2d8565c1:event_128_sa_subagent_004_63f13122_s0_turn_3 skipping — predecessor failed
2026-09-03 16:23:45,270 - inference_perf.datagen.replay.replay_graph_session_datagen - INFO - Event wekatrace2_04b25fe5b2ffa5e7ec9890426cce59838a05:event_084_parent_turn_84 skipping — predecessor failed
2026-09-03 16:23:45,270 - inference_perf.datagen.replay.replay_graph_session_datagen - INFO - Event wekatrace6_09a5d415a7157ed48a5a6fa2711f2d8565c1:event_170_parent_turn_92 skipping — predecessor failed
2026-09-03 16:23:45,270 - inference_perf.datagen.replay.replay_graph_session_datagen - INFO - Event wekatrace2_04b25fe5b2ffa5e7ec9890426cce59838a05:event_085_parent_turn_85 skipping — predecessor failed
2026-09-03 16:23:45,270 - inference_perf.datagen.replay.replay_graph_session_datagen - INFO - Event wekatrace2_04b25fe5b2ffa5e7ec9890426cce59838a05:event_086_parent_turn_86 skipping — predecessor failed
2026-09-03 16:23:45,270 - inference_perf.datagen.replay.replay_graph_session_datagen - INFO - Event wekatrace2_04b25fe5b2ffa5e7ec9890426cce59838a05:event_087_parent_turn_87 skipping — predecessor failed
2026-09-03 16:23:45,271 - inference_perf.datagen.replay.replay_graph_session_datagen - INFO - Event wekatrace6_09a5d415a7157ed48a5a6fa2711f2d8565c1:event_129_sa_subagent_004_63f13122_s0_turn_4 skipping — predecessor failed
2026-09-03 16:23:45,271 - inference_perf.datagen.replay.replay_graph_session_datagen - INFO - Event wekatrace2_04b25fe5b2ffa5e7ec9890426cce59838a05:event_088_parent_turn_88 skipping — predecessor failed
2026-09-03 16:23:45,271 - inference_perf.datagen.replay.replay_graph_session_datagen - INFO - Event wekatrace6_09a5d415a7157ed48a5a6fa2711f2d8565c1:event_171_parent_turn_93 skipping — predecessor failed
2026-09-03 16:23:45,271 - inference_perf.datagen.replay.replay_graph_session_datagen - INFO - Event wekatrace2_04b25fe5b2ffa5e7ec9890426cce59838a05:event_089_parent_turn_89 skipping — predecessor failed
2026-09-03 16:23:45,271 - inference_perf.datagen.replay.replay_graph_session_datagen - INFO - Event wekatrace6_09a5d415a7157ed48a5a6fa2711f2d8565c1:event_130_sa_subagent_004_63f13122_s0_turn_5 skipping — predecessor failed
2026-09-03 16:23:45,271 - inference_perf.datagen.replay.replay_graph_session_datagen - INFO - Event wekatrace2_04b25fe5b2ffa5e7ec9890426cce59838a05:event_090_parent_turn_90 skipping — predecessor failed
2026-09-03 16:23:45,271 - inference_perf.datagen.replay.replay_graph_session_datagen - INFO - Event wekatrace6_09a5d415a7157ed48a5a6fa2711f2d8565c1:event_172_parent_turn_94 skipping — predecessor failed
2026-09-03 16:23:45,271 - inference_perf.datagen.replay.replay_graph_session_datagen - INFO - Event wekatrace2_04b25fe5b2ffa5e7ec9890426cce59838a05:event_091_sa_subagent_001_ea921d3b_s0_turn_0 skipping — predecessor failed
2026-09-03 16:23:45,271 - inference_perf.datagen.replay.replay_graph_session_datagen - INFO - Event wekatrace6_09a5d415a7157ed48a5a6fa2711f2d8565c1:event_131_sa_subagent_004_63f13122_s0_turn_6 skipping — predecessor failed
2026-09-03 16:23:45,271 - inference_perf.datagen.replay.replay_graph_session_datagen - INFO - Event wekatrace2_04b25fe5b2ffa5e7ec9890426cce59838a05:event_130_parent_turn_91 skipping — predecessor failed
2026-09-03 16:23:45,271 - inference_perf.datagen.replay.replay_graph_session_datagen - INFO - Event wekatrace6_09a5d415a7157ed48a5a6fa2711f2d8565c1:event_173_parent_turn_95 skipping — predecessor failed
2026-09-03 16:23:45,271 - inference_perf.datagen.replay.replay_graph_session_datagen - INFO - Event wekatrace2_04b25fe5b2ffa5e7ec9890426cce59838a05:event_092_sa_subagent_001_ea921d3b_s0_turn_1 skipping — predecessor failed
2026-09-03 16:23:45,271 - inference_perf.datagen.replay.replay_graph_session_datagen - INFO - Event wekatrace2_04b25fe5b2ffa5e7ec9890426cce59838a05:event_131_parent_turn_92 skipping — predecessor failed
2026-09-03 16:23:45,271 - inference_perf.datagen.replay.replay_graph_session_datagen - INFO - Event wekatrace6_09a5d415a7157ed48a5a6fa2711f2d8565c1:event_132_sa_subagent_004_63f13122_s0_turn_7 skipping — predecessor failed
2026-09-03 16:23:45,272 - inference_perf.datagen.replay.replay_graph_session_datagen - INFO - Event wekatrace6_09a5d415a7157ed48a5a6fa2711f2d8565c1:event_174_parent_turn_96 skipping — predecessor failed
2026-09-03 16:23:45,272 - inference_perf.datagen.replay.replay_graph_session_datagen - INFO - Event wekatrace2_04b25fe5b2ffa5e7ec9890426cce59838a05:event_093_sa_subagent_001_ea921d3b_s0_turn_2 skipping — predecessor failed
2026-09-03 16:23:45,272 - inference_perf.datagen.replay.replay_graph_session_datagen - INFO - Event wekatrace2_04b25fe5b2ffa5e7ec9890426cce59838a05:event_132_parent_turn_93 skipping — predecessor failed
2026-09-03 16:23:45,272 - inference_perf.datagen.replay.replay_graph_session_datagen - INFO - Event wekatrace6_09a5d415a7157ed48a5a6fa2711f2d8565c1:event_133_sa_subagent_004_63f13122_s0_turn_8 skipping — predecessor failed
2026-09-03 16:23:45,272 - inference_perf.datagen.replay.replay_graph_session_datagen - INFO - Event wekatrace6_09a5d415a7157ed48a5a6fa2711f2d8565c1:event_175_parent_turn_97 skipping — predecessor failed
2026-09-03 16:23:45,272 - inference_perf.datagen.replay.replay_graph_session_datagen - INFO - Event wekatrace2_04b25fe5b2ffa5e7ec9890426cce59838a05:event_094_sa_subagent_001_ea921d3b_s0_turn_3 skipping — predecessor failed
2026-09-03 16:23:45,272 - inference_perf.datagen.replay.replay_graph_session_datagen - INFO - Event wekatrace6_09a5d415a7157ed48a5a6fa2711f2d8565c1:event_134_sa_subagent_004_63f13122_s0_turn_9 skipping — predecessor failed
2026-09-03 16:23:45,272 - inference_perf.datagen.replay.replay_graph_session_datagen - INFO - Event wekatrace2_04b25fe5b2ffa5e7ec9890426cce59838a05:event_133_parent_turn_94 skipping — predecessor failed
2026-09-03 16:23:45,272 - inference_perf.datagen.replay.replay_graph_session_datagen - INFO - Event wekatrace6_09a5d415a7157ed48a5a6fa2711f2d8565c1:event_176_parent_turn_98 skipping — predecessor failed
2026-09-03 16:23:45,272 - inference_perf.datagen.replay.replay_graph_session_datagen - INFO - Event wekatrace2_04b25fe5b2ffa5e7ec9890426cce59838a05:event_134_parent_turn_95 skipping — predecessor failed
2026-09-03 16:23:45,272 - inference_perf.datagen.replay.replay_graph_session_datagen - INFO - Event wekatrace6_09a5d415a7157ed48a5a6fa2711f2d8565c1:event_135_sa_subagent_004_63f13122_s0_turn_10 skipping — predecessor failed
2026-09-03 16:23:45,272 - inference_perf.datagen.replay.replay_graph_session_datagen - INFO - Event wekatrace6_09a5d415a7157ed48a5a6fa2711f2d8565c1:event_177_parent_turn_99 skipping — predecessor failed
2026-09-03 16:23:45,272 - inference_perf.datagen.replay.replay_graph_session_datagen - INFO - Event wekatrace2_04b25fe5b2ffa5e7ec9890426cce59838a05:event_095_sa_subagent_001_ea921d3b_s0_turn_4 skipping — predecessor failed
2026-09-03 16:23:45,272 - inference_perf.datagen.replay.replay_graph_session_datagen - INFO - Event wekatrace6_09a5d415a7157ed48a5a6fa2711f2d8565c1:event_136_sa_subagent_004_63f13122_s0_turn_11 skipping — predecessor failed
2026-09-03 16:23:45,272 - inference_perf.datagen.replay.replay_graph_session_datagen - INFO - Event wekatrace2_04b25fe5b2ffa5e7ec9890426cce59838a05:event_135_parent_turn_96 skipping — predecessor failed
2026-09-03 16:23:45,273 - inference_perf.datagen.replay.replay_graph_session_datagen - INFO - Event wekatrace6_09a5d415a7157ed48a5a6fa2711f2d8565c1:event_178_parent_turn_100 skipping — predecessor failed
2026-09-03 16:23:45,273 - inference_perf.datagen.replay.replay_graph_session_datagen - INFO - Event wekatrace2_04b25fe5b2ffa5e7ec9890426cce59838a05:event_096_sa_subagent_001_ea921d3b_s0_turn_5 skipping — predecessor failed
2026-09-03 16:23:45,273 - inference_perf.datagen.replay.replay_graph_session_datagen - INFO - Event wekatrace2_04b25fe5b2ffa5e7ec9890426cce59838a05:event_136_parent_turn_97 skipping — predecessor failed
2026-09-03 16:23:45,273 - inference_perf.datagen.replay.replay_graph_session_datagen - INFO - Event wekatrace6_09a5d415a7157ed48a5a6fa2711f2d8565c1:event_138_sa_subagent_005_cb11a7ac_s0_turn_0 skipping — predecessor failed
2026-09-03 16:23:45,273 - inference_perf.datagen.replay.replay_graph_session_datagen - INFO - Event wekatrace6_09a5d415a7157ed48a5a6fa2711f2d8565c1:event_179_parent_turn_101 skipping — predecessor failed
2026-09-03 16:23:45,273 - inference_perf.datagen.replay.replay_graph_session_datagen - INFO - Event wekatrace2_04b25fe5b2ffa5e7ec9890426cce59838a05:event_097_sa_subagent_001_ea921d3b_s0_turn_6 skipping — predecessor failed
2026-09-03 16:23:45,273 - inference_perf.datagen.replay.replay_graph_session_datagen - INFO - Event wekatrace6_09a5d415a7157ed48a5a6fa2711f2d8565c1:event_139_sa_subagent_005_cb11a7ac_s0_turn_1 skipping — predecessor failed
2026-09-03 16:23:45,273 - inference_perf.datagen.replay.replay_graph_session_datagen - INFO - Event wekatrace2_04b25fe5b2ffa5e7ec9890426cce59838a05:event_137_parent_turn_98 skipping — predecessor failed
2026-09-03 16:23:45,273 - inference_perf.datagen.replay.replay_graph_session_datagen - INFO - Event wekatrace6_09a5d415a7157ed48a5a6fa2711f2d8565c1:event_180_parent_turn_102 skipping — predecessor failed
2026-09-03 16:23:45,273 - inference_perf.datagen.replay.replay_graph_session_datagen - INFO - Event wekatrace2_04b25fe5b2ffa5e7ec9890426cce59838a05:event_098_sa_subagent_001_ea921d3b_s0_turn_7 skipping — predecessor failed
2026-09-03 16:23:45,273 - inference_perf.datagen.replay.replay_graph_session_datagen - INFO - Event wekatrace6_09a5d415a7157ed48a5a6fa2711f2d8565c1:event_140_sa_subagent_005_cb11a7ac_s0_turn_2 skipping — predecessor failed
2026-09-03 16:23:45,273 - inference_perf.datagen.replay.replay_graph_session_datagen - INFO - Event wekatrace6_09a5d415a7157ed48a5a6fa2711f2d8565c1:event_181_parent_turn_103 skipping — predecessor failed
2026-09-03 16:23:45,273 - inference_perf.datagen.replay.replay_graph_session_datagen - INFO - Event wekatrace2_04b25fe5b2ffa5e7ec9890426cce59838a05:event_099_sa_subagent_001_ea921d3b_s0_turn_8 skipping — predecessor failed
2026-09-03 16:23:45,273 - inference_perf.datagen.replay.replay_graph_session_datagen - INFO - Event wekatrace2_04b25fe5b2ffa5e7ec9890426cce59838a05:event_100_sa_subagent_001_ea921d3b_s0_turn_9 skipping — predecessor failed
2026-09-03 16:23:45,273 - inference_perf.datagen.replay.replay_graph_session_datagen - INFO - Event wekatrace6_09a5d415a7157ed48a5a6fa2711f2d8565c1:event_141_sa_subagent_005_cb11a7ac_s0_turn_3 skipping — predecessor failed
2026-09-03 16:23:45,274 - inference_perf.datagen.replay.replay_graph_session_datagen - INFO - Event wekatrace6_09a5d415a7157ed48a5a6fa2711f2d8565c1:event_182_parent_turn_104 skipping — predecessor failed
2026-09-03 16:23:45,274 - inference_perf.datagen.replay.replay_graph_session_datagen - INFO - Event wekatrace2_04b25fe5b2ffa5e7ec9890426cce59838a05:event_101_sa_subagent_001_ea921d3b_s0_turn_10 skipping — predecessor failed
2026-09-03 16:23:45,274 - inference_perf.datagen.replay.replay_graph_session_datagen - INFO - Event wekatrace2_04b25fe5b2ffa5e7ec9890426cce59838a05:event_102_sa_subagent_001_ea921d3b_s0_turn_11 skipping — predecessor failed
2026-09-03 16:23:45,274 - inference_perf.datagen.replay.replay_graph_session_datagen - INFO - Event wekatrace6_09a5d415a7157ed48a5a6fa2711f2d8565c1:event_142_sa_subagent_005_cb11a7ac_s0_turn_4 skipping — predecessor failed
2026-09-03 16:23:45,274 - inference_perf.datagen.replay.replay_graph_session_datagen - INFO - Event wekatrace6_09a5d415a7157ed48a5a6fa2711f2d8565c1:event_183_parent_turn_105 skipping — predecessor failed
2026-09-03 16:23:45,274 - inference_perf.datagen.replay.replay_graph_session_datagen - INFO - Event wekatrace2_04b25fe5b2ffa5e7ec9890426cce59838a05:event_103_sa_subagent_001_ea921d3b_s0_turn_12 skipping — predecessor failed
2026-09-03 16:23:45,274 - inference_perf.datagen.replay.replay_graph_session_datagen - INFO - Event wekatrace6_09a5d415a7157ed48a5a6fa2711f2d8565c1:event_143_sa_subagent_005_cb11a7ac_s0_turn_5 skipping — predecessor failed
2026-09-03 16:23:45,274 - inference_perf.datagen.replay.replay_graph_session_datagen - INFO - Event wekatrace2_04b25fe5b2ffa5e7ec9890426cce59838a05:event_104_sa_subagent_001_ea921d3b_s0_turn_13 skipping — predecessor failed
2026-09-03 16:23:45,274 - inference_perf.datagen.replay.replay_graph_session_datagen - INFO - Event wekatrace6_09a5d415a7157ed48a5a6fa2711f2d8565c1:event_184_parent_turn_106 skipping — predecessor failed
2026-09-03 16:23:45,274 - inference_perf.datagen.replay.replay_graph_session_datagen - INFO - Event wekatrace2_04b25fe5b2ffa5e7ec9890426cce59838a05:event_105_sa_subagent_001_ea921d3b_s0_turn_14 skipping — predecessor failed
2026-09-03 16:23:45,274 - inference_perf.datagen.replay.replay_graph_session_datagen - INFO - Event wekatrace6_09a5d415a7157ed48a5a6fa2711f2d8565c1:event_144_sa_subagent_005_cb11a7ac_s0_turn_6 skipping — predecessor failed
2026-09-03 16:23:45,274 - inference_perf.datagen.replay.replay_graph_session_datagen - INFO - Event wekatrace2_04b25fe5b2ffa5e7ec9890426cce59838a05:event_106_sa_subagent_001_ea921d3b_s0_turn_15 skipping — predecessor failed
2026-09-03 16:23:45,274 - inference_perf.datagen.replay.replay_graph_session_datagen - INFO - Event wekatrace6_09a5d415a7157ed48a5a6fa2711f2d8565c1:event_185_parent_turn_107 skipping — predecessor failed
2026-09-03 16:23:45,274 - inference_perf.datagen.replay.replay_graph_session_datagen - INFO - Event wekatrace2_04b25fe5b2ffa5e7ec9890426cce59838a05:event_107_sa_subagent_001_ea921d3b_s0_turn_16 skipping — predecessor failed
2026-09-03 16:23:45,274 - inference_perf.datagen.replay.replay_graph_session_datagen - INFO - Event wekatrace6_09a5d415a7157ed48a5a6fa2711f2d8565c1:event_145_sa_subagent_005_cb11a7ac_s0_turn_7 skipping — predecessor failed
2026-09-03 16:23:45,274 - inference_perf.datagen.replay.replay_graph_session_datagen - INFO - Event wekatrace6_09a5d415a7157ed48a5a6fa2711f2d8565c1:event_186_parent_turn_108 skipping — predecessor failed
2026-09-03 16:23:45,274 - inference_perf.datagen.replay.replay_graph_session_datagen - INFO - Event wekatrace2_04b25fe5b2ffa5e7ec9890426cce59838a05:event_108_sa_subagent_001_ea921d3b_s0_turn_17 skipping — predecessor failed
2026-09-03 16:23:45,275 - inference_perf.datagen.replay.replay_graph_session_datagen - INFO - Event wekatrace2_04b25fe5b2ffa5e7ec9890426cce59838a05:event_109_sa_subagent_001_ea921d3b_s0_turn_18 skipping — predecessor failed
2026-09-03 16:23:45,275 - inference_perf.datagen.replay.replay_graph_session_datagen - INFO - Event wekatrace6_09a5d415a7157ed48a5a6fa2711f2d8565c1:event_146_sa_subagent_005_cb11a7ac_s0_turn_8 skipping — predecessor failed
2026-09-03 16:23:45,275 - inference_perf.datagen.replay.replay_graph_session_datagen - INFO - Event wekatrace6_09a5d415a7157ed48a5a6fa2711f2d8565c1:event_187_parent_turn_109 skipping — predecessor failed
2026-09-03 16:23:45,275 - inference_perf.datagen.replay.replay_graph_session_datagen - INFO - Event wekatrace2_04b25fe5b2ffa5e7ec9890426cce59838a05:event_110_sa_subagent_001_ea921d3b_s0_turn_19 skipping — predecessor failed
2026-09-03 16:23:45,275 - inference_perf.datagen.replay.replay_graph_session_datagen - INFO - Event wekatrace2_04b25fe5b2ffa5e7ec9890426cce59838a05:event_111_sa_subagent_001_ea921d3b_s0_turn_20 skipping — predecessor failed
2026-09-03 16:23:45,275 - inference_perf.datagen.replay.replay_graph_session_datagen - INFO - Event wekatrace6_09a5d415a7157ed48a5a6fa2711f2d8565c1:event_147_sa_subagent_005_cb11a7ac_s0_turn_9 skipping — predecessor failed
2026-09-03 16:23:45,275 - inference_perf.datagen.replay.replay_graph_session_datagen - INFO - Event wekatrace2_04b25fe5b2ffa5e7ec9890426cce59838a05:event_112_sa_subagent_001_ea921d3b_s0_turn_21 skipping — predecessor failed
2026-09-03 16:23:45,275 - inference_perf.datagen.replay.replay_graph_session_datagen - INFO - Event wekatrace6_09a5d415a7157ed48a5a6fa2711f2d8565c1:event_188_parent_turn_110 skipping — predecessor failed
2026-09-03 16:23:45,275 - inference_perf.datagen.replay.replay_graph_session_datagen - INFO - Event wekatrace6_09a5d415a7157ed48a5a6fa2711f2d8565c1:event_148_sa_subagent_005_cb11a7ac_s0_turn_10 skipping — predecessor failed
2026-09-03 16:23:45,275 - inference_perf.datagen.replay.replay_graph_session_datagen - INFO - Event wekatrace2_04b25fe5b2ffa5e7ec9890426cce59838a05:event_113_sa_subagent_001_ea921d3b_s0_turn_22 skipping — predecessor failed
2026-09-03 16:23:45,275 - inference_perf.datagen.replay.replay_graph_session_datagen - INFO - Event wekatrace6_09a5d415a7157ed48a5a6fa2711f2d8565c1:event_189_parent_turn_111 skipping — predecessor failed
2026-09-03 16:23:45,275 - inference_perf.datagen.replay.replay_graph_session_datagen - INFO - Event wekatrace2_04b25fe5b2ffa5e7ec9890426cce59838a05:event_114_sa_subagent_001_ea921d3b_s0_turn_23 skipping — predecessor failed
2026-09-03 16:23:45,275 - inference_perf.datagen.replay.replay_graph_session_datagen - INFO - Event wekatrace6_09a5d415a7157ed48a5a6fa2711f2d8565c1:event_149_sa_subagent_005_cb11a7ac_s0_turn_11 skipping — predecessor failed
2026-09-03 16:23:45,275 - inference_perf.datagen.replay.replay_graph_session_datagen - INFO - Event wekatrace2_04b25fe5b2ffa5e7ec9890426cce59838a05:event_115_sa_subagent_001_ea921d3b_s0_turn_24 skipping — predecessor failed
2026-09-03 16:23:45,275 - inference_perf.datagen.replay.replay_graph_session_datagen - INFO - Event wekatrace6_09a5d415a7157ed48a5a6fa2711f2d8565c1:event_150_sa_subagent_005_cb11a7ac_s0_turn_12 skipping — predecessor failed
2026-09-03 16:23:45,275 - inference_perf.datagen.replay.replay_graph_session_datagen - INFO - Event wekatrace2_04b25fe5b2ffa5e7ec9890426cce59838a05:event_116_sa_subagent_001_ea921d3b_s0_turn_25 skipping — predecessor failed
2026-09-03 16:23:45,276 - inference_perf.datagen.replay.replay_graph_session_datagen - INFO - Event wekatrace2_04b25fe5b2ffa5e7ec9890426cce59838a05:event_117_sa_subagent_001_ea921d3b_s0_turn_26 skipping — predecessor failed
2026-09-03 16:23:45,276 - inference_perf.datagen.replay.replay_graph_session_datagen - INFO - Event wekatrace6_09a5d415a7157ed48a5a6fa2711f2d8565c1:event_190_parent_turn_112 skipping — predecessor failed
2026-09-03 16:23:45,276 - inference_perf.datagen.replay.replay_graph_session_datagen - INFO - Event wekatrace2_04b25fe5b2ffa5e7ec9890426cce59838a05:event_118_sa_subagent_001_ea921d3b_s0_turn_27 skipping — predecessor failed
2026-09-03 16:23:45,276 - inference_perf.datagen.replay.replay_graph_session_datagen - INFO - Event wekatrace2_04b25fe5b2ffa5e7ec9890426cce59838a05:event_119_sa_subagent_001_ea921d3b_s0_turn_28 skipping — predecessor failed
2026-09-03 16:23:45,276 - inference_perf.datagen.replay.replay_graph_session_datagen - INFO - Event wekatrace6_09a5d415a7157ed48a5a6fa2711f2d8565c1:event_191_parent_turn_113 skipping — predecessor failed
2026-09-03 16:23:45,276 - inference_perf.datagen.replay.replay_graph_session_datagen - INFO - Event wekatrace2_04b25fe5b2ffa5e7ec9890426cce59838a05:event_120_sa_subagent_001_ea921d3b_s0_turn_29 skipping — predecessor failed
2026-09-03 16:23:45,276 - inference_perf.datagen.replay.replay_graph_session_datagen - INFO - Event wekatrace2_04b25fe5b2ffa5e7ec9890426cce59838a05:event_121_sa_subagent_001_ea921d3b_s0_turn_30 skipping — predecessor failed
2026-09-03 16:23:45,276 - inference_perf.datagen.replay.replay_graph_session_datagen - INFO - Event wekatrace2_04b25fe5b2ffa5e7ec9890426cce59838a05:event_122_sa_subagent_001_ea921d3b_s0_turn_31 skipping — predecessor failed
2026-09-03 16:23:45,276 - inference_perf.datagen.replay.replay_graph_session_datagen - INFO - Event wekatrace6_09a5d415a7157ed48a5a6fa2711f2d8565c1:event_192_parent_turn_114 skipping — predecessor failed
2026-09-03 16:23:45,276 - inference_perf.datagen.replay.replay_graph_session_datagen - INFO - Event wekatrace6_09a5d415a7157ed48a5a6fa2711f2d8565c1:event_193_parent_turn_115 skipping — predecessor failed
2026-09-03 16:23:45,276 - inference_perf.datagen.replay.replay_graph_session_datagen - INFO - Event wekatrace2_04b25fe5b2ffa5e7ec9890426cce59838a05:event_123_sa_subagent_001_ea921d3b_s0_turn_32 skipping — predecessor failed
2026-09-03 16:23:45,277 - inference_perf.datagen.replay.replay_graph_session_datagen - INFO - Event wekatrace2_04b25fe5b2ffa5e7ec9890426cce59838a05:event_124_sa_subagent_001_ea921d3b_s0_turn_33 skipping — predecessor failed
2026-09-03 16:23:45,277 - inference_perf.datagen.replay.replay_graph_session_datagen - INFO - Event wekatrace6_09a5d415a7157ed48a5a6fa2711f2d8565c1:event_194_parent_turn_116 skipping — predecessor failed
2026-09-03 16:23:45,277 - inference_perf.datagen.replay.replay_graph_session_datagen - INFO - Event wekatrace6_09a5d415a7157ed48a5a6fa2711f2d8565c1:event_195_parent_turn_117 skipping — predecessor failed
2026-09-03 16:23:45,277 - inference_perf.datagen.replay.replay_graph_session_datagen - INFO - Event wekatrace2_04b25fe5b2ffa5e7ec9890426cce59838a05:event_125_sa_subagent_001_ea921d3b_s0_turn_34 skipping — predecessor failed
2026-09-03 16:23:45,277 - inference_perf.datagen.replay.replay_graph_session_datagen - INFO - Event wekatrace6_09a5d415a7157ed48a5a6fa2711f2d8565c1:event_196_parent_turn_118 skipping — predecessor failed
2026-09-03 16:23:45,277 - inference_perf.datagen.replay.replay_graph_session_datagen - INFO - Event wekatrace2_04b25fe5b2ffa5e7ec9890426cce59838a05:event_126_sa_subagent_001_ea921d3b_s0_turn_35 skipping — predecessor failed
2026-09-03 16:23:45,277 - inference_perf.datagen.replay.replay_graph_session_datagen - INFO - Event wekatrace6_09a5d415a7157ed48a5a6fa2711f2d8565c1:event_197_parent_turn_119 skipping — predecessor failed
2026-09-03 16:23:45,277 - inference_perf.datagen.replay.replay_graph_session_datagen - INFO - Event wekatrace2_04b25fe5b2ffa5e7ec9890426cce59838a05:event_127_sa_subagent_001_ea921d3b_s0_turn_36 skipping — predecessor failed
2026-09-03 16:23:45,277 - inference_perf.datagen.replay.replay_graph_session_datagen - INFO - Event wekatrace2_04b25fe5b2ffa5e7ec9890426cce59838a05:event_128_sa_subagent_001_ea921d3b_s0_turn_37 skipping — predecessor failed
2026-09-03 16:23:45,277 - inference_perf.datagen.replay.replay_graph_session_datagen - INFO - Event wekatrace6_09a5d415a7157ed48a5a6fa2711f2d8565c1:event_198_parent_turn_120 skipping — predecessor failed
2026-09-03 16:23:45,278 - inference_perf.datagen.replay.replay_graph_session_datagen - INFO - Event wekatrace6_09a5d415a7157ed48a5a6fa2711f2d8565c1:event_199_parent_turn_121 skipping — predecessor failed
2026-09-03 16:23:45,278 - inference_perf.datagen.replay.replay_graph_session_datagen - INFO - Event wekatrace6_09a5d415a7157ed48a5a6fa2711f2d8565c1:event_200_parent_turn_122 skipping — predecessor failed
2026-09-03 16:23:45,278 - inference_perf.datagen.replay.replay_graph_session_datagen - INFO - Event wekatrace2_04b25fe5b2ffa5e7ec9890426cce59838a05:event_129_sa_subagent_001_ea921d3b_s0_turn_38 skipping — predecessor failed
2026-09-03 16:23:45,278 - inference_perf.datagen.replay.replay_graph_session_datagen - INFO - Event wekatrace6_09a5d415a7157ed48a5a6fa2711f2d8565c1:event_201_parent_turn_123 skipping — predecessor failed
2026-09-03 16:23:45,278 - inference_perf.datagen.replay.replay_graph_session_datagen - INFO - Event wekatrace6_09a5d415a7157ed48a5a6fa2711f2d8565c1:event_202_parent_turn_124 skipping — predecessor failed
2026-09-03 16:23:45,279 - inference_perf.datagen.replay.replay_graph_session_datagen - INFO - Event wekatrace6_09a5d415a7157ed48a5a6fa2711f2d8565c1:event_203_parent_turn_125 skipping — predecessor failed
2026-09-03 16:23:45,279 - inference_perf.datagen.replay.replay_graph_session_datagen - INFO - Event wekatrace6_09a5d415a7157ed48a5a6fa2711f2d8565c1:event_204_parent_turn_126 skipping — predecessor failed
2026-09-03 16:23:45,279 - inference_perf.datagen.replay.replay_graph_session_datagen - INFO - Event wekatrace6_09a5d415a7157ed48a5a6fa2711f2d8565c1:event_205_parent_turn_127 skipping — predecessor failed
2026-09-03 16:23:45,279 - inference_perf.datagen.replay.replay_graph_session_datagen - INFO - Event wekatrace6_09a5d415a7157ed48a5a6fa2711f2d8565c1:event_206_parent_turn_128 skipping — predecessor failed
2026-09-03 16:23:45,279 - inference_perf.datagen.replay.replay_graph_session_datagen - INFO - Event wekatrace6_09a5d415a7157ed48a5a6fa2711f2d8565c1:event_207_parent_turn_129 skipping — predecessor failed
2026-09-03 16:23:45,280 - inference_perf.datagen.replay.replay_graph_session_datagen - INFO - Event wekatrace6_09a5d415a7157ed48a5a6fa2711f2d8565c1:event_208_parent_turn_130 skipping — predecessor failed
2026-09-03 16:23:45,280 - inference_perf.datagen.replay.replay_graph_session_datagen - INFO - Event wekatrace6_09a5d415a7157ed48a5a6fa2711f2d8565c1:event_209_parent_turn_131 skipping — predecessor failed
2026-09-03 16:23:45,280 - inference_perf.datagen.replay.replay_graph_session_datagen - INFO - Event wekatrace6_09a5d415a7157ed48a5a6fa2711f2d8565c1:event_210_parent_turn_132 skipping — predecessor failed
2026-09-03 16:23:45,280 - inference_perf.datagen.replay.replay_graph_session_datagen - INFO - Event wekatrace6_09a5d415a7157ed48a5a6fa2711f2d8565c1:event_211_parent_turn_133 skipping — predecessor failed
2026-09-03 16:23:45,280 - inference_perf.datagen.replay.replay_graph_session_datagen - INFO - Event wekatrace6_09a5d415a7157ed48a5a6fa2711f2d8565c1:event_212_parent_turn_134 skipping — predecessor failed
2026-09-03 16:23:45,281 - inference_perf.datagen.replay.replay_graph_session_datagen - INFO - Event wekatrace6_09a5d415a7157ed48a5a6fa2711f2d8565c1:event_213_parent_turn_135 skipping — predecessor failed
2026-09-03 16:23:45,281 - inference_perf.datagen.replay.replay_graph_session_datagen - INFO - Event wekatrace6_09a5d415a7157ed48a5a6fa2711f2d8565c1:event_214_parent_turn_136 skipping — predecessor failed
2026-09-03 16:23:45,281 - inference_perf.datagen.replay.replay_graph_session_datagen - INFO - Event wekatrace6_09a5d415a7157ed48a5a6fa2711f2d8565c1:event_215_parent_turn_137 skipping — predecessor failed
2026-09-03 16:23:45,281 - inference_perf.datagen.replay.replay_graph_session_datagen - INFO - Event wekatrace6_09a5d415a7157ed48a5a6fa2711f2d8565c1:event_216_parent_turn_138 skipping — predecessor failed
2026-09-03 16:23:45,282 - inference_perf.datagen.replay.replay_graph_session_datagen - INFO - Event wekatrace6_09a5d415a7157ed48a5a6fa2711f2d8565c1:event_217_parent_turn_139 skipping — predecessor failed
2026-09-03 16:23:45,282 - inference_perf.datagen.replay.replay_graph_session_datagen - INFO - Event wekatrace6_09a5d415a7157ed48a5a6fa2711f2d8565c1:event_218_parent_turn_140 skipping — predecessor failed
2026-09-03 16:23:45,282 - inference_perf.datagen.replay.replay_graph_session_datagen - INFO - Event wekatrace6_09a5d415a7157ed48a5a6fa2711f2d8565c1:event_219_parent_turn_141 skipping — predecessor failed
2026-09-03 16:23:45,282 - inference_perf.datagen.replay.replay_graph_session_datagen - INFO - Event wekatrace6_09a5d415a7157ed48a5a6fa2711f2d8565c1:event_220_parent_turn_142 skipping — predecessor failed
2026-09-03 16:23:45,282 - inference_perf.datagen.replay.replay_graph_session_datagen - INFO - Event wekatrace6_09a5d415a7157ed48a5a6fa2711f2d8565c1:event_221_parent_turn_143 skipping — predecessor failed
2026-09-03 16:23:45,283 - inference_perf.datagen.replay.replay_graph_session_datagen - INFO - Event wekatrace6_09a5d415a7157ed48a5a6fa2711f2d8565c1:event_222_parent_turn_144 skipping — predecessor failed
2026-09-03 16:23:45,283 - inference_perf.datagen.replay.replay_graph_session_datagen - INFO - Event wekatrace6_09a5d415a7157ed48a5a6fa2711f2d8565c1:event_223_parent_turn_145 skipping — predecessor failed
2026-09-03 16:23:45,283 - inference_perf.datagen.replay.replay_graph_session_datagen - INFO - Event wekatrace6_09a5d415a7157ed48a5a6fa2711f2d8565c1:event_224_parent_turn_146 skipping — predecessor failed
2026-09-03 16:23:45,283 - inference_perf.datagen.replay.replay_graph_session_datagen - INFO - Event wekatrace6_09a5d415a7157ed48a5a6fa2711f2d8565c1:event_225_parent_turn_147 skipping — predecessor failed
2026-09-03 16:23:45,284 - inference_perf.datagen.replay.replay_graph_session_datagen - INFO - Event wekatrace6_09a5d415a7157ed48a5a6fa2711f2d8565c1:event_226_parent_turn_148 skipping — predecessor failed
2026-09-03 16:23:45,284 - inference_perf.datagen.replay.replay_graph_session_datagen - INFO - Event wekatrace6_09a5d415a7157ed48a5a6fa2711f2d8565c1:event_227_parent_turn_149 skipping — predecessor failed
2026-09-03 16:23:45,284 - inference_perf.datagen.replay.replay_graph_session_datagen - INFO - Event wekatrace6_09a5d415a7157ed48a5a6fa2711f2d8565c1:event_228_parent_turn_150 skipping — predecessor failed
2026-09-03 16:23:45,284 - inference_perf.datagen.replay.replay_graph_session_datagen - INFO - Event wekatrace6_09a5d415a7157ed48a5a6fa2711f2d8565c1:event_229_parent_turn_151 skipping — predecessor failed
2026-09-03 16:23:45,284 - inference_perf.datagen.replay.replay_graph_session_datagen - INFO - Event wekatrace6_09a5d415a7157ed48a5a6fa2711f2d8565c1:event_230_parent_turn_152 skipping — predecessor failed
2026-09-03 16:23:45,285 - inference_perf.datagen.replay.replay_graph_session_datagen - INFO - Event wekatrace6_09a5d415a7157ed48a5a6fa2711f2d8565c1:event_231_parent_turn_153 skipping — predecessor failed
2026-09-03 16:23:45,285 - inference_perf.datagen.replay.replay_graph_session_datagen - INFO - Event wekatrace6_09a5d415a7157ed48a5a6fa2711f2d8565c1:event_232_parent_turn_154 skipping — predecessor failed
2026-09-03 16:23:45,285 - inference_perf.datagen.replay.replay_graph_session_datagen - INFO - Event wekatrace6_09a5d415a7157ed48a5a6fa2711f2d8565c1:event_233_parent_turn_155 skipping — predecessor failed
2026-09-03 16:23:45,285 - inference_perf.datagen.replay.replay_graph_session_datagen - INFO - Event wekatrace6_09a5d415a7157ed48a5a6fa2711f2d8565c1:event_234_parent_turn_156 skipping — predecessor failed
2026-09-03 16:23:45,285 - inference_perf.datagen.replay.replay_graph_session_datagen - INFO - Event wekatrace6_09a5d415a7157ed48a5a6fa2711f2d8565c1:event_235_parent_turn_157 skipping — predecessor failed
2026-09-03 16:23:45,286 - inference_perf.datagen.replay.replay_graph_session_datagen - INFO - Event wekatrace6_09a5d415a7157ed48a5a6fa2711f2d8565c1:event_236_parent_turn_158 skipping — predecessor failed
2026-09-03 16:23:45,286 - inference_perf.datagen.replay.replay_graph_session_datagen - INFO - Event wekatrace6_09a5d415a7157ed48a5a6fa2711f2d8565c1:event_237_parent_turn_159 skipping — predecessor failed
2026-09-03 16:23:45,286 - inference_perf.datagen.replay.replay_graph_session_datagen - INFO - Event wekatrace6_09a5d415a7157ed48a5a6fa2711f2d8565c1:event_238_parent_turn_160 skipping — predecessor failed
2026-09-03 16:23:45,286 - inference_perf.datagen.replay.replay_graph_session_datagen - INFO - Event wekatrace6_09a5d415a7157ed48a5a6fa2711f2d8565c1:event_239_parent_turn_161 skipping — predecessor failed
2026-09-03 16:23:45,286 - inference_perf.datagen.replay.replay_graph_session_datagen - INFO - Event wekatrace6_09a5d415a7157ed48a5a6fa2711f2d8565c1:event_240_parent_turn_162 skipping — predecessor failed
2026-09-03 16:23:45,287 - inference_perf.datagen.replay.replay_graph_session_datagen - INFO - Event wekatrace6_09a5d415a7157ed48a5a6fa2711f2d8565c1:event_241_parent_turn_163 skipping — predecessor failed
2026-09-03 16:23:45,287 - inference_perf.datagen.replay.replay_graph_session_datagen - INFO - Event wekatrace6_09a5d415a7157ed48a5a6fa2711f2d8565c1:event_242_parent_turn_164 skipping — predecessor failed
2026-09-03 16:23:47,976 - inference_perf.datagen.replay.replay_graph_session_datagen - INFO - Event wekatrace12_0d75185d4e958ad360c16451eaa95d508edf:event_050_parent_turn_50 skipping — predecessor wait failed: TimeoutError
2026-09-03 16:23:47,977 - inference_perf.datagen.replay.replay_graph_session_datagen - INFO - Event wekatrace12_0d75185d4e958ad360c16451eaa95d508edf:event_051_parent_turn_51 skipping — predecessor failed
2026-09-03 16:23:47,977 - inference_perf.datagen.replay.replay_graph_session_datagen - INFO - Event wekatrace12_0d75185d4e958ad360c16451eaa95d508edf:event_052_parent_turn_52 skipping — predecessor failed
2026-09-03 16:23:47,977 - inference_perf.datagen.replay.replay_graph_session_datagen - INFO - Event wekatrace12_0d75185d4e958ad360c16451eaa95d508edf:event_053_parent_turn_53 skipping — predecessor failed
2026-09-03 16:23:47,977 - inference_perf.datagen.replay.replay_graph_session_datagen - INFO - Event wekatrace12_0d75185d4e958ad360c16451eaa95d508edf:event_054_parent_turn_54 skipping — predecessor failed
2026-09-03 16:23:47,977 - inference_perf.datagen.replay.replay_graph_session_datagen - INFO - Event wekatrace12_0d75185d4e958ad360c16451eaa95d508edf:event_055_parent_turn_55 skipping — predecessor failed
2026-09-03 16:23:47,977 - inference_perf.datagen.replay.replay_graph_session_datagen - INFO - Event wekatrace12_0d75185d4e958ad360c16451eaa95d508edf:event_056_parent_turn_56 skipping — predecessor failed
2026-09-03 16:23:47,977 - inference_perf.datagen.replay.replay_graph_session_datagen - INFO - Event wekatrace12_0d75185d4e958ad360c16451eaa95d508edf:event_057_parent_turn_57 skipping — predecessor failed
2026-09-03 16:23:47,978 - inference_perf.datagen.replay.replay_graph_session_datagen - INFO - Event wekatrace12_0d75185d4e958ad360c16451eaa95d508edf:event_058_parent_turn_58 skipping — predecessor failed
2026-09-03 16:23:47,978 - inference_perf.datagen.replay.replay_graph_session_datagen - INFO - Event wekatrace12_0d75185d4e958ad360c16451eaa95d508edf:event_059_parent_turn_59 skipping — predecessor failed
2026-09-03 16:23:47,978 - inference_perf.datagen.replay.replay_graph_session_datagen - INFO - Event wekatrace12_0d75185d4e958ad360c16451eaa95d508edf:event_060_parent_turn_60 skipping — predecessor failed
2026-09-03 16:23:47,978 - inference_perf.datagen.replay.replay_graph_session_datagen - INFO - Event wekatrace12_0d75185d4e958ad360c16451eaa95d508edf:event_061_parent_turn_61 skipping — predecessor failed
2026-09-03 16:23:47,978 - inference_perf.datagen.replay.replay_graph_session_datagen - INFO - Event wekatrace12_0d75185d4e958ad360c16451eaa95d508edf:event_062_parent_turn_62 skipping — predecessor failed
2026-09-03 16:23:47,978 - inference_perf.datagen.replay.replay_graph_session_datagen - INFO - Event wekatrace12_0d75185d4e958ad360c16451eaa95d508edf:event_063_parent_turn_63 skipping — predecessor failed
2026-09-03 16:23:47,978 - inference_perf.datagen.replay.replay_graph_session_datagen - INFO - Event wekatrace12_0d75185d4e958ad360c16451eaa95d508edf:event_064_parent_turn_64 skipping — predecessor failed
2026-09-03 16:23:47,978 - inference_perf.datagen.replay.replay_graph_session_datagen - INFO - Event wekatrace12_0d75185d4e958ad360c16451eaa95d508edf:event_065_parent_turn_65 skipping — predecessor failed
2026-09-03 16:23:47,978 - inference_perf.datagen.replay.replay_graph_session_datagen - INFO - Event wekatrace12_0d75185d4e958ad360c16451eaa95d508edf:event_066_parent_turn_66 skipping — predecessor failed
2026-09-03 16:23:47,979 - inference_perf.datagen.replay.replay_graph_session_datagen - INFO - Event wekatrace12_0d75185d4e958ad360c16451eaa95d508edf:event_067_parent_turn_67 skipping — predecessor failed
2026-09-03 16:23:47,979 - inference_perf.datagen.replay.replay_graph_session_datagen - INFO - Event wekatrace12_0d75185d4e958ad360c16451eaa95d508edf:event_068_parent_turn_68 skipping — predecessor failed
2026-09-03 16:23:47,979 - inference_perf.datagen.replay.replay_graph_session_datagen - INFO - Event wekatrace12_0d75185d4e958ad360c16451eaa95d508edf:event_069_parent_turn_69 skipping — predecessor failed
2026-09-03 16:23:47,979 - inference_perf.datagen.replay.replay_graph_session_datagen - INFO - Event wekatrace12_0d75185d4e958ad360c16451eaa95d508edf:event_070_parent_turn_70 skipping — predecessor failed
2026-09-03 16:23:47,979 - inference_perf.datagen.replay.replay_graph_session_datagen - INFO - Event wekatrace12_0d75185d4e958ad360c16451eaa95d508edf:event_071_parent_turn_71 skipping — predecessor failed
2026-09-03 16:23:47,979 - inference_perf.datagen.replay.replay_graph_session_datagen - INFO - Event wekatrace12_0d75185d4e958ad360c16451eaa95d508edf:event_072_parent_turn_72 skipping — predecessor failed
2026-09-03 16:23:47,979 - inference_perf.datagen.replay.replay_graph_session_datagen - INFO - Event wekatrace12_0d75185d4e958ad360c16451eaa95d508edf:event_073_parent_turn_73 skipping — predecessor failed
2026-09-03 16:23:47,979 - inference_perf.datagen.replay.replay_graph_session_datagen - INFO - Event wekatrace12_0d75185d4e958ad360c16451eaa95d508edf:event_074_parent_turn_74 skipping — predecessor failed
2026-09-03 16:23:47,980 - inference_perf.datagen.replay.replay_graph_session_datagen - INFO - Event wekatrace12_0d75185d4e958ad360c16451eaa95d508edf:event_075_parent_turn_75 skipping — predecessor failed
2026-09-03 16:23:47,980 - inference_perf.datagen.replay.replay_graph_session_datagen - INFO - Event wekatrace12_0d75185d4e958ad360c16451eaa95d508edf:event_076_parent_turn_76 skipping — predecessor failed
2026-09-03 16:23:47,980 - inference_perf.datagen.replay.replay_graph_session_datagen - INFO - Event wekatrace12_0d75185d4e958ad360c16451eaa95d508edf:event_077_parent_turn_77 skipping — predecessor failed
2026-09-03 16:23:47,980 - inference_perf.datagen.replay.replay_graph_session_datagen - INFO - Event wekatrace12_0d75185d4e958ad360c16451eaa95d508edf:event_078_parent_turn_78 skipping — predecessor failed
2026-09-03 16:23:47,980 - inference_perf.datagen.replay.replay_graph_session_datagen - INFO - Event wekatrace12_0d75185d4e958ad360c16451eaa95d508edf:event_079_parent_turn_79 skipping — predecessor failed
2026-09-03 16:23:47,980 - inference_perf.datagen.replay.replay_graph_session_datagen - INFO - Event wekatrace12_0d75185d4e958ad360c16451eaa95d508edf:event_080_parent_turn_80 skipping — predecessor failed
2026-09-03 16:23:47,980 - inference_perf.datagen.replay.replay_graph_session_datagen - INFO - Event wekatrace12_0d75185d4e958ad360c16451eaa95d508edf:event_081_parent_turn_81 skipping — predecessor failed
2026-09-03 16:23:47,980 - inference_perf.datagen.replay.replay_graph_session_datagen - INFO - Event wekatrace12_0d75185d4e958ad360c16451eaa95d508edf:event_082_parent_turn_82 skipping — predecessor failed
2026-09-03 16:23:47,981 - inference_perf.datagen.replay.replay_graph_session_datagen - INFO - Event wekatrace12_0d75185d4e958ad360c16451eaa95d508edf:event_083_parent_turn_83 skipping — predecessor failed
2026-09-03 16:23:47,981 - inference_perf.datagen.replay.replay_graph_session_datagen - INFO - Event wekatrace12_0d75185d4e958ad360c16451eaa95d508edf:event_084_parent_turn_84 skipping — predecessor failed
2026-09-03 16:23:47,981 - inference_perf.datagen.replay.replay_graph_session_datagen - INFO - Event wekatrace12_0d75185d4e958ad360c16451eaa95d508edf:event_085_parent_turn_85 skipping — predecessor failed
2026-09-03 16:23:47,981 - inference_perf.datagen.replay.replay_graph_session_datagen - INFO - Event wekatrace12_0d75185d4e958ad360c16451eaa95d508edf:event_086_parent_turn_86 skipping — predecessor failed
2026-09-03 16:23:47,981 - inference_perf.datagen.replay.replay_graph_session_datagen - INFO - Event wekatrace12_0d75185d4e958ad360c16451eaa95d508edf:event_087_parent_turn_87 skipping — predecessor failed
2026-09-03 16:23:47,982 - inference_perf.datagen.replay.replay_graph_session_datagen - INFO - Event wekatrace12_0d75185d4e958ad360c16451eaa95d508edf:event_088_parent_turn_88 skipping — predecessor failed
2026-09-03 16:23:47,982 - inference_perf.datagen.replay.replay_graph_session_datagen - INFO - Event wekatrace12_0d75185d4e958ad360c16451eaa95d508edf:event_089_parent_turn_89 skipping — predecessor failed
2026-09-03 16:23:47,982 - inference_perf.datagen.replay.replay_graph_session_datagen - INFO - Event wekatrace12_0d75185d4e958ad360c16451eaa95d508edf:event_090_parent_turn_90 skipping — predecessor failed
2026-09-03 16:23:47,982 - inference_perf.datagen.replay.replay_graph_session_datagen - INFO - Event wekatrace12_0d75185d4e958ad360c16451eaa95d508edf:event_091_parent_turn_91 skipping — predecessor failed
2026-09-03 16:23:47,983 - inference_perf.datagen.replay.replay_graph_session_datagen - INFO - Event wekatrace12_0d75185d4e958ad360c16451eaa95d508edf:event_092_parent_turn_92 skipping — predecessor failed
2026-09-03 16:23:47,983 - inference_perf.datagen.replay.replay_graph_session_datagen - INFO - Event wekatrace12_0d75185d4e958ad360c16451eaa95d508edf:event_093_parent_turn_93 skipping — predecessor failed
2026-09-03 16:23:47,983 - inference_perf.datagen.replay.replay_graph_session_datagen - INFO - Event wekatrace12_0d75185d4e958ad360c16451eaa95d508edf:event_094_parent_turn_94 skipping — predecessor failed
2026-09-03 16:23:47,983 - inference_perf.datagen.replay.replay_graph_session_datagen - INFO - Event wekatrace12_0d75185d4e958ad360c16451eaa95d508edf:event_095_parent_turn_95 skipping — predecessor failed
2026-09-03 16:23:47,983 - inference_perf.datagen.replay.replay_graph_session_datagen - INFO - Event wekatrace12_0d75185d4e958ad360c16451eaa95d508edf:event_096_parent_turn_96 skipping — predecessor failed
2026-09-03 16:23:47,984 - inference_perf.datagen.replay.replay_graph_session_datagen - INFO - Event wekatrace12_0d75185d4e958ad360c16451eaa95d508edf:event_097_parent_turn_97 skipping — predecessor failed
2026-09-03 16:23:47,984 - inference_perf.datagen.replay.replay_graph_session_datagen - INFO - Event wekatrace12_0d75185d4e958ad360c16451eaa95d508edf:event_098_parent_turn_98 skipping — predecessor failed
2026-09-03 16:23:47,984 - inference_perf.datagen.replay.replay_graph_session_datagen - INFO - Event wekatrace12_0d75185d4e958ad360c16451eaa95d508edf:event_099_parent_turn_99 skipping — predecessor failed
2026-09-03 16:23:47,984 - inference_perf.datagen.replay.replay_graph_session_datagen - INFO - Event wekatrace12_0d75185d4e958ad360c16451eaa95d508edf:event_100_parent_turn_100 skipping — predecessor failed
2026-09-03 16:23:47,985 - inference_perf.datagen.replay.replay_graph_session_datagen - INFO - Event wekatrace12_0d75185d4e958ad360c16451eaa95d508edf:event_101_parent_turn_101 skipping — predecessor failed
2026-09-03 16:23:47,985 - inference_perf.datagen.replay.replay_graph_session_datagen - INFO - Event wekatrace12_0d75185d4e958ad360c16451eaa95d508edf:event_102_parent_turn_102 skipping — predecessor failed
2026-09-03 16:23:47,985 - inference_perf.datagen.replay.replay_graph_session_datagen - INFO - Event wekatrace12_0d75185d4e958ad360c16451eaa95d508edf:event_103_parent_turn_103 skipping — predecessor failed
2026-09-03 16:23:47,985 - inference_perf.datagen.replay.replay_graph_session_datagen - INFO - Event wekatrace12_0d75185d4e958ad360c16451eaa95d508edf:event_104_parent_turn_104 skipping — predecessor failed
2026-09-03 16:23:47,986 - inference_perf.datagen.replay.replay_graph_session_datagen - INFO - Event wekatrace12_0d75185d4e958ad360c16451eaa95d508edf:event_105_parent_turn_105 skipping — predecessor failed
2026-09-03 16:23:47,986 - inference_perf.datagen.replay.replay_graph_session_datagen - INFO - Event wekatrace12_0d75185d4e958ad360c16451eaa95d508edf:event_106_parent_turn_106 skipping — predecessor failed
2026-09-03 16:23:47,986 - inference_perf.datagen.replay.replay_graph_session_datagen - INFO - Event wekatrace12_0d75185d4e958ad360c16451eaa95d508edf:event_107_parent_turn_107 skipping — predecessor failed
2026-09-03 16:23:47,986 - inference_perf.datagen.replay.replay_graph_session_datagen - INFO - Event wekatrace12_0d75185d4e958ad360c16451eaa95d508edf:event_108_parent_turn_108 skipping — predecessor failed
2026-09-03 16:23:47,987 - inference_perf.datagen.replay.replay_graph_session_datagen - INFO - Event wekatrace12_0d75185d4e958ad360c16451eaa95d508edf:event_109_parent_turn_109 skipping — predecessor failed
2026-09-03 16:23:47,987 - inference_perf.datagen.replay.replay_graph_session_datagen - INFO - Event wekatrace12_0d75185d4e958ad360c16451eaa95d508edf:event_110_parent_turn_110 skipping — predecessor failed
2026-09-03 16:23:47,987 - inference_perf.datagen.replay.replay_graph_session_datagen - INFO - Event wekatrace12_0d75185d4e958ad360c16451eaa95d508edf:event_111_parent_turn_111 skipping — predecessor failed
2026-09-03 16:23:47,987 - inference_perf.datagen.replay.replay_graph_session_datagen - INFO - Event wekatrace12_0d75185d4e958ad360c16451eaa95d508edf:event_112_parent_turn_112 skipping — predecessor failed
2026-09-03 16:23:47,988 - inference_perf.datagen.replay.replay_graph_session_datagen - INFO - Event wekatrace12_0d75185d4e958ad360c16451eaa95d508edf:event_113_parent_turn_113 skipping — predecessor failed
2026-09-03 16:23:47,988 - inference_perf.datagen.replay.replay_graph_session_datagen - INFO - Event wekatrace12_0d75185d4e958ad360c16451eaa95d508edf:event_114_parent_turn_114 skipping — predecessor failed
2026-09-03 16:23:47,988 - inference_perf.datagen.replay.replay_graph_session_datagen - INFO - Event wekatrace12_0d75185d4e958ad360c16451eaa95d508edf:event_115_parent_turn_115 skipping — predecessor failed
2026-09-03 16:23:47,988 - inference_perf.datagen.replay.replay_graph_session_datagen - INFO - Event wekatrace12_0d75185d4e958ad360c16451eaa95d508edf:event_116_parent_turn_116 skipping — predecessor failed
2026-09-03 16:23:47,989 - inference_perf.datagen.replay.replay_graph_session_datagen - INFO - Event wekatrace12_0d75185d4e958ad360c16451eaa95d508edf:event_117_parent_turn_117 skipping — predecessor failed
2026-09-03 16:23:47,989 - inference_perf.datagen.replay.replay_graph_session_datagen - INFO - Event wekatrace12_0d75185d4e958ad360c16451eaa95d508edf:event_118_parent_turn_118 skipping — predecessor failed
2026-09-03 16:23:47,989 - inference_perf.datagen.replay.replay_graph_session_datagen - INFO - Event wekatrace12_0d75185d4e958ad360c16451eaa95d508edf:event_119_parent_turn_119 skipping — predecessor failed
2026-09-03 16:23:47,989 - inference_perf.datagen.replay.replay_graph_session_datagen - INFO - Event wekatrace12_0d75185d4e958ad360c16451eaa95d508edf:event_120_parent_turn_120 skipping — predecessor failed
2026-09-03 16:23:47,990 - inference_perf.datagen.replay.replay_graph_session_datagen - INFO - Event wekatrace12_0d75185d4e958ad360c16451eaa95d508edf:event_121_parent_turn_121 skipping — predecessor failed
2026-09-03 16:23:47,990 - inference_perf.datagen.replay.replay_graph_session_datagen - INFO - Event wekatrace12_0d75185d4e958ad360c16451eaa95d508edf:event_122_parent_turn_122 skipping — predecessor failed
2026-09-03 16:23:47,990 - inference_perf.datagen.replay.replay_graph_session_datagen - INFO - Event wekatrace12_0d75185d4e958ad360c16451eaa95d508edf:event_123_parent_turn_123 skipping — predecessor failed
2026-09-03 16:23:47,990 - inference_perf.datagen.replay.replay_graph_session_datagen - INFO - Event wekatrace12_0d75185d4e958ad360c16451eaa95d508edf:event_124_parent_turn_124 skipping — predecessor failed
2026-09-03 16:23:47,990 - inference_perf.datagen.replay.replay_graph_session_datagen - INFO - Event wekatrace12_0d75185d4e958ad360c16451eaa95d508edf:event_125_parent_turn_125 skipping — predecessor failed
2026-09-03 16:23:47,991 - inference_perf.datagen.replay.replay_graph_session_datagen - INFO - Event wekatrace12_0d75185d4e958ad360c16451eaa95d508edf:event_126_parent_turn_126 skipping — predecessor failed
2026-09-03 16:23:47,991 - inference_perf.datagen.replay.replay_graph_session_datagen - INFO - Event wekatrace12_0d75185d4e958ad360c16451eaa95d508edf:event_127_parent_turn_127 skipping — predecessor failed
2026-09-03 16:23:47,991 - inference_perf.datagen.replay.replay_graph_session_datagen - INFO - Event wekatrace12_0d75185d4e958ad360c16451eaa95d508edf:event_128_parent_turn_128 skipping — predecessor failed
2026-09-03 16:23:47,991 - inference_perf.datagen.replay.replay_graph_session_datagen - INFO - Event wekatrace12_0d75185d4e958ad360c16451eaa95d508edf:event_129_parent_turn_129 skipping — predecessor failed
2026-09-03 16:23:47,991 - inference_perf.datagen.replay.replay_graph_session_datagen - INFO - Event wekatrace12_0d75185d4e958ad360c16451eaa95d508edf:event_130_parent_turn_130 skipping — predecessor failed
2026-09-03 16:23:47,992 - inference_perf.datagen.replay.replay_graph_session_datagen - INFO - Event wekatrace12_0d75185d4e958ad360c16451eaa95d508edf:event_131_parent_turn_131 skipping — predecessor failed
2026-09-03 16:23:47,992 - inference_perf.datagen.replay.replay_graph_session_datagen - INFO - Event wekatrace12_0d75185d4e958ad360c16451eaa95d508edf:event_132_parent_turn_132 skipping — predecessor failed
2026-09-03 16:23:47,992 - inference_perf.datagen.replay.replay_graph_session_datagen - INFO - Event wekatrace12_0d75185d4e958ad360c16451eaa95d508edf:event_133_parent_turn_133 skipping — predecessor failed
2026-09-03 16:23:47,993 - inference_perf.datagen.replay.replay_graph_session_datagen - INFO - Event wekatrace12_0d75185d4e958ad360c16451eaa95d508edf:event_134_parent_turn_134 skipping — predecessor failed
2026-09-03 16:23:47,993 - inference_perf.datagen.replay.replay_graph_session_datagen - INFO - Event wekatrace12_0d75185d4e958ad360c16451eaa95d508edf:event_135_parent_turn_135 skipping — predecessor failed
2026-09-03 16:23:47,993 - inference_perf.datagen.replay.replay_graph_session_datagen - INFO - Event wekatrace12_0d75185d4e958ad360c16451eaa95d508edf:event_136_parent_turn_136 skipping — predecessor failed
2026-09-03 16:23:47,993 - inference_perf.datagen.replay.replay_graph_session_datagen - INFO - Event wekatrace12_0d75185d4e958ad360c16451eaa95d508edf:event_137_parent_turn_137 skipping — predecessor failed
2026-09-03 16:23:47,993 - inference_perf.datagen.replay.replay_graph_session_datagen - INFO - Event wekatrace12_0d75185d4e958ad360c16451eaa95d508edf:event_138_parent_turn_138 skipping — predecessor failed
2026-09-03 16:23:47,993 - inference_perf.datagen.replay.replay_graph_session_datagen - INFO - Event wekatrace12_0d75185d4e958ad360c16451eaa95d508edf:event_139_parent_turn_139 skipping — predecessor failed
2026-09-03 16:23:47,993 - inference_perf.datagen.replay.replay_graph_session_datagen - INFO - Event wekatrace12_0d75185d4e958ad360c16451eaa95d508edf:event_140_parent_turn_140 skipping — predecessor failed
2026-09-03 16:23:47,994 - inference_perf.datagen.replay.replay_graph_session_datagen - INFO - Event wekatrace12_0d75185d4e958ad360c16451eaa95d508edf:event_141_parent_turn_141 skipping — predecessor failed
2026-09-03 16:23:47,994 - inference_perf.datagen.replay.replay_graph_session_datagen - INFO - Event wekatrace12_0d75185d4e958ad360c16451eaa95d508edf:event_142_parent_turn_142 skipping — predecessor failed
2026-09-03 16:23:47,994 - inference_perf.datagen.replay.replay_graph_session_datagen - INFO - Event wekatrace12_0d75185d4e958ad360c16451eaa95d508edf:event_143_parent_turn_143 skipping — predecessor failed
2026-09-03 16:23:47,994 - inference_perf.datagen.replay.replay_graph_session_datagen - INFO - Event wekatrace12_0d75185d4e958ad360c16451eaa95d508edf:event_144_parent_turn_144 skipping — predecessor failed
2026-09-03 16:23:47,994 - inference_perf.datagen.replay.replay_graph_session_datagen - INFO - Event wekatrace12_0d75185d4e958ad360c16451eaa95d508edf:event_145_parent_turn_145 skipping — predecessor failed
2026-09-03 16:23:47,994 - inference_perf.datagen.replay.replay_graph_session_datagen - INFO - Event wekatrace12_0d75185d4e958ad360c16451eaa95d508edf:event_146_parent_turn_146 skipping — predecessor failed
2026-09-03 16:23:47,994 - inference_perf.datagen.replay.replay_graph_session_datagen - INFO - Event wekatrace12_0d75185d4e958ad360c16451eaa95d508edf:event_147_parent_turn_147 skipping — predecessor failed
2026-09-03 16:23:47,995 - inference_perf.datagen.replay.replay_graph_session_datagen - INFO - Event wekatrace12_0d75185d4e958ad360c16451eaa95d508edf:event_148_parent_turn_148 skipping — predecessor failed
2026-09-03 16:23:47,995 - inference_perf.datagen.replay.replay_graph_session_datagen - INFO - Event wekatrace12_0d75185d4e958ad360c16451eaa95d508edf:event_149_parent_turn_149 skipping — predecessor failed
2026-09-03 16:23:47,995 - inference_perf.datagen.replay.replay_graph_session_datagen - INFO - Event wekatrace12_0d75185d4e958ad360c16451eaa95d508edf:event_150_parent_turn_150 skipping — predecessor failed
2026-09-03 16:23:47,995 - inference_perf.datagen.replay.replay_graph_session_datagen - INFO - Event wekatrace12_0d75185d4e958ad360c16451eaa95d508edf:event_151_parent_turn_151 skipping — predecessor failed
2026-09-03 16:23:47,996 - inference_perf.datagen.replay.replay_graph_session_datagen - INFO - Event wekatrace12_0d75185d4e958ad360c16451eaa95d508edf:event_152_sa_subagent_001_a0cde3b2_s0_turn_0 skipping — predecessor failed
2026-09-03 16:23:47,996 - inference_perf.datagen.replay.replay_graph_session_datagen - INFO - Event wekatrace12_0d75185d4e958ad360c16451eaa95d508edf:event_178_parent_turn_152 skipping — predecessor failed
2026-09-03 16:23:47,996 - inference_perf.datagen.replay.replay_graph_session_datagen - INFO - Event wekatrace12_0d75185d4e958ad360c16451eaa95d508edf:event_153_sa_subagent_001_a0cde3b2_s0_turn_1 skipping — predecessor failed
2026-09-03 16:23:47,996 - inference_perf.datagen.replay.replay_graph_session_datagen - INFO - Event wekatrace12_0d75185d4e958ad360c16451eaa95d508edf:event_179_parent_turn_153 skipping — predecessor failed
2026-09-03 16:23:47,996 - inference_perf.datagen.replay.replay_graph_session_datagen - INFO - Event wekatrace12_0d75185d4e958ad360c16451eaa95d508edf:event_154_sa_subagent_001_a0cde3b2_s0_turn_2 skipping — predecessor failed
2026-09-03 16:23:47,996 - inference_perf.datagen.replay.replay_graph_session_datagen - INFO - Event wekatrace12_0d75185d4e958ad360c16451eaa95d508edf:event_180_parent_turn_154 skipping — predecessor failed
2026-09-03 16:23:47,997 - inference_perf.datagen.replay.replay_graph_session_datagen - INFO - Event wekatrace12_0d75185d4e958ad360c16451eaa95d508edf:event_155_sa_subagent_001_a0cde3b2_s0_turn_3 skipping — predecessor failed
2026-09-03 16:23:47,997 - inference_perf.datagen.replay.replay_graph_session_datagen - INFO - Event wekatrace12_0d75185d4e958ad360c16451eaa95d508edf:event_181_parent_turn_155 skipping — predecessor failed
2026-09-03 16:23:47,997 - inference_perf.datagen.replay.replay_graph_session_datagen - INFO - Event wekatrace12_0d75185d4e958ad360c16451eaa95d508edf:event_156_sa_subagent_001_a0cde3b2_s0_turn_4 skipping — predecessor failed
2026-09-03 16:23:47,997 - inference_perf.datagen.replay.replay_graph_session_datagen - INFO - Event wekatrace12_0d75185d4e958ad360c16451eaa95d508edf:event_182_parent_turn_156 skipping — predecessor failed
2026-09-03 16:23:47,997 - inference_perf.datagen.replay.replay_graph_session_datagen - INFO - Event wekatrace12_0d75185d4e958ad360c16451eaa95d508edf:event_157_sa_subagent_001_a0cde3b2_s0_turn_5 skipping — predecessor failed
2026-09-03 16:23:47,998 - inference_perf.datagen.replay.replay_graph_session_datagen - INFO - Event wekatrace12_0d75185d4e958ad360c16451eaa95d508edf:event_183_parent_turn_157 skipping — predecessor failed
2026-09-03 16:23:47,998 - inference_perf.datagen.replay.replay_graph_session_datagen - INFO - Event wekatrace12_0d75185d4e958ad360c16451eaa95d508edf:event_158_sa_subagent_001_a0cde3b2_s0_turn_6 skipping — predecessor failed
2026-09-03 16:23:47,998 - inference_perf.datagen.replay.replay_graph_session_datagen - INFO - Event wekatrace12_0d75185d4e958ad360c16451eaa95d508edf:event_184_parent_turn_158 skipping — predecessor failed
2026-09-03 16:23:47,998 - inference_perf.datagen.replay.replay_graph_session_datagen - INFO - Event wekatrace12_0d75185d4e958ad360c16451eaa95d508edf:event_159_sa_subagent_001_a0cde3b2_s0_turn_7 skipping — predecessor failed
2026-09-03 16:23:47,998 - inference_perf.datagen.replay.replay_graph_session_datagen - INFO - Event wekatrace12_0d75185d4e958ad360c16451eaa95d508edf:event_185_parent_turn_159 skipping — predecessor failed
2026-09-03 16:23:47,999 - inference_perf.datagen.replay.replay_graph_session_datagen - INFO - Event wekatrace12_0d75185d4e958ad360c16451eaa95d508edf:event_160_sa_subagent_001_a0cde3b2_s0_turn_8 skipping — predecessor failed
2026-09-03 16:23:47,999 - inference_perf.datagen.replay.replay_graph_session_datagen - INFO - Event wekatrace12_0d75185d4e958ad360c16451eaa95d508edf:event_186_parent_turn_160 skipping — predecessor failed
2026-09-03 16:23:47,999 - inference_perf.datagen.replay.replay_graph_session_datagen - INFO - Event wekatrace12_0d75185d4e958ad360c16451eaa95d508edf:event_161_sa_subagent_001_a0cde3b2_s0_turn_9 skipping — predecessor failed
2026-09-03 16:23:47,999 - inference_perf.datagen.replay.replay_graph_session_datagen - INFO - Event wekatrace12_0d75185d4e958ad360c16451eaa95d508edf:event_187_parent_turn_161 skipping — predecessor failed
2026-09-03 16:23:48,000 - inference_perf.datagen.replay.replay_graph_session_datagen - INFO - Event wekatrace12_0d75185d4e958ad360c16451eaa95d508edf:event_162_sa_subagent_001_a0cde3b2_s0_turn_10 skipping — predecessor failed
2026-09-03 16:23:48,000 - inference_perf.datagen.replay.replay_graph_session_datagen - INFO - Event wekatrace12_0d75185d4e958ad360c16451eaa95d508edf:event_188_parent_turn_162 skipping — predecessor failed
2026-09-03 16:23:48,000 - inference_perf.datagen.replay.replay_graph_session_datagen - INFO - Event wekatrace12_0d75185d4e958ad360c16451eaa95d508edf:event_163_sa_subagent_001_a0cde3b2_s0_turn_11 skipping — predecessor failed
2026-09-03 16:23:48,000 - inference_perf.datagen.replay.replay_graph_session_datagen - INFO - Event wekatrace12_0d75185d4e958ad360c16451eaa95d508edf:event_189_parent_turn_163 skipping — predecessor failed
2026-09-03 16:23:48,001 - inference_perf.datagen.replay.replay_graph_session_datagen - INFO - Event wekatrace12_0d75185d4e958ad360c16451eaa95d508edf:event_164_sa_subagent_001_a0cde3b2_s0_turn_12 skipping — predecessor failed
2026-09-03 16:23:48,001 - inference_perf.datagen.replay.replay_graph_session_datagen - INFO - Event wekatrace12_0d75185d4e958ad360c16451eaa95d508edf:event_190_parent_turn_164 skipping — predecessor failed
2026-09-03 16:23:48,001 - inference_perf.datagen.replay.replay_graph_session_datagen - INFO - Event wekatrace12_0d75185d4e958ad360c16451eaa95d508edf:event_165_sa_subagent_001_a0cde3b2_s0_turn_13 skipping — predecessor failed
2026-09-03 16:23:48,001 - inference_perf.datagen.replay.replay_graph_session_datagen - INFO - Event wekatrace12_0d75185d4e958ad360c16451eaa95d508edf:event_191_parent_turn_165 skipping — predecessor failed
2026-09-03 16:23:48,002 - inference_perf.datagen.replay.replay_graph_session_datagen - INFO - Event wekatrace12_0d75185d4e958ad360c16451eaa95d508edf:event_166_sa_subagent_001_a0cde3b2_s0_turn_14 skipping — predecessor failed
2026-09-03 16:23:48,002 - inference_perf.datagen.replay.replay_graph_session_datagen - INFO - Event wekatrace12_0d75185d4e958ad360c16451eaa95d508edf:event_192_parent_turn_166 skipping — predecessor failed
2026-09-03 16:23:48,002 - inference_perf.datagen.replay.replay_graph_session_datagen - INFO - Event wekatrace12_0d75185d4e958ad360c16451eaa95d508edf:event_167_sa_subagent_001_a0cde3b2_s0_turn_15 skipping — predecessor failed
2026-09-03 16:23:48,002 - inference_perf.datagen.replay.replay_graph_session_datagen - INFO - Event wekatrace12_0d75185d4e958ad360c16451eaa95d508edf:event_193_parent_turn_167 skipping — predecessor failed
2026-09-03 16:23:48,003 - inference_perf.datagen.replay.replay_graph_session_datagen - INFO - Event wekatrace12_0d75185d4e958ad360c16451eaa95d508edf:event_168_sa_subagent_001_a0cde3b2_s0_turn_16 skipping — predecessor failed
2026-09-03 16:23:48,003 - inference_perf.datagen.replay.replay_graph_session_datagen - INFO - Event wekatrace12_0d75185d4e958ad360c16451eaa95d508edf:event_194_parent_turn_168 skipping — predecessor failed
2026-09-03 16:23:48,003 - inference_perf.datagen.replay.replay_graph_session_datagen - INFO - Event wekatrace12_0d75185d4e958ad360c16451eaa95d508edf:event_169_sa_subagent_001_a0cde3b2_s0_turn_17 skipping — predecessor failed
2026-09-03 16:23:48,003 - inference_perf.datagen.replay.replay_graph_session_datagen - INFO - Event wekatrace12_0d75185d4e958ad360c16451eaa95d508edf:event_195_parent_turn_169 skipping — predecessor failed
2026-09-03 16:23:48,003 - inference_perf.datagen.replay.replay_graph_session_datagen - INFO - Event wekatrace12_0d75185d4e958ad360c16451eaa95d508edf:event_170_sa_subagent_001_a0cde3b2_s0_turn_18 skipping — predecessor failed
2026-09-03 16:23:48,004 - inference_perf.datagen.replay.replay_graph_session_datagen - INFO - Event wekatrace12_0d75185d4e958ad360c16451eaa95d508edf:event_196_parent_turn_170 skipping — predecessor failed
2026-09-03 16:23:48,004 - inference_perf.datagen.replay.replay_graph_session_datagen - INFO - Event wekatrace12_0d75185d4e958ad360c16451eaa95d508edf:event_171_sa_subagent_001_a0cde3b2_s0_turn_19 skipping — predecessor failed
2026-09-03 16:23:48,004 - inference_perf.datagen.replay.replay_graph_session_datagen - INFO - Event wekatrace12_0d75185d4e958ad360c16451eaa95d508edf:event_197_parent_turn_171 skipping — predecessor failed
2026-09-03 16:23:48,004 - inference_perf.datagen.replay.replay_graph_session_datagen - INFO - Event wekatrace12_0d75185d4e958ad360c16451eaa95d508edf:event_172_sa_subagent_001_a0cde3b2_s0_turn_20 skipping — predecessor failed
2026-09-03 16:23:48,004 - inference_perf.datagen.replay.replay_graph_session_datagen - INFO - Event wekatrace12_0d75185d4e958ad360c16451eaa95d508edf:event_198_parent_turn_172 skipping — predecessor failed
2026-09-03 16:23:48,004 - inference_perf.datagen.replay.replay_graph_session_datagen - INFO - Event wekatrace12_0d75185d4e958ad360c16451eaa95d508edf:event_173_sa_subagent_001_a0cde3b2_s0_turn_21 skipping — predecessor failed
2026-09-03 16:23:48,004 - inference_perf.datagen.replay.replay_graph_session_datagen - INFO - Event wekatrace12_0d75185d4e958ad360c16451eaa95d508edf:event_199_parent_turn_173 skipping — predecessor failed
2026-09-03 16:23:48,004 - inference_perf.datagen.replay.replay_graph_session_datagen - INFO - Event wekatrace12_0d75185d4e958ad360c16451eaa95d508edf:event_174_sa_subagent_001_a0cde3b2_s0_turn_22 skipping — predecessor failed
2026-09-03 16:23:48,005 - inference_perf.datagen.replay.replay_graph_session_datagen - INFO - Event wekatrace12_0d75185d4e958ad360c16451eaa95d508edf:event_200_parent_turn_174 skipping — predecessor failed
2026-09-03 16:23:48,005 - inference_perf.datagen.replay.replay_graph_session_datagen - INFO - Event wekatrace12_0d75185d4e958ad360c16451eaa95d508edf:event_175_sa_subagent_001_a0cde3b2_s0_turn_23 skipping — predecessor failed
2026-09-03 16:23:48,005 - inference_perf.datagen.replay.replay_graph_session_datagen - INFO - Event wekatrace12_0d75185d4e958ad360c16451eaa95d508edf:event_201_parent_turn_175 skipping — predecessor failed
2026-09-03 16:23:48,005 - inference_perf.datagen.replay.replay_graph_session_datagen - INFO - Event wekatrace12_0d75185d4e958ad360c16451eaa95d508edf:event_176_sa_subagent_001_a0cde3b2_s0_turn_24 skipping — predecessor failed
2026-09-03 16:23:48,005 - inference_perf.datagen.replay.replay_graph_session_datagen - INFO - Event wekatrace12_0d75185d4e958ad360c16451eaa95d508edf:event_202_parent_turn_176 skipping — predecessor failed
2026-09-03 16:23:48,005 - inference_perf.datagen.replay.replay_graph_session_datagen - INFO - Event wekatrace12_0d75185d4e958ad360c16451eaa95d508edf:event_177_sa_subagent_001_a0cde3b2_s0_turn_25 skipping — predecessor failed
2026-09-03 16:23:48,005 - inference_perf.datagen.replay.replay_graph_session_datagen - INFO - Event wekatrace12_0d75185d4e958ad360c16451eaa95d508edf:event_203_parent_turn_177 skipping — predecessor failed
2026-09-03 16:23:48,006 - inference_perf.datagen.replay.replay_graph_session_datagen - INFO - Event wekatrace12_0d75185d4e958ad360c16451eaa95d508edf:event_204_parent_turn_178 skipping — predecessor failed
2026-09-03 16:23:48,006 - inference_perf.datagen.replay.replay_graph_session_datagen - INFO - Event wekatrace12_0d75185d4e958ad360c16451eaa95d508edf:event_205_parent_turn_179 skipping — predecessor failed
2026-09-03 16:23:48,006 - inference_perf.datagen.replay.replay_graph_session_datagen - INFO - Event wekatrace12_0d75185d4e958ad360c16451eaa95d508edf:event_206_parent_turn_180 skipping — predecessor failed
2026-09-03 16:23:48,006 - inference_perf.datagen.replay.replay_graph_session_datagen - INFO - Event wekatrace12_0d75185d4e958ad360c16451eaa95d508edf:event_207_parent_turn_181 skipping — predecessor failed
2026-09-03 16:23:48,006 - inference_perf.datagen.replay.replay_graph_session_datagen - INFO - Event wekatrace12_0d75185d4e958ad360c16451eaa95d508edf:event_208_parent_turn_182 skipping — predecessor failed
2026-09-03 16:23:48,006 - inference_perf.datagen.replay.replay_graph_session_datagen - INFO - Event wekatrace12_0d75185d4e958ad360c16451eaa95d508edf:event_209_parent_turn_183 skipping — predecessor failed
2026-09-03 16:23:48,320 - inference_perf.datagen.replay.replay_graph_session_datagen - INFO - Event wekatrace21_1c51f458e8b542059f13268dfd08554de56a:event_057_sa_subagent_003_f5c3f188_s0_turn_19 skipping — predecessor wait failed: TimeoutError
2026-09-03 16:23:48,321 - inference_perf.datagen.replay.replay_graph_session_datagen - INFO - Event wekatrace21_1c51f458e8b542059f13268dfd08554de56a:event_058_sa_subagent_003_f5c3f188_s0_turn_20 skipping — predecessor failed
2026-09-03 16:23:48,321 - inference_perf.datagen.replay.replay_graph_session_datagen - INFO - Event wekatrace21_1c51f458e8b542059f13268dfd08554de56a:event_059_sa_subagent_004_c60f1539_s0_turn_0 skipping — predecessor failed
2026-09-03 16:23:48,321 - inference_perf.datagen.replay.replay_graph_session_datagen - INFO - Event wekatrace21_1c51f458e8b542059f13268dfd08554de56a:event_064_sa_subagent_004_c60f1539_s0_turn_5 skipping — predecessor failed
2026-09-03 16:23:48,321 - inference_perf.datagen.replay.replay_graph_session_datagen - INFO - Event wekatrace21_1c51f458e8b542059f13268dfd08554de56a:event_060_sa_subagent_004_c60f1539_s0_turn_1 skipping — predecessor failed
2026-09-03 16:23:48,321 - inference_perf.datagen.replay.replay_graph_session_datagen - INFO - Event wekatrace21_1c51f458e8b542059f13268dfd08554de56a:event_065_sa_subagent_004_c60f1539_s0_turn_6 skipping — predecessor failed
2026-09-03 16:23:48,321 - inference_perf.datagen.replay.replay_graph_session_datagen - INFO - Event wekatrace21_1c51f458e8b542059f13268dfd08554de56a:event_061_sa_subagent_004_c60f1539_s0_turn_2 skipping — predecessor failed
2026-09-03 16:23:48,321 - inference_perf.datagen.replay.replay_graph_session_datagen - INFO - Event wekatrace21_1c51f458e8b542059f13268dfd08554de56a:event_066_sa_subagent_004_c60f1539_s0_turn_7 skipping — predecessor failed
2026-09-03 16:23:48,322 - inference_perf.datagen.replay.replay_graph_session_datagen - INFO - Event wekatrace21_1c51f458e8b542059f13268dfd08554de56a:event_062_sa_subagent_004_c60f1539_s0_turn_3 skipping — predecessor failed
2026-09-03 16:23:48,322 - inference_perf.datagen.replay.replay_graph_session_datagen - INFO - Event wekatrace21_1c51f458e8b542059f13268dfd08554de56a:event_063_sa_subagent_004_c60f1539_s0_turn_4 skipping — predecessor failed
2026-09-03 16:23:48,322 - inference_perf.datagen.replay.replay_graph_session_datagen - INFO - Event wekatrace21_1c51f458e8b542059f13268dfd08554de56a:event_067_sa_subagent_004_c60f1539_s0_turn_8 skipping — predecessor failed
2026-09-03 16:23:48,322 - inference_perf.datagen.replay.replay_graph_session_datagen - INFO - Event wekatrace21_1c51f458e8b542059f13268dfd08554de56a:event_139_parent_turn_30 skipping — predecessor failed
2026-09-03 16:23:48,322 - inference_perf.datagen.replay.replay_graph_session_datagen - INFO - Event wekatrace21_1c51f458e8b542059f13268dfd08554de56a:event_068_sa_subagent_004_c60f1539_s0_turn_9 skipping — predecessor failed
2026-09-03 16:23:48,322 - inference_perf.datagen.replay.replay_graph_session_datagen - INFO - Event wekatrace21_1c51f458e8b542059f13268dfd08554de56a:event_140_parent_turn_31 skipping — predecessor failed
2026-09-03 16:23:48,323 - inference_perf.datagen.replay.replay_graph_session_datagen - INFO - Event wekatrace21_1c51f458e8b542059f13268dfd08554de56a:event_069_sa_subagent_004_c60f1539_s0_turn_10 skipping — predecessor failed
2026-09-03 16:23:48,323 - inference_perf.datagen.replay.replay_graph_session_datagen - INFO - Event wekatrace21_1c51f458e8b542059f13268dfd08554de56a:event_141_parent_turn_32 skipping — predecessor failed
2026-09-03 16:23:48,323 - inference_perf.datagen.replay.replay_graph_session_datagen - INFO - Event wekatrace21_1c51f458e8b542059f13268dfd08554de56a:event_070_sa_subagent_004_c60f1539_s0_turn_11 skipping — predecessor failed
2026-09-03 16:23:48,323 - inference_perf.datagen.replay.replay_graph_session_datagen - INFO - Event wekatrace21_1c51f458e8b542059f13268dfd08554de56a:event_142_parent_turn_33 skipping — predecessor failed
2026-09-03 16:23:48,324 - inference_perf.datagen.replay.replay_graph_session_datagen - INFO - Event wekatrace21_1c51f458e8b542059f13268dfd08554de56a:event_071_sa_subagent_004_c60f1539_s0_turn_12 skipping — predecessor failed
2026-09-03 16:23:48,324 - inference_perf.datagen.replay.replay_graph_session_datagen - INFO - Event wekatrace21_1c51f458e8b542059f13268dfd08554de56a:event_143_parent_turn_34 skipping — predecessor failed
2026-09-03 16:23:48,324 - inference_perf.datagen.replay.replay_graph_session_datagen - INFO - Event wekatrace21_1c51f458e8b542059f13268dfd08554de56a:event_072_sa_subagent_004_c60f1539_s0_turn_13 skipping — predecessor failed
2026-09-03 16:23:48,324 - inference_perf.datagen.replay.replay_graph_session_datagen - INFO - Event wekatrace21_1c51f458e8b542059f13268dfd08554de56a:event_144_parent_turn_35 skipping — predecessor failed
2026-09-03 16:23:48,324 - inference_perf.datagen.replay.replay_graph_session_datagen - INFO - Event wekatrace21_1c51f458e8b542059f13268dfd08554de56a:event_073_sa_subagent_004_c60f1539_s0_turn_14 skipping — predecessor failed
2026-09-03 16:23:48,324 - inference_perf.datagen.replay.replay_graph_session_datagen - INFO - Event wekatrace21_1c51f458e8b542059f13268dfd08554de56a:event_145_parent_turn_36 skipping — predecessor failed
2026-09-03 16:23:48,324 - inference_perf.datagen.replay.replay_graph_session_datagen - INFO - Event wekatrace21_1c51f458e8b542059f13268dfd08554de56a:event_074_sa_subagent_004_c60f1539_s0_turn_15 skipping — predecessor failed
2026-09-03 16:23:48,325 - inference_perf.datagen.replay.replay_graph_session_datagen - INFO - Event wekatrace21_1c51f458e8b542059f13268dfd08554de56a:event_146_parent_turn_37 skipping — predecessor failed
2026-09-03 16:23:48,325 - inference_perf.datagen.replay.replay_graph_session_datagen - INFO - Event wekatrace21_1c51f458e8b542059f13268dfd08554de56a:event_075_sa_subagent_004_c60f1539_s0_turn_16 skipping — predecessor failed
2026-09-03 16:23:48,325 - inference_perf.datagen.replay.replay_graph_session_datagen - INFO - Event wekatrace21_1c51f458e8b542059f13268dfd08554de56a:event_147_parent_turn_38 skipping — predecessor failed
2026-09-03 16:23:48,325 - inference_perf.datagen.replay.replay_graph_session_datagen - INFO - Event wekatrace21_1c51f458e8b542059f13268dfd08554de56a:event_076_sa_subagent_004_c60f1539_s0_turn_17 skipping — predecessor failed
2026-09-03 16:23:48,325 - inference_perf.datagen.replay.replay_graph_session_datagen - INFO - Event wekatrace21_1c51f458e8b542059f13268dfd08554de56a:event_148_parent_turn_39 skipping — predecessor failed
2026-09-03 16:23:48,326 - inference_perf.datagen.replay.replay_graph_session_datagen - INFO - Event wekatrace21_1c51f458e8b542059f13268dfd08554de56a:event_077_sa_subagent_004_c60f1539_s0_turn_18 skipping — predecessor failed
2026-09-03 16:23:48,326 - inference_perf.datagen.replay.replay_graph_session_datagen - INFO - Event wekatrace21_1c51f458e8b542059f13268dfd08554de56a:event_078_sa_subagent_005_00c86d57_s0_turn_0 skipping — predecessor failed
2026-09-03 16:23:48,326 - inference_perf.datagen.replay.replay_graph_session_datagen - INFO - Event wekatrace21_1c51f458e8b542059f13268dfd08554de56a:event_083_sa_subagent_005_00c86d57_s0_turn_5 skipping — predecessor failed
2026-09-03 16:23:48,326 - inference_perf.datagen.replay.replay_graph_session_datagen - INFO - Event wekatrace21_1c51f458e8b542059f13268dfd08554de56a:event_149_parent_turn_40 skipping — predecessor failed
2026-09-03 16:23:48,326 - inference_perf.datagen.replay.replay_graph_session_datagen - INFO - Event wekatrace21_1c51f458e8b542059f13268dfd08554de56a:event_079_sa_subagent_005_00c86d57_s0_turn_1 skipping — predecessor failed
2026-09-03 16:23:48,326 - inference_perf.datagen.replay.replay_graph_session_datagen - INFO - Event wekatrace21_1c51f458e8b542059f13268dfd08554de56a:event_084_sa_subagent_005_00c86d57_s0_turn_6 skipping — predecessor failed
2026-09-03 16:23:48,326 - inference_perf.datagen.replay.replay_graph_session_datagen - INFO - Event wekatrace21_1c51f458e8b542059f13268dfd08554de56a:event_150_parent_turn_41 skipping — predecessor failed
2026-09-03 16:23:48,326 - inference_perf.datagen.replay.replay_graph_session_datagen - INFO - Event wekatrace21_1c51f458e8b542059f13268dfd08554de56a:event_151_parent_turn_42 skipping — predecessor failed
2026-09-03 16:23:48,327 - inference_perf.datagen.replay.replay_graph_session_datagen - INFO - Event wekatrace21_1c51f458e8b542059f13268dfd08554de56a:event_080_sa_subagent_005_00c86d57_s0_turn_2 skipping — predecessor failed
2026-09-03 16:23:48,327 - inference_perf.datagen.replay.replay_graph_session_datagen - INFO - Event wekatrace21_1c51f458e8b542059f13268dfd08554de56a:event_085_sa_subagent_005_00c86d57_s0_turn_7 skipping — predecessor failed
2026-09-03 16:23:48,327 - inference_perf.datagen.replay.replay_graph_session_datagen - INFO - Event wekatrace21_1c51f458e8b542059f13268dfd08554de56a:event_152_parent_turn_43 skipping — predecessor failed
2026-09-03 16:23:48,327 - inference_perf.datagen.replay.replay_graph_session_datagen - INFO - Event wekatrace21_1c51f458e8b542059f13268dfd08554de56a:event_081_sa_subagent_005_00c86d57_s0_turn_3 skipping — predecessor failed
2026-09-03 16:23:48,327 - inference_perf.datagen.replay.replay_graph_session_datagen - INFO - Event wekatrace21_1c51f458e8b542059f13268dfd08554de56a:event_086_sa_subagent_005_00c86d57_s0_turn_8 skipping — predecessor failed
2026-09-03 16:23:48,328 - inference_perf.datagen.replay.replay_graph_session_datagen - INFO - Event wekatrace21_1c51f458e8b542059f13268dfd08554de56a:event_153_parent_turn_44 skipping — predecessor failed
2026-09-03 16:23:48,328 - inference_perf.datagen.replay.replay_graph_session_datagen - INFO - Event wekatrace21_1c51f458e8b542059f13268dfd08554de56a:event_082_sa_subagent_005_00c86d57_s0_turn_4 skipping — predecessor failed
2026-09-03 16:23:48,328 - inference_perf.datagen.replay.replay_graph_session_datagen - INFO - Event wekatrace21_1c51f458e8b542059f13268dfd08554de56a:event_087_sa_subagent_005_00c86d57_s0_turn_9 skipping — predecessor failed
2026-09-03 16:23:48,328 - inference_perf.datagen.replay.replay_graph_session_datagen - INFO - Event wekatrace21_1c51f458e8b542059f13268dfd08554de56a:event_154_parent_turn_45 skipping — predecessor failed
2026-09-03 16:23:48,328 - inference_perf.datagen.replay.replay_graph_session_datagen - INFO - Event wekatrace21_1c51f458e8b542059f13268dfd08554de56a:event_088_sa_subagent_005_00c86d57_s0_turn_10 skipping — predecessor failed
2026-09-03 16:23:48,328 - inference_perf.datagen.replay.replay_graph_session_datagen - INFO - Event wekatrace21_1c51f458e8b542059f13268dfd08554de56a:event_089_sa_subagent_005_00c86d57_s0_turn_11 skipping — predecessor failed
2026-09-03 16:23:48,328 - inference_perf.datagen.replay.replay_graph_session_datagen - INFO - Event wekatrace21_1c51f458e8b542059f13268dfd08554de56a:event_090_sa_subagent_005_00c86d57_s0_turn_12 skipping — predecessor failed
2026-09-03 16:23:48,328 - inference_perf.datagen.replay.replay_graph_session_datagen - INFO - Event wekatrace21_1c51f458e8b542059f13268dfd08554de56a:event_091_sa_subagent_005_00c86d57_s0_turn_13 skipping — predecessor failed
2026-09-03 16:23:48,329 - inference_perf.datagen.replay.replay_graph_session_datagen - INFO - Event wekatrace21_1c51f458e8b542059f13268dfd08554de56a:event_092_sa_subagent_005_00c86d57_s0_turn_14 skipping — predecessor failed
2026-09-03 16:23:48,329 - inference_perf.datagen.replay.replay_graph_session_datagen - INFO - Event wekatrace21_1c51f458e8b542059f13268dfd08554de56a:event_093_sa_subagent_005_00c86d57_s0_turn_15 skipping — predecessor failed
2026-09-03 16:23:48,329 - inference_perf.datagen.replay.replay_graph_session_datagen - INFO - Event wekatrace21_1c51f458e8b542059f13268dfd08554de56a:event_094_sa_subagent_005_00c86d57_s0_turn_16 skipping — predecessor failed
2026-09-03 16:23:48,329 - inference_perf.datagen.replay.replay_graph_session_datagen - INFO - Event wekatrace21_1c51f458e8b542059f13268dfd08554de56a:event_095_sa_subagent_005_00c86d57_s0_turn_17 skipping — predecessor failed
2026-09-03 16:23:48,329 - inference_perf.datagen.replay.replay_graph_session_datagen - INFO - Event wekatrace21_1c51f458e8b542059f13268dfd08554de56a:event_096_sa_subagent_005_00c86d57_s0_turn_18 skipping — predecessor failed
2026-09-03 16:23:48,329 - inference_perf.datagen.replay.replay_graph_session_datagen - INFO - Event wekatrace21_1c51f458e8b542059f13268dfd08554de56a:event_097_sa_subagent_005_00c86d57_s0_turn_19 skipping — predecessor failed
2026-09-03 16:23:48,330 - inference_perf.datagen.replay.replay_graph_session_datagen - INFO - Event wekatrace21_1c51f458e8b542059f13268dfd08554de56a:event_098_sa_subagent_005_00c86d57_s0_turn_20 skipping — predecessor failed
2026-09-03 16:23:48,330 - inference_perf.datagen.replay.replay_graph_session_datagen - INFO - Event wekatrace21_1c51f458e8b542059f13268dfd08554de56a:event_099_sa_subagent_006_7a668a8b_s0_turn_0 skipping — predecessor failed
2026-09-03 16:23:48,330 - inference_perf.datagen.replay.replay_graph_session_datagen - INFO - Event wekatrace21_1c51f458e8b542059f13268dfd08554de56a:event_103_sa_subagent_006_7a668a8b_s0_turn_4 skipping — predecessor failed
2026-09-03 16:23:48,330 - inference_perf.datagen.replay.replay_graph_session_datagen - INFO - Event wekatrace21_1c51f458e8b542059f13268dfd08554de56a:event_100_sa_subagent_006_7a668a8b_s0_turn_1 skipping — predecessor failed
2026-09-03 16:23:48,330 - inference_perf.datagen.replay.replay_graph_session_datagen - INFO - Event wekatrace21_1c51f458e8b542059f13268dfd08554de56a:event_104_sa_subagent_006_7a668a8b_s0_turn_5 skipping — predecessor failed
2026-09-03 16:23:48,330 - inference_perf.datagen.replay.replay_graph_session_datagen - INFO - Event wekatrace21_1c51f458e8b542059f13268dfd08554de56a:event_101_sa_subagent_006_7a668a8b_s0_turn_2 skipping — predecessor failed
2026-09-03 16:23:48,330 - inference_perf.datagen.replay.replay_graph_session_datagen - INFO - Event wekatrace21_1c51f458e8b542059f13268dfd08554de56a:event_105_sa_subagent_006_7a668a8b_s0_turn_6 skipping — predecessor failed
2026-09-03 16:23:48,330 - inference_perf.datagen.replay.replay_graph_session_datagen - INFO - Event wekatrace21_1c51f458e8b542059f13268dfd08554de56a:event_102_sa_subagent_006_7a668a8b_s0_turn_3 skipping — predecessor failed
2026-09-03 16:23:48,330 - inference_perf.datagen.replay.replay_graph_session_datagen - INFO - Event wekatrace21_1c51f458e8b542059f13268dfd08554de56a:event_106_sa_subagent_006_7a668a8b_s0_turn_7 skipping — predecessor failed
2026-09-03 16:23:48,331 - inference_perf.datagen.replay.replay_graph_session_datagen - INFO - Event wekatrace21_1c51f458e8b542059f13268dfd08554de56a:event_107_sa_subagent_006_7a668a8b_s0_turn_8 skipping — predecessor failed
2026-09-03 16:23:48,331 - inference_perf.datagen.replay.replay_graph_session_datagen - INFO - Event wekatrace21_1c51f458e8b542059f13268dfd08554de56a:event_108_sa_subagent_006_7a668a8b_s0_turn_9 skipping — predecessor failed
2026-09-03 16:23:48,331 - inference_perf.datagen.replay.replay_graph_session_datagen - INFO - Event wekatrace21_1c51f458e8b542059f13268dfd08554de56a:event_109_sa_subagent_006_7a668a8b_s0_turn_10 skipping — predecessor failed
2026-09-03 16:23:48,331 - inference_perf.datagen.replay.replay_graph_session_datagen - INFO - Event wekatrace21_1c51f458e8b542059f13268dfd08554de56a:event_110_sa_subagent_006_7a668a8b_s0_turn_11 skipping — predecessor failed
2026-09-03 16:23:48,331 - inference_perf.datagen.replay.replay_graph_session_datagen - INFO - Event wekatrace21_1c51f458e8b542059f13268dfd08554de56a:event_111_sa_subagent_006_7a668a8b_s0_turn_12 skipping — predecessor failed
2026-09-03 16:23:48,332 - inference_perf.datagen.replay.replay_graph_session_datagen - INFO - Event wekatrace21_1c51f458e8b542059f13268dfd08554de56a:event_112_sa_subagent_006_7a668a8b_s0_turn_13 skipping — predecessor failed
2026-09-03 16:23:48,332 - inference_perf.datagen.replay.replay_graph_session_datagen - INFO - Event wekatrace21_1c51f458e8b542059f13268dfd08554de56a:event_113_parent_turn_4 skipping — predecessor failed
2026-09-03 16:23:48,332 - inference_perf.datagen.replay.replay_graph_session_datagen - INFO - Event wekatrace21_1c51f458e8b542059f13268dfd08554de56a:event_114_parent_turn_5 skipping — predecessor failed
2026-09-03 16:23:48,332 - inference_perf.datagen.replay.replay_graph_session_datagen - INFO - Event wekatrace21_1c51f458e8b542059f13268dfd08554de56a:event_115_parent_turn_6 skipping — predecessor failed
2026-09-03 16:23:48,332 - inference_perf.datagen.replay.replay_graph_session_datagen - INFO - Event wekatrace21_1c51f458e8b542059f13268dfd08554de56a:event_116_parent_turn_7 skipping — predecessor failed
2026-09-03 16:23:48,333 - inference_perf.datagen.replay.replay_graph_session_datagen - INFO - Event wekatrace21_1c51f458e8b542059f13268dfd08554de56a:event_117_parent_turn_8 skipping — predecessor failed
2026-09-03 16:23:48,333 - inference_perf.datagen.replay.replay_graph_session_datagen - INFO - Event wekatrace21_1c51f458e8b542059f13268dfd08554de56a:event_118_parent_turn_9 skipping — predecessor failed
2026-09-03 16:23:48,333 - inference_perf.datagen.replay.replay_graph_session_datagen - INFO - Event wekatrace21_1c51f458e8b542059f13268dfd08554de56a:event_119_parent_turn_10 skipping — predecessor failed
2026-09-03 16:23:48,333 - inference_perf.datagen.replay.replay_graph_session_datagen - INFO - Event wekatrace21_1c51f458e8b542059f13268dfd08554de56a:event_120_parent_turn_11 skipping — predecessor failed
2026-09-03 16:23:48,333 - inference_perf.datagen.replay.replay_graph_session_datagen - INFO - Event wekatrace21_1c51f458e8b542059f13268dfd08554de56a:event_121_parent_turn_12 skipping — predecessor failed
2026-09-03 16:23:48,334 - inference_perf.datagen.replay.replay_graph_session_datagen - INFO - Event wekatrace21_1c51f458e8b542059f13268dfd08554de56a:event_122_parent_turn_13 skipping — predecessor failed
2026-09-03 16:23:48,334 - inference_perf.datagen.replay.replay_graph_session_datagen - INFO - Event wekatrace21_1c51f458e8b542059f13268dfd08554de56a:event_123_parent_turn_14 skipping — predecessor failed
2026-09-03 16:23:48,334 - inference_perf.datagen.replay.replay_graph_session_datagen - INFO - Event wekatrace21_1c51f458e8b542059f13268dfd08554de56a:event_124_parent_turn_15 skipping — predecessor failed
2026-09-03 16:23:48,334 - inference_perf.datagen.replay.replay_graph_session_datagen - INFO - Event wekatrace21_1c51f458e8b542059f13268dfd08554de56a:event_125_parent_turn_16 skipping — predecessor failed
2026-09-03 16:23:48,334 - inference_perf.datagen.replay.replay_graph_session_datagen - INFO - Event wekatrace21_1c51f458e8b542059f13268dfd08554de56a:event_126_parent_turn_17 skipping — predecessor failed
2026-09-03 16:23:48,335 - inference_perf.datagen.replay.replay_graph_session_datagen - INFO - Event wekatrace21_1c51f458e8b542059f13268dfd08554de56a:event_127_parent_turn_18 skipping — predecessor failed
2026-09-03 16:23:48,335 - inference_perf.datagen.replay.replay_graph_session_datagen - INFO - Event wekatrace21_1c51f458e8b542059f13268dfd08554de56a:event_128_parent_turn_19 skipping — predecessor failed
2026-09-03 16:23:48,335 - inference_perf.datagen.replay.replay_graph_session_datagen - INFO - Event wekatrace21_1c51f458e8b542059f13268dfd08554de56a:event_129_parent_turn_20 skipping — predecessor failed
2026-09-03 16:23:48,335 - inference_perf.datagen.replay.replay_graph_session_datagen - INFO - Event wekatrace21_1c51f458e8b542059f13268dfd08554de56a:event_130_parent_turn_21 skipping — predecessor failed
2026-09-03 16:23:48,335 - inference_perf.datagen.replay.replay_graph_session_datagen - INFO - Event wekatrace21_1c51f458e8b542059f13268dfd08554de56a:event_131_parent_turn_22 skipping — predecessor failed
2026-09-03 16:23:48,335 - inference_perf.datagen.replay.replay_graph_session_datagen - INFO - Event wekatrace21_1c51f458e8b542059f13268dfd08554de56a:event_132_parent_turn_23 skipping — predecessor failed
2026-09-03 16:23:48,336 - inference_perf.datagen.replay.replay_graph_session_datagen - INFO - Event wekatrace21_1c51f458e8b542059f13268dfd08554de56a:event_133_parent_turn_24 skipping — predecessor failed
2026-09-03 16:23:48,336 - inference_perf.datagen.replay.replay_graph_session_datagen - INFO - Event wekatrace21_1c51f458e8b542059f13268dfd08554de56a:event_134_parent_turn_25 skipping — predecessor failed
2026-09-03 16:23:48,336 - inference_perf.datagen.replay.replay_graph_session_datagen - INFO - Event wekatrace21_1c51f458e8b542059f13268dfd08554de56a:event_135_parent_turn_26 skipping — predecessor failed
2026-09-03 16:23:48,336 - inference_perf.datagen.replay.replay_graph_session_datagen - INFO - Event wekatrace21_1c51f458e8b542059f13268dfd08554de56a:event_136_parent_turn_27 skipping — predecessor failed
2026-09-03 16:23:48,336 - inference_perf.datagen.replay.replay_graph_session_datagen - INFO - Event wekatrace21_1c51f458e8b542059f13268dfd08554de56a:event_137_parent_turn_28 skipping — predecessor failed
2026-09-03 16:23:48,336 - inference_perf.datagen.replay.replay_graph_session_datagen - INFO - Event wekatrace21_1c51f458e8b542059f13268dfd08554de56a:event_138_parent_turn_29 skipping — predecessor failed
2026-09-03 16:23:48,512 - inference_perf.datagen.replay.replay_graph_session_datagen - INFO - Event wekatrace4_0767e712d9e187634174712ce484b8bb7526:event_060_parent_turn_60 skipping — predecessor wait failed: TimeoutError
2026-09-03 16:23:48,513 - inference_perf.datagen.replay.replay_graph_session_datagen - INFO - Event wekatrace4_0767e712d9e187634174712ce484b8bb7526:event_061_parent_turn_61 skipping — predecessor failed
2026-09-03 16:23:48,513 - inference_perf.datagen.replay.replay_graph_session_datagen - INFO - Event wekatrace4_0767e712d9e187634174712ce484b8bb7526:event_062_parent_turn_62 skipping — predecessor failed
2026-09-03 16:23:48,514 - inference_perf.datagen.replay.replay_graph_session_datagen - INFO - Event wekatrace4_0767e712d9e187634174712ce484b8bb7526:event_063_parent_turn_63 skipping — predecessor failed
2026-09-03 16:23:48,514 - inference_perf.datagen.replay.replay_graph_session_datagen - INFO - Event wekatrace4_0767e712d9e187634174712ce484b8bb7526:event_064_parent_turn_64 skipping — predecessor failed
2026-09-03 16:23:48,514 - inference_perf.datagen.replay.replay_graph_session_datagen - INFO - Event wekatrace4_0767e712d9e187634174712ce484b8bb7526:event_065_parent_turn_65 skipping — predecessor failed
2026-09-03 16:23:48,514 - inference_perf.datagen.replay.replay_graph_session_datagen - INFO - Event wekatrace4_0767e712d9e187634174712ce484b8bb7526:event_066_parent_turn_66 skipping — predecessor failed
2026-09-03 16:23:48,515 - inference_perf.datagen.replay.replay_graph_session_datagen - INFO - Event wekatrace4_0767e712d9e187634174712ce484b8bb7526:event_067_parent_turn_67 skipping — predecessor failed
2026-09-03 16:23:49,136 - inference_perf.datagen.replay.replay_graph_session_datagen - INFO - Event wekatrace23_1e086b8be96979688eb61ba63e18745a8f82:event_056_parent_turn_56 skipping — predecessor wait failed: TimeoutError
2026-09-03 16:23:49,137 - inference_perf.datagen.replay.replay_graph_session_datagen - INFO - Event wekatrace23_1e086b8be96979688eb61ba63e18745a8f82:event_057_parent_turn_57 skipping — predecessor failed
2026-09-03 16:23:49,137 - inference_perf.datagen.replay.replay_graph_session_datagen - INFO - Event wekatrace23_1e086b8be96979688eb61ba63e18745a8f82:event_058_parent_turn_58 skipping — predecessor failed
2026-09-03 16:23:49,138 - inference_perf.datagen.replay.replay_graph_session_datagen - INFO - Event wekatrace23_1e086b8be96979688eb61ba63e18745a8f82:event_059_parent_turn_59 skipping — predecessor failed
2026-09-03 16:23:49,138 - inference_perf.datagen.replay.replay_graph_session_datagen - INFO - Event wekatrace23_1e086b8be96979688eb61ba63e18745a8f82:event_060_parent_turn_60 skipping — predecessor failed
2026-09-03 16:23:49,138 - inference_perf.datagen.replay.replay_graph_session_datagen - INFO - Event wekatrace23_1e086b8be96979688eb61ba63e18745a8f82:event_061_parent_turn_61 skipping — predecessor failed
2026-09-03 16:23:49,138 - inference_perf.datagen.replay.replay_graph_session_datagen - INFO - Event wekatrace23_1e086b8be96979688eb61ba63e18745a8f82:event_062_parent_turn_62 skipping — predecessor failed
2026-09-03 16:23:49,139 - inference_perf.datagen.replay.replay_graph_session_datagen - INFO - Event wekatrace23_1e086b8be96979688eb61ba63e18745a8f82:event_063_parent_turn_63 skipping — predecessor failed
2026-09-03 16:23:49,332 - inference_perf.datagen.replay.replay_graph_session_datagen - INFO - Event wekatrace17_1770548ae8e30555e62d6d6296c0166d6074:event_036_parent_turn_36 skipping — predecessor wait failed: TimeoutError
2026-09-03 16:23:49,333 - inference_perf.datagen.replay.replay_graph_session_datagen - INFO - Event wekatrace17_1770548ae8e30555e62d6d6296c0166d6074:event_037_parent_turn_37 skipping — predecessor failed
2026-09-03 16:23:50,568 - inference_perf.datagen.replay.replay_graph_session_datagen - INFO - Event wekatrace19_1b29955ec88767b5f8870f705f770cd46c60:event_048_parent_turn_48 skipping — predecessor wait failed: TimeoutError
2026-09-03 16:23:50,569 - inference_perf.datagen.replay.replay_graph_session_datagen - INFO - Event wekatrace19_1b29955ec88767b5f8870f705f770cd46c60:event_049_parent_turn_49 skipping — predecessor failed
2026-09-03 16:23:52,528 - inference_perf.datagen.replay.replay_graph_session_datagen - INFO - Event wekatrace3_05658118df5d398eec4703ce4fafe679ab30:event_083_parent_turn_33 skipping — predecessor wait failed: TimeoutError
2026-09-03 16:23:52,529 - inference_perf.datagen.replay.replay_graph_session_datagen - INFO - Event wekatrace3_05658118df5d398eec4703ce4fafe679ab30:event_084_parent_turn_34 skipping — predecessor failed
2026-09-03 16:23:52,529 - inference_perf.datagen.replay.replay_graph_session_datagen - INFO - Event wekatrace3_05658118df5d398eec4703ce4fafe679ab30:event_085_parent_turn_35 skipping — predecessor failed
2026-09-03 16:23:52,529 - inference_perf.datagen.replay.replay_graph_session_datagen - INFO - Event wekatrace3_05658118df5d398eec4703ce4fafe679ab30:event_086_parent_turn_36 skipping — predecessor failed
2026-09-03 16:23:52,529 - inference_perf.datagen.replay.replay_graph_session_datagen - INFO - Event wekatrace3_05658118df5d398eec4703ce4fafe679ab30:event_087_parent_turn_37 skipping — predecessor failed
2026-09-03 16:23:52,530 - inference_perf.datagen.replay.replay_graph_session_datagen - INFO - Event wekatrace3_05658118df5d398eec4703ce4fafe679ab30:event_088_parent_turn_38 skipping — predecessor failed
2026-09-03 16:23:52,530 - inference_perf.datagen.replay.replay_graph_session_datagen - INFO - Event wekatrace3_05658118df5d398eec4703ce4fafe679ab30:event_089_parent_turn_39 skipping — predecessor failed
2026-09-03 16:23:52,530 - inference_perf.datagen.replay.replay_graph_session_datagen - INFO - Event wekatrace3_05658118df5d398eec4703ce4fafe679ab30:event_090_parent_turn_40 skipping — predecessor failed
2026-09-03 16:23:52,530 - inference_perf.loadgen.load_generator - INFO - All 24 sessions completed
2026-09-03 16:23:52,530 - inference_perf.datagen.replay.replay_graph_session_datagen - INFO - Event wekatrace3_05658118df5d398eec4703ce4fafe679ab30:event_091_parent_turn_41 skipping — predecessor failed
2026-09-03 16:23:52,530 - inference_perf.datagen.replay.replay_graph_session_datagen - INFO - Event wekatrace3_05658118df5d398eec4703ce4fafe679ab30:event_092_parent_turn_42 skipping — predecessor failed
2026-09-03 16:23:52,530 - inference_perf.datagen.replay.replay_graph_session_datagen - INFO - Event wekatrace3_05658118df5d398eec4703ce4fafe679ab30:event_093_parent_turn_43 skipping — predecessor failed
2026-09-03 16:23:52,530 - inference_perf.datagen.replay.replay_graph_session_datagen - INFO - Event wekatrace3_05658118df5d398eec4703ce4fafe679ab30:event_094_parent_turn_44 skipping — predecessor failed
2026-09-03 16:23:52,531 - inference_perf.datagen.replay.replay_graph_session_datagen - INFO - Event wekatrace3_05658118df5d398eec4703ce4fafe679ab30:event_095_parent_turn_45 skipping — predecessor failed
2026-09-03 16:23:52,531 - inference_perf.datagen.replay.replay_graph_session_datagen - INFO - Event wekatrace3_05658118df5d398eec4703ce4fafe679ab30:event_096_parent_turn_46 skipping — predecessor failed
2026-09-03 16:23:52,531 - inference_perf.datagen.replay.replay_graph_session_datagen - INFO - Event wekatrace3_05658118df5d398eec4703ce4fafe679ab30:event_097_parent_turn_47 skipping — predecessor failed
2026-09-03 16:23:52,531 - inference_perf.datagen.replay.replay_graph_session_datagen - INFO - Event wekatrace3_05658118df5d398eec4703ce4fafe679ab30:event_098_parent_turn_48 skipping — predecessor failed
2026-09-03 16:23:52,531 - inference_perf.datagen.replay.replay_graph_session_datagen - INFO - Event wekatrace3_05658118df5d398eec4703ce4fafe679ab30:event_099_parent_turn_49 skipping — predecessor failed
2026-09-03 16:23:52,531 - inference_perf.datagen.replay.replay_graph_session_datagen - INFO - Event wekatrace3_05658118df5d398eec4703ce4fafe679ab30:event_100_parent_turn_50 skipping — predecessor failed
2026-09-03 16:23:52,531 - inference_perf.datagen.replay.replay_graph_session_datagen - INFO - Event wekatrace3_05658118df5d398eec4703ce4fafe679ab30:event_101_parent_turn_51 skipping — predecessor failed
2026-09-03 16:23:52,532 - inference_perf.datagen.replay.replay_graph_session_datagen - INFO - Event wekatrace3_05658118df5d398eec4703ce4fafe679ab30:event_102_parent_turn_52 skipping — predecessor failed
2026-09-03 16:23:52,532 - inference_perf.datagen.replay.replay_graph_session_datagen - INFO - Event wekatrace3_05658118df5d398eec4703ce4fafe679ab30:event_103_parent_turn_53 skipping — predecessor failed
2026-09-03 16:23:52,532 - inference_perf.datagen.replay.replay_graph_session_datagen - INFO - Event wekatrace3_05658118df5d398eec4703ce4fafe679ab30:event_104_parent_turn_54 skipping — predecessor failed
2026-09-03 16:23:52,532 - inference_perf.datagen.replay.replay_graph_session_datagen - INFO - Event wekatrace3_05658118df5d398eec4703ce4fafe679ab30:event_105_parent_turn_55 skipping — predecessor failed
2026-09-03 16:23:52,532 - inference_perf.datagen.replay.replay_graph_session_datagen - INFO - Event wekatrace3_05658118df5d398eec4703ce4fafe679ab30:event_106_parent_turn_56 skipping — predecessor failed
2026-09-03 16:23:52,532 - inference_perf.datagen.replay.replay_graph_session_datagen - INFO - Event wekatrace3_05658118df5d398eec4703ce4fafe679ab30:event_107_parent_turn_57 skipping — predecessor failed
2026-09-03 16:23:52,533 - inference_perf.datagen.replay.replay_graph_session_datagen - INFO - Event wekatrace3_05658118df5d398eec4703ce4fafe679ab30:event_108_parent_turn_58 skipping — predecessor failed
2026-09-03 16:23:52,533 - inference_perf.datagen.replay.replay_graph_session_datagen - INFO - Event wekatrace3_05658118df5d398eec4703ce4fafe679ab30:event_109_parent_turn_59 skipping — predecessor failed
2026-09-03 16:23:52,533 - inference_perf.datagen.replay.replay_graph_session_datagen - INFO - Event wekatrace3_05658118df5d398eec4703ce4fafe679ab30:event_110_parent_turn_60 skipping — predecessor failed
2026-09-03 16:23:52,533 - inference_perf.datagen.replay.replay_graph_session_datagen - INFO - Event wekatrace3_05658118df5d398eec4703ce4fafe679ab30:event_111_parent_turn_61 skipping — predecessor failed
2026-09-03 16:23:52,533 - inference_perf.datagen.replay.replay_graph_session_datagen - INFO - Event wekatrace3_05658118df5d398eec4703ce4fafe679ab30:event_112_parent_turn_62 skipping — predecessor failed
2026-09-03 16:23:52,533 - inference_perf.datagen.replay.replay_graph_session_datagen - INFO - Event wekatrace3_05658118df5d398eec4703ce4fafe679ab30:event_113_parent_turn_63 skipping — predecessor failed
2026-09-03 16:23:52,534 - inference_perf.datagen.replay.replay_graph_session_datagen - INFO - Event wekatrace3_05658118df5d398eec4703ce4fafe679ab30:event_114_parent_turn_64 skipping — predecessor failed
2026-09-03 16:23:52,534 - inference_perf.datagen.replay.replay_graph_session_datagen - INFO - Event wekatrace3_05658118df5d398eec4703ce4fafe679ab30:event_115_parent_turn_65 skipping — predecessor failed
2026-09-03 16:23:52,534 - inference_perf.datagen.replay.replay_graph_session_datagen - INFO - Event wekatrace3_05658118df5d398eec4703ce4fafe679ab30:event_116_parent_turn_66 skipping — predecessor failed
2026-09-03 16:23:52,534 - inference_perf.datagen.replay.replay_graph_session_datagen - INFO - Event wekatrace3_05658118df5d398eec4703ce4fafe679ab30:event_117_parent_turn_67 skipping — predecessor failed
2026-09-03 16:23:52,534 - inference_perf.datagen.replay.replay_graph_session_datagen - INFO - Event wekatrace3_05658118df5d398eec4703ce4fafe679ab30:event_118_parent_turn_68 skipping — predecessor failed
2026-09-03 16:23:52,535 - inference_perf.datagen.replay.replay_graph_session_datagen - INFO - Event wekatrace3_05658118df5d398eec4703ce4fafe679ab30:event_119_parent_turn_69 skipping — predecessor failed
2026-09-03 16:23:52,535 - inference_perf.datagen.replay.replay_graph_session_datagen - INFO - Event wekatrace3_05658118df5d398eec4703ce4fafe679ab30:event_120_parent_turn_70 skipping — predecessor failed
2026-09-03 16:23:52,535 - inference_perf.datagen.replay.replay_graph_session_datagen - INFO - Event wekatrace3_05658118df5d398eec4703ce4fafe679ab30:event_121_parent_turn_71 skipping — predecessor failed
2026-09-03 16:23:52,536 - inference_perf.datagen.replay.replay_graph_session_datagen - INFO - Event wekatrace3_05658118df5d398eec4703ce4fafe679ab30:event_122_parent_turn_72 skipping — predecessor failed
2026-09-03 16:23:52,536 - inference_perf.datagen.replay.replay_graph_session_datagen - INFO - Event wekatrace3_05658118df5d398eec4703ce4fafe679ab30:event_123_parent_turn_73 skipping — predecessor failed
2026-09-03 16:23:52,536 - inference_perf.datagen.replay.replay_graph_session_datagen - INFO - Event wekatrace3_05658118df5d398eec4703ce4fafe679ab30:event_124_parent_turn_74 skipping — predecessor failed
2026-09-03 16:23:52,537 - inference_perf.datagen.replay.replay_graph_session_datagen - INFO - Event wekatrace3_05658118df5d398eec4703ce4fafe679ab30:event_125_parent_turn_75 skipping — predecessor failed
2026-09-03 16:23:52,537 - inference_perf.datagen.replay.replay_graph_session_datagen - INFO - Event wekatrace3_05658118df5d398eec4703ce4fafe679ab30:event_126_parent_turn_76 skipping — predecessor failed
2026-09-03 16:23:52,537 - inference_perf.datagen.replay.replay_graph_session_datagen - INFO - Event wekatrace3_05658118df5d398eec4703ce4fafe679ab30:event_127_parent_turn_77 skipping — predecessor failed
2026-09-03 16:23:52,537 - inference_perf.datagen.replay.replay_graph_session_datagen - INFO - Event wekatrace3_05658118df5d398eec4703ce4fafe679ab30:event_128_parent_turn_78 skipping — predecessor failed
2026-09-03 16:23:52,538 - inference_perf.datagen.replay.replay_graph_session_datagen - INFO - Event wekatrace3_05658118df5d398eec4703ce4fafe679ab30:event_129_parent_turn_79 skipping — predecessor failed
2026-09-03 16:23:52,538 - inference_perf.datagen.replay.replay_graph_session_datagen - INFO - Event wekatrace3_05658118df5d398eec4703ce4fafe679ab30:event_130_parent_turn_80 skipping — predecessor failed
2026-09-03 16:23:52,538 - inference_perf.datagen.replay.replay_graph_session_datagen - INFO - Event wekatrace3_05658118df5d398eec4703ce4fafe679ab30:event_131_parent_turn_81 skipping — predecessor failed
2026-09-03 16:23:52,538 - inference_perf.datagen.replay.replay_graph_session_datagen - INFO - Event wekatrace3_05658118df5d398eec4703ce4fafe679ab30:event_132_parent_turn_82 skipping — predecessor failed
2026-09-03 16:23:52,538 - inference_perf.datagen.replay.replay_graph_session_datagen - INFO - Event wekatrace3_05658118df5d398eec4703ce4fafe679ab30:event_133_parent_turn_83 skipping — predecessor failed
2026-09-03 16:23:52,539 - inference_perf.datagen.replay.replay_graph_session_datagen - INFO - Event wekatrace3_05658118df5d398eec4703ce4fafe679ab30:event_134_parent_turn_84 skipping — predecessor failed
2026-09-03 16:23:52,539 - inference_perf.datagen.replay.replay_graph_session_datagen - INFO - Event wekatrace3_05658118df5d398eec4703ce4fafe679ab30:event_135_parent_turn_85 skipping — predecessor failed
2026-09-03 16:23:52,539 - inference_perf.datagen.replay.replay_graph_session_datagen - INFO - Event wekatrace3_05658118df5d398eec4703ce4fafe679ab30:event_136_parent_turn_86 skipping — predecessor failed
2026-09-03 16:23:52,539 - inference_perf.datagen.replay.replay_graph_session_datagen - INFO - Event wekatrace3_05658118df5d398eec4703ce4fafe679ab30:event_137_parent_turn_87 skipping — predecessor failed
2026-09-03 16:23:52,539 - inference_perf.datagen.replay.replay_graph_session_datagen - INFO - Event wekatrace3_05658118df5d398eec4703ce4fafe679ab30:event_138_parent_turn_88 skipping — predecessor failed
2026-09-03 16:23:52,539 - inference_perf.datagen.replay.replay_graph_session_datagen - INFO - Event wekatrace3_05658118df5d398eec4703ce4fafe679ab30:event_139_parent_turn_89 skipping — predecessor failed
2026-09-03 16:23:52,540 - inference_perf.datagen.replay.replay_graph_session_datagen - INFO - Event wekatrace3_05658118df5d398eec4703ce4fafe679ab30:event_140_parent_turn_90 skipping — predecessor failed
2026-09-03 16:23:52,540 - inference_perf.datagen.replay.replay_graph_session_datagen - INFO - Event wekatrace3_05658118df5d398eec4703ce4fafe679ab30:event_141_parent_turn_91 skipping — predecessor failed
2026-09-03 16:23:52,540 - inference_perf.datagen.replay.replay_graph_session_datagen - INFO - Event wekatrace3_05658118df5d398eec4703ce4fafe679ab30:event_142_parent_turn_92 skipping — predecessor failed
2026-09-03 16:23:52,540 - inference_perf.datagen.replay.replay_graph_session_datagen - INFO - Event wekatrace3_05658118df5d398eec4703ce4fafe679ab30:event_143_parent_turn_93 skipping — predecessor failed
2026-09-03 16:23:52,540 - inference_perf.datagen.replay.replay_graph_session_datagen - INFO - Event wekatrace3_05658118df5d398eec4703ce4fafe679ab30:event_144_parent_turn_94 skipping — predecessor failed
2026-09-03 16:23:52,540 - inference_perf.datagen.replay.replay_graph_session_datagen - INFO - Event wekatrace3_05658118df5d398eec4703ce4fafe679ab30:event_145_parent_turn_95 skipping — predecessor failed
2026-09-03 16:23:52,540 - inference_perf.datagen.replay.replay_graph_session_datagen - INFO - Event wekatrace3_05658118df5d398eec4703ce4fafe679ab30:event_146_parent_turn_96 skipping — predecessor failed
2026-09-03 16:23:52,540 - inference_perf.datagen.replay.replay_graph_session_datagen - INFO - Event wekatrace3_05658118df5d398eec4703ce4fafe679ab30:event_147_parent_turn_97 skipping — predecessor failed
2026-09-03 16:23:52,541 - inference_perf.datagen.replay.replay_graph_session_datagen - INFO - Event wekatrace3_05658118df5d398eec4703ce4fafe679ab30:event_148_parent_turn_98 skipping — predecessor failed
2026-09-03 16:23:52,541 - inference_perf.datagen.replay.replay_graph_session_datagen - INFO - Event wekatrace3_05658118df5d398eec4703ce4fafe679ab30:event_149_parent_turn_99 skipping — predecessor failed
2026-09-03 16:23:52,541 - inference_perf.datagen.replay.replay_graph_session_datagen - INFO - Event wekatrace3_05658118df5d398eec4703ce4fafe679ab30:event_150_parent_turn_100 skipping — predecessor failed
2026-09-03 16:23:52,541 - inference_perf.datagen.replay.replay_graph_session_datagen - INFO - Event wekatrace3_05658118df5d398eec4703ce4fafe679ab30:event_151_parent_turn_101 skipping — predecessor failed
2026-09-03 16:23:52,541 - inference_perf.datagen.replay.replay_graph_session_datagen - INFO - Event wekatrace3_05658118df5d398eec4703ce4fafe679ab30:event_152_parent_turn_102 skipping — predecessor failed
2026-09-03 16:23:52,541 - inference_perf.datagen.replay.replay_graph_session_datagen - INFO - Event wekatrace3_05658118df5d398eec4703ce4fafe679ab30:event_153_parent_turn_103 skipping — predecessor failed
2026-09-03 16:23:52,541 - inference_perf.datagen.replay.replay_graph_session_datagen - INFO - Event wekatrace3_05658118df5d398eec4703ce4fafe679ab30:event_154_parent_turn_104 skipping — predecessor failed
2026-09-03 16:23:52,541 - inference_perf.datagen.replay.replay_graph_session_datagen - INFO - Event wekatrace3_05658118df5d398eec4703ce4fafe679ab30:event_155_parent_turn_105 skipping — predecessor failed
2026-09-03 16:23:52,542 - inference_perf.datagen.replay.replay_graph_session_datagen - INFO - Event wekatrace3_05658118df5d398eec4703ce4fafe679ab30:event_156_parent_turn_106 skipping — predecessor failed
2026-09-03 16:23:52,542 - inference_perf.datagen.replay.replay_graph_session_datagen - INFO - Event wekatrace3_05658118df5d398eec4703ce4fafe679ab30:event_157_parent_turn_107 skipping — predecessor failed
2026-09-03 16:23:52,542 - inference_perf.datagen.replay.replay_graph_session_datagen - INFO - Event wekatrace3_05658118df5d398eec4703ce4fafe679ab30:event_158_parent_turn_108 skipping — predecessor failed
2026-09-03 16:23:52,542 - inference_perf.datagen.replay.replay_graph_session_datagen - INFO - Event wekatrace3_05658118df5d398eec4703ce4fafe679ab30:event_159_parent_turn_109 skipping — predecessor failed
2026-09-03 16:23:52,542 - inference_perf.datagen.replay.replay_graph_session_datagen - INFO - Event wekatrace3_05658118df5d398eec4703ce4fafe679ab30:event_160_parent_turn_110 skipping — predecessor failed
2026-09-03 16:23:52,542 - inference_perf.datagen.replay.replay_graph_session_datagen - INFO - Event wekatrace3_05658118df5d398eec4703ce4fafe679ab30:event_161_parent_turn_111 skipping — predecessor failed
2026-09-03 16:23:52,542 - inference_perf.datagen.replay.replay_graph_session_datagen - INFO - Event wekatrace3_05658118df5d398eec4703ce4fafe679ab30:event_162_parent_turn_112 skipping — predecessor failed
2026-09-03 16:23:52,542 - inference_perf.datagen.replay.replay_graph_session_datagen - INFO - Event wekatrace3_05658118df5d398eec4703ce4fafe679ab30:event_163_parent_turn_113 skipping — predecessor failed
2026-09-03 16:23:52,542 - inference_perf.datagen.replay.replay_graph_session_datagen - INFO - Event wekatrace3_05658118df5d398eec4703ce4fafe679ab30:event_164_parent_turn_114 skipping — predecessor failed
2026-09-03 16:23:52,543 - inference_perf.datagen.replay.replay_graph_session_datagen - INFO - Event wekatrace3_05658118df5d398eec4703ce4fafe679ab30:event_165_parent_turn_115 skipping — predecessor failed
2026-09-03 16:23:52,543 - inference_perf.datagen.replay.replay_graph_session_datagen - INFO - Event wekatrace3_05658118df5d398eec4703ce4fafe679ab30:event_166_parent_turn_116 skipping — predecessor failed
2026-09-03 16:23:52,543 - inference_perf.datagen.replay.replay_graph_session_datagen - INFO - Event wekatrace3_05658118df5d398eec4703ce4fafe679ab30:event_167_parent_turn_117 skipping — predecessor failed
2026-09-03 16:23:52,543 - inference_perf.datagen.replay.replay_graph_session_datagen - INFO - Event wekatrace3_05658118df5d398eec4703ce4fafe679ab30:event_168_parent_turn_118 skipping — predecessor failed
2026-09-03 16:23:52,543 - inference_perf.datagen.replay.replay_graph_session_datagen - INFO - Event wekatrace3_05658118df5d398eec4703ce4fafe679ab30:event_169_parent_turn_119 skipping — predecessor failed
2026-09-03 16:23:52,543 - inference_perf.datagen.replay.replay_graph_session_datagen - INFO - Event wekatrace3_05658118df5d398eec4703ce4fafe679ab30:event_170_parent_turn_120 skipping — predecessor failed
2026-09-03 16:23:52,543 - inference_perf.datagen.replay.replay_graph_session_datagen - INFO - Event wekatrace3_05658118df5d398eec4703ce4fafe679ab30:event_171_sa_subagent_002_18f099d9_s0_turn_0 skipping — predecessor failed
2026-09-03 16:23:52,543 - inference_perf.datagen.replay.replay_graph_session_datagen - INFO - Event wekatrace3_05658118df5d398eec4703ce4fafe679ab30:event_218_parent_turn_121 skipping — predecessor failed
2026-09-03 16:23:52,543 - inference_perf.datagen.replay.replay_graph_session_datagen - INFO - Event wekatrace3_05658118df5d398eec4703ce4fafe679ab30:event_172_sa_subagent_002_18f099d9_s0_turn_1 skipping — predecessor failed
2026-09-03 16:23:52,543 - inference_perf.datagen.replay.replay_graph_session_datagen - INFO - Event wekatrace3_05658118df5d398eec4703ce4fafe679ab30:event_219_parent_turn_122 skipping — predecessor failed
2026-09-03 16:23:52,544 - inference_perf.datagen.replay.replay_graph_session_datagen - INFO - Event wekatrace3_05658118df5d398eec4703ce4fafe679ab30:event_173_sa_subagent_002_18f099d9_s0_turn_2 skipping — predecessor failed
2026-09-03 16:23:52,544 - inference_perf.datagen.replay.replay_graph_session_datagen - INFO - Event wekatrace3_05658118df5d398eec4703ce4fafe679ab30:event_220_parent_turn_123 skipping — predecessor failed
2026-09-03 16:23:52,544 - inference_perf.datagen.replay.replay_graph_session_datagen - INFO - Event wekatrace3_05658118df5d398eec4703ce4fafe679ab30:event_174_sa_subagent_002_18f099d9_s0_turn_3 skipping — predecessor failed
2026-09-03 16:23:52,544 - inference_perf.datagen.replay.replay_graph_session_datagen - INFO - Event wekatrace3_05658118df5d398eec4703ce4fafe679ab30:event_175_sa_subagent_002_18f099d9_s0_turn_4 skipping — predecessor failed
2026-09-03 16:23:52,544 - inference_perf.datagen.replay.replay_graph_session_datagen - INFO - Event wekatrace3_05658118df5d398eec4703ce4fafe679ab30:event_176_sa_subagent_002_18f099d9_s0_turn_5 skipping — predecessor failed
2026-09-03 16:23:52,544 - inference_perf.datagen.replay.replay_graph_session_datagen - INFO - Event wekatrace3_05658118df5d398eec4703ce4fafe679ab30:event_177_sa_subagent_002_18f099d9_s0_turn_6 skipping — predecessor failed
2026-09-03 16:23:52,544 - inference_perf.datagen.replay.replay_graph_session_datagen - INFO - Event wekatrace3_05658118df5d398eec4703ce4fafe679ab30:event_178_sa_subagent_002_18f099d9_s0_turn_7 skipping — predecessor failed
2026-09-03 16:23:52,545 - inference_perf.datagen.replay.replay_graph_session_datagen - INFO - Event wekatrace3_05658118df5d398eec4703ce4fafe679ab30:event_179_sa_subagent_002_18f099d9_s0_turn_8 skipping — predecessor failed
2026-09-03 16:23:52,545 - inference_perf.datagen.replay.replay_graph_session_datagen - INFO - Event wekatrace3_05658118df5d398eec4703ce4fafe679ab30:event_180_sa_subagent_002_18f099d9_s0_turn_9 skipping — predecessor failed
2026-09-03 16:23:52,545 - inference_perf.datagen.replay.replay_graph_session_datagen - INFO - Event wekatrace3_05658118df5d398eec4703ce4fafe679ab30:event_181_sa_subagent_002_18f099d9_s0_turn_10 skipping — predecessor failed
2026-09-03 16:23:52,545 - inference_perf.datagen.replay.replay_graph_session_datagen - INFO - Event wekatrace3_05658118df5d398eec4703ce4fafe679ab30:event_182_sa_subagent_002_18f099d9_s0_turn_11 skipping — predecessor failed
2026-09-03 16:23:52,545 - inference_perf.datagen.replay.replay_graph_session_datagen - INFO - Event wekatrace3_05658118df5d398eec4703ce4fafe679ab30:event_183_sa_subagent_002_18f099d9_s0_turn_12 skipping — predecessor failed
2026-09-03 16:23:52,545 - inference_perf.datagen.replay.replay_graph_session_datagen - INFO - Event wekatrace3_05658118df5d398eec4703ce4fafe679ab30:event_184_sa_subagent_002_18f099d9_s0_turn_13 skipping — predecessor failed
2026-09-03 16:23:52,545 - inference_perf.datagen.replay.replay_graph_session_datagen - INFO - Event wekatrace3_05658118df5d398eec4703ce4fafe679ab30:event_185_sa_subagent_002_18f099d9_s0_turn_14 skipping — predecessor failed
2026-09-03 16:23:52,545 - inference_perf.datagen.replay.replay_graph_session_datagen - INFO - Event wekatrace3_05658118df5d398eec4703ce4fafe679ab30:event_186_sa_subagent_002_18f099d9_s0_turn_15 skipping — predecessor failed
2026-09-03 16:23:52,546 - inference_perf.datagen.replay.replay_graph_session_datagen - INFO - Event wekatrace3_05658118df5d398eec4703ce4fafe679ab30:event_187_sa_subagent_002_18f099d9_s0_turn_16 skipping — predecessor failed
2026-09-03 16:23:52,546 - inference_perf.datagen.replay.replay_graph_session_datagen - INFO - Event wekatrace3_05658118df5d398eec4703ce4fafe679ab30:event_188_sa_subagent_002_18f099d9_s0_turn_17 skipping — predecessor failed
2026-09-03 16:23:52,546 - inference_perf.datagen.replay.replay_graph_session_datagen - INFO - Event wekatrace3_05658118df5d398eec4703ce4fafe679ab30:event_189_sa_subagent_002_18f099d9_s0_turn_18 skipping — predecessor failed
2026-09-03 16:23:52,546 - inference_perf.datagen.replay.replay_graph_session_datagen - INFO - Event wekatrace3_05658118df5d398eec4703ce4fafe679ab30:event_190_sa_subagent_002_18f099d9_s0_turn_19 skipping — predecessor failed
2026-09-03 16:23:52,546 - inference_perf.datagen.replay.replay_graph_session_datagen - INFO - Event wekatrace3_05658118df5d398eec4703ce4fafe679ab30:event_191_sa_subagent_002_18f099d9_s0_turn_20 skipping — predecessor failed
2026-09-03 16:23:52,546 - inference_perf.datagen.replay.replay_graph_session_datagen - INFO - Event wekatrace3_05658118df5d398eec4703ce4fafe679ab30:event_192_sa_subagent_002_18f099d9_s0_turn_21 skipping — predecessor failed
2026-09-03 16:23:52,546 - inference_perf.datagen.replay.replay_graph_session_datagen - INFO - Event wekatrace3_05658118df5d398eec4703ce4fafe679ab30:event_193_sa_subagent_002_18f099d9_s0_turn_22 skipping — predecessor failed
2026-09-03 16:23:52,546 - inference_perf.datagen.replay.replay_graph_session_datagen - INFO - Event wekatrace3_05658118df5d398eec4703ce4fafe679ab30:event_194_sa_subagent_002_18f099d9_s0_turn_23 skipping — predecessor failed
2026-09-03 16:23:52,546 - inference_perf.datagen.replay.replay_graph_session_datagen - INFO - Event wekatrace3_05658118df5d398eec4703ce4fafe679ab30:event_195_sa_subagent_002_18f099d9_s0_turn_24 skipping — predecessor failed
2026-09-03 16:23:52,547 - inference_perf.datagen.replay.replay_graph_session_datagen - INFO - Event wekatrace3_05658118df5d398eec4703ce4fafe679ab30:event_196_sa_subagent_002_18f099d9_s0_turn_25 skipping — predecessor failed
2026-09-03 16:23:52,547 - inference_perf.datagen.replay.replay_graph_session_datagen - INFO - Event wekatrace3_05658118df5d398eec4703ce4fafe679ab30:event_197_sa_subagent_002_18f099d9_s0_turn_26 skipping — predecessor failed
2026-09-03 16:23:52,547 - inference_perf.datagen.replay.replay_graph_session_datagen - INFO - Event wekatrace3_05658118df5d398eec4703ce4fafe679ab30:event_198_sa_subagent_002_18f099d9_s0_turn_27 skipping — predecessor failed
2026-09-03 16:23:52,547 - inference_perf.datagen.replay.replay_graph_session_datagen - INFO - Event wekatrace3_05658118df5d398eec4703ce4fafe679ab30:event_199_sa_subagent_002_18f099d9_s0_turn_28 skipping — predecessor failed
2026-09-03 16:23:52,547 - inference_perf.datagen.replay.replay_graph_session_datagen - INFO - Event wekatrace3_05658118df5d398eec4703ce4fafe679ab30:event_200_sa_subagent_002_18f099d9_s0_turn_29 skipping — predecessor failed
2026-09-03 16:23:52,547 - inference_perf.datagen.replay.replay_graph_session_datagen - INFO - Event wekatrace3_05658118df5d398eec4703ce4fafe679ab30:event_201_sa_subagent_002_18f099d9_s0_turn_30 skipping — predecessor failed
2026-09-03 16:23:52,547 - inference_perf.datagen.replay.replay_graph_session_datagen - INFO - Event wekatrace3_05658118df5d398eec4703ce4fafe679ab30:event_202_sa_subagent_002_18f099d9_s0_turn_31 skipping — predecessor failed
2026-09-03 16:23:52,548 - inference_perf.datagen.replay.replay_graph_session_datagen - INFO - Event wekatrace3_05658118df5d398eec4703ce4fafe679ab30:event_203_sa_subagent_002_18f099d9_s0_turn_32 skipping — predecessor failed
2026-09-03 16:23:52,548 - inference_perf.datagen.replay.replay_graph_session_datagen - INFO - Event wekatrace3_05658118df5d398eec4703ce4fafe679ab30:event_204_sa_subagent_002_18f099d9_s0_turn_33 skipping — predecessor failed
2026-09-03 16:23:52,548 - inference_perf.datagen.replay.replay_graph_session_datagen - INFO - Event wekatrace3_05658118df5d398eec4703ce4fafe679ab30:event_205_sa_subagent_002_18f099d9_s0_turn_34 skipping — predecessor failed
2026-09-03 16:23:52,548 - inference_perf.datagen.replay.replay_graph_session_datagen - INFO - Event wekatrace3_05658118df5d398eec4703ce4fafe679ab30:event_206_sa_subagent_002_18f099d9_s0_turn_35 skipping — predecessor failed
2026-09-03 16:23:52,548 - inference_perf.datagen.replay.replay_graph_session_datagen - INFO - Event wekatrace3_05658118df5d398eec4703ce4fafe679ab30:event_207_sa_subagent_002_18f099d9_s0_turn_36 skipping — predecessor failed
2026-09-03 16:23:52,548 - inference_perf.datagen.replay.replay_graph_session_datagen - INFO - Event wekatrace3_05658118df5d398eec4703ce4fafe679ab30:event_208_sa_subagent_002_18f099d9_s0_turn_37 skipping — predecessor failed
2026-09-03 16:23:52,549 - inference_perf.datagen.replay.replay_graph_session_datagen - INFO - Event wekatrace3_05658118df5d398eec4703ce4fafe679ab30:event_209_sa_subagent_002_18f099d9_s0_turn_38 skipping — predecessor failed
2026-09-03 16:23:52,549 - inference_perf.datagen.replay.replay_graph_session_datagen - INFO - Event wekatrace3_05658118df5d398eec4703ce4fafe679ab30:event_210_sa_subagent_002_18f099d9_s0_turn_39 skipping — predecessor failed
2026-09-03 16:23:52,549 - inference_perf.datagen.replay.replay_graph_session_datagen - INFO - Event wekatrace3_05658118df5d398eec4703ce4fafe679ab30:event_211_sa_subagent_002_18f099d9_s0_turn_40 skipping — predecessor failed
2026-09-03 16:23:52,549 - inference_perf.datagen.replay.replay_graph_session_datagen - INFO - Event wekatrace3_05658118df5d398eec4703ce4fafe679ab30:event_212_sa_subagent_002_18f099d9_s0_turn_41 skipping — predecessor failed
2026-09-03 16:23:52,549 - inference_perf.datagen.replay.replay_graph_session_datagen - INFO - Event wekatrace3_05658118df5d398eec4703ce4fafe679ab30:event_213_sa_subagent_002_18f099d9_s0_turn_42 skipping — predecessor failed
2026-09-03 16:23:52,549 - inference_perf.datagen.replay.replay_graph_session_datagen - INFO - Event wekatrace3_05658118df5d398eec4703ce4fafe679ab30:event_214_sa_subagent_002_18f099d9_s0_turn_43 skipping — predecessor failed
2026-09-03 16:23:52,549 - inference_perf.datagen.replay.replay_graph_session_datagen - INFO - Event wekatrace3_05658118df5d398eec4703ce4fafe679ab30:event_215_sa_subagent_002_18f099d9_s0_turn_44 skipping — predecessor failed
2026-09-03 16:23:52,550 - inference_perf.datagen.replay.replay_graph_session_datagen - INFO - Event wekatrace3_05658118df5d398eec4703ce4fafe679ab30:event_216_sa_subagent_002_18f099d9_s0_turn_45 skipping — predecessor failed
2026-09-03 16:23:52,550 - inference_perf.datagen.replay.replay_graph_session_datagen - INFO - Event wekatrace3_05658118df5d398eec4703ce4fafe679ab30:event_217_sa_subagent_002_18f099d9_s0_turn_46 skipping — predecessor failed
2026-09-03 16:25:34,792 - inference_perf.loadgen.load_generator - INFO - Stage 0 - session-based run completed
Overall Progress ━━━━━━━━━━━━━━━━━━━━━━━━━━━━━━━━━━━━━━ 100% 1/1 0:00:00 1:01:54
2026-09-03 16:25:35,801 - inference_perf.reportgen.base - INFO - Generating Reports...
2026-09-03 16:25:35,801 - inference_perf.utils.custom_tokenizer - INFO - Loading tokenizer 'Qwen/Qwen3-Coder-30B-A3B-Instruct-FP8'
2026-09-03 16:25:35,965 - httpx - INFO - HTTP Request: HEAD https://huggingface.co/Qwen/Qwen3-Coder-30B-A3B-Instruct-FP8/resolve/main/config.json "HTTP/1.1 307 Temporary Redirect"
2026-09-03 16:25:35,982 - httpx - INFO - HTTP Request: HEAD https://huggingface.co/api/resolve-cache/models/Qwen/Qwen3-Coder-30B-A3B-Instruct-FP8/dcaee4d4dfc5ee71ad501f01f530e5652438fde0/config.json "HTTP/1.1 200 OK"
2026-09-03 16:25:36,035 - httpx - INFO - HTTP Request: HEAD https://huggingface.co/Qwen/Qwen3-Coder-30B-A3B-Instruct-FP8/resolve/main/tokenizer_config.json "HTTP/1.1 307 Temporary Redirect"
2026-09-03 16:25:36,053 - httpx - INFO - HTTP Request: HEAD https://huggingface.co/api/resolve-cache/models/Qwen/Qwen3-Coder-30B-A3B-Instruct-FP8/dcaee4d4dfc5ee71ad501f01f530e5652438fde0/tokenizer_config.json "HTTP/1.1 200 OK"
2026-09-03 16:25:36,112 - httpx - INFO - HTTP Request: GET https://huggingface.co/api/models/Qwen/Qwen3-Coder-30B-A3B-Instruct-FP8/tree/main/additional_chat_templates?recursive=false&expand=false "HTTP/1.1 404 Not Found"
2026-09-03 16:25:36,165 - httpx - INFO - HTTP Request: GET https://huggingface.co/api/models/Qwen/Qwen3-Coder-30B-A3B-Instruct-FP8/tree/main?recursive=true&expand=false "HTTP/1.1 200 OK"
2026-09-03 16:25:37,374 - httpx - INFO - HTTP Request: GET https://huggingface.co/api/models/Qwen/Qwen3-Coder-30B-A3B-Instruct-FP8 "HTTP/1.1 200 OK"
2026-09-03 16:30:11,832 - inference_perf.reportgen.base - WARNING - Prometheus Metrics Client is not configured or not of type PrometheusMetricsClient
2026-09-03 16:30:12,671 - inference_perf.client.filestorage.local - INFO - Report saved to: /work/reports/summary_lifecycle_metrics.json
2026-09-03 16:30:12,672 - inference_perf.client.filestorage.local - INFO - Report saved to: /work/reports/stage_0_lifecycle_metrics.json
2026-09-03 16:30:20,641 - inference_perf.client.filestorage.local - INFO - Report saved to: /work/reports/per_request_lifecycle_metrics.json
2026-09-03 16:30:20,651 - inference_perf.client.filestorage.local - INFO - Report saved to: /work/reports/inference-perf.partial.stage_0.yaml
2026-09-03 16:30:20,652 - inference_perf.client.filestorage.local - INFO - Report saved to: /work/reports/summary_session_lifecycle_metrics.json
2026-09-03 16:30:20,652 - inference_perf.client.filestorage.local - INFO - Report saved to: /work/reports/stage_0_session_lifecycle_metrics.json
2026-09-03 16:30:20,659 - inference_perf.client.filestorage.local - INFO - Report saved to: /work/reports/config.yaml
=== START_SUMMARY ===
{
  "benchmark_time_seconds": 3714.5355544909835,
  "load_summary": {
    "count": 1323,
    "schedule_delay": {
      "mean": 1184.7062932563817,
      "min": 0.04192445985972881,
      "max": 3608.3651825347915,
      "p0.1": 0.05216000844910741,
      "p1": 2.9235508426837624,
      "p5": 46.650755724124615,
      "p10": 95.69764602407814,
      "p25": 289.54216136643663,
      "median": 858.440340843983,
      "p75": 1780.110756576527,
      "p90": 3133.6690678456794,
      "p95": 3360.84730867762,
      "p99": 3555.7435149900243,
      "p99.9": 3604.5396185646637
    }
  },
  "successes": {
    "count": 1323,
    "latency": {
      "request_latency": {
        "mean": 63.37842206624481,
        "min": 0.1575352232903242,
        "max": 1265.9608271401376,
        "p0.1": 0.1585668812915683,
        "p1": 0.8977500437945127,
        "p5": 3.1717773095704613,
        "p10": 4.088473590090871,
        "p25": 7.911717328242958,
        "median": 27.185610190033913,
        "p75": 67.7374481158331,
        "p90": 151.11733081005514,
        "p95": 239.84440220510558,
        "p99": 568.8630175267704,
        "p99.9": 1025.2909003639063
      },
      "normalized_time_per_output_token": {
        "mean": 0.07696920079175422,
        "min": 0.009432784229930904,
        "max": 4.67431440219904,
        "p0.1": 0.011656114647748296,
        "p1": 0.0251669732528008,
        "p5": 0.028767847660029974,
        "p10": 0.030867626475913644,
        "p25": 0.036887946109588884,
        "median": 0.04347539305291434,
        "p75": 0.06733391782441542,
        "p90": 0.13843006923552564,
        "p95": 0.21047748866214028,
        "p99": 0.4763732499772637,
        "p99.9": 1.4440890497185663
      },
      "time_per_output_token": {
        "mean": 0.05465119644468046,
        "min": 0.003996315740925425,
        "max": 0.5200238903327024,
        "p0.1": 0.004332645347532936,
        "p1": 0.023145183907993618,
        "p5": 0.027409764749432762,
        "p10": 0.02921974538240155,
        "p25": 0.03522050933620394,
        "median": 0.04147011768905014,
        "p75": 0.05760010080993447,
        "p90": 0.10241731876580988,
        "p95": 0.12259247807988763,
        "p99": 0.19645339420302035,
        "p99.9": 0.3809646041792987
      },
      "time_to_first_token": {
        "mean": 5.259861924841815,
        "min": 0.038226380944252014,
        "max": 65.4145693834871,
        "p0.1": 0.0453034966159612,
        "p1": 0.08899668021127581,
        "p5": 0.11626484300941231,
        "p10": 0.17140137013047935,
        "p25": 0.25315052596852183,
        "median": 0.4609448844566941,
        "p75": 2.9735561930574477,
        "p90": 19.993686748668548,
        "p95": 29.505956740118553,
        "p99": 47.41105587843805,
        "p99.9": 62.15145563099204
      },
      "inter_token_latency": {
        "mean": 0.06270911720523575,
        "min": 0.0,
        "max": 23.330061686225235,
        "p0.1": 1.4532357454299927e-05,
        "p1": 2.2098422050476074e-05,
        "p5": 0.001421418972313404,
        "p10": 0.013892932794988155,
        "p25": 0.028598917415365577,
        "median": 0.038390167988836765,
        "p75": 0.04482378298416734,
        "p90": 0.05101177375763655,
        "p95": 0.08625064534135163,
        "p99": 0.33205270976759493,
        "p99.9": 6.539695630456448
      }
    },
    "throughput": {
      "input_tokens_per_sec": 26570.291373486318,
      "output_tokens_per_sec": 354.28547679639513,
      "total_tokens_per_sec": 26924.576850282716,
      "requests_per_sec": 0.35616835014553944,
      "images_per_sec": 0.0,
      "videos_per_sec": 0.0,
      "audios_per_sec": 0.0
    },
    "request_size_bytes": {
      "mean": 300918.45049130765,
      "min": 806.0,
      "max": 986002.0,
      "p0.1": 1661.05,
      "p1": 1973.18,
      "p5": 11684.4,
      "p10": 40686.60000000006,
      "p25": 182022.0,
      "median": 276245.0,
      "p75": 400586.5,
      "p90": 540485.2,
      "p95": 662853.8999999998,
      "p99": 906790.9999999998,
      "p99.9": 976512.1600000003
    },
    "image": {
      "count": {
        "mean": 0.0,
        "min": 0.0,
        "max": 0.0,
        "p0.1": 0.0,
        "p1": 0.0,
        "p5": 0.0,
        "p10": 0.0,
        "p25": 0.0,
        "median": 0.0,
        "p75": 0.0,
        "p90": 0.0,
        "p95": 0.0,
        "p99": 0.0,
        "p99.9": 0.0
      },
      "pixels": null,
      "bytes": null,
      "aspect_ratio": null
    },
    "video": {
      "count": {
        "mean": 0.0,
        "min": 0.0,
        "max": 0.0,
        "p0.1": 0.0,
        "p1": 0.0,
        "p5": 0.0,
        "p10": 0.0,
        "p25": 0.0,
        "median": 0.0,
        "p75": 0.0,
        "p90": 0.0,
        "p95": 0.0,
        "p99": 0.0,
        "p99.9": 0.0
      },
      "frames": null,
      "pixels": null,
      "bytes": null,
      "aspect_ratio": null
    },
    "audio": {
      "count": {
        "mean": 0.0,
        "min": 0.0,
        "max": 0.0,
        "p0.1": 0.0,
        "p1": 0.0,
        "p5": 0.0,
        "p10": 0.0,
        "p25": 0.0,
        "median": 0.0,
        "p75": 0.0,
        "p90": 0.0,
        "p95": 0.0,
        "p99": 0.0,
        "p99.9": 0.0
      },
      "seconds": null,
      "bytes": null
    },
    "prompt_tokens": {
      "total": 98696292.0,
      "cached": 67092175.0,
      "uncached": 31604117.0,
      "mean": 74600.37188208617,
      "min": 139.0,
      "max": 250663.0,
      "p0.1": 327.796,
      "p1": 423.8,
      "p5": 2895.1,
      "p10": 10208.600000000013,
      "p25": 45744.5,
      "median": 69018.0,
      "p75": 98247.0,
      "p90": 130900.99999999999,
      "p95": 167527.69999999992,
      "p99": 230424.67999999993,
      "p99.9": 246862.3840000003
    },
    "output_len": {
      "mean": 994.713529856387,
      "min": 2.0,
      "max": 15793.0,
      "p0.1": 6.644,
      "p1": 14.0,
      "p5": 77.0,
      "p10": 98.0,
      "p25": 168.0,
      "median": 513.0,
      "p75": 1176.5,
      "p90": 2358.7999999999993,
      "p95": 3686.2999999999747,
      "p99": 7348.619999999996,
      "p99.9": 14749.638000000314
    },
    "output_tokens": {
      "total": 1316006.0,
      "mean": 994.713529856387,
      "min": 2.0,
      "max": 15793.0,
      "p0.1": 6.644,
      "p1": 14.0,
      "p5": 77.0,
      "p10": 98.0,
      "p25": 168.0,
      "median": 513.0,
      "p75": 1176.5,
      "p90": 2358.7999999999993,
      "p95": 3686.2999999999747,
      "p99": 7348.619999999996,
      "p99.9": 14749.638000000314
    },
    "token_count_mismatches": 622,
    "client_fallback_requests": {
      "prompt": 0,
      "output": 0
    }
  },
  "failures": {
    "count": 0,
    "request_latency": null,
    "prompt_tokens": {
      "total": 0.0,
      "cached": 0.0,
      "uncached": 0.0
    },
    "by_label": {}
  }
}
=== END_SUMMARY ===
=== START_STAGE_0 ===
{
  "benchmark_time_seconds": 3714.5355544909835,
  "load_summary": {
    "count": 1323,
    "schedule_delay": {
      "mean": 1184.7062932563817,
      "min": 0.04192445985972881,
      "max": 3608.3651825347915,
      "p0.1": 0.05216000844910741,
      "p1": 2.9235508426837624,
      "p5": 46.650755724124615,
      "p10": 95.69764602407814,
      "p25": 289.54216136643663,
      "median": 858.440340843983,
      "p75": 1780.110756576527,
      "p90": 3133.6690678456794,
      "p95": 3360.84730867762,
      "p99": 3555.7435149900243,
      "p99.9": 3604.5396185646637
    },
    "send_duration": 3608.3884229948744,
    "requested_rate": 0.0,
    "achieved_rate": 0.3666456725027242,
    "concurrency": 24
  },
  "successes": {
    "count": 1323,
    "latency": {
      "request_latency": {
        "mean": 63.37842206624481,
        "min": 0.1575352232903242,
        "max": 1265.9608271401376,
        "p0.1": 0.1585668812915683,
        "p1": 0.8977500437945127,
        "p5": 3.1717773095704613,
        "p10": 4.088473590090871,
        "p25": 7.911717328242958,
        "median": 27.185610190033913,
        "p75": 67.7374481158331,
        "p90": 151.11733081005514,
        "p95": 239.84440220510558,
        "p99": 568.8630175267704,
        "p99.9": 1025.2909003639063
      },
      "normalized_time_per_output_token": {
        "mean": 0.07696920079175422,
        "min": 0.009432784229930904,
        "max": 4.67431440219904,
        "p0.1": 0.011656114647748296,
        "p1": 0.0251669732528008,
        "p5": 0.028767847660029974,
        "p10": 0.030867626475913644,
        "p25": 0.036887946109588884,
        "median": 0.04347539305291434,
        "p75": 0.06733391782441542,
        "p90": 0.13843006923552564,
        "p95": 0.21047748866214028,
        "p99": 0.4763732499772637,
        "p99.9": 1.4440890497185663
      },
      "time_per_output_token": {
        "mean": 0.05465119644468046,
        "min": 0.003996315740925425,
        "max": 0.5200238903327024,
        "p0.1": 0.004332645347532936,
        "p1": 0.023145183907993618,
        "p5": 0.027409764749432762,
        "p10": 0.02921974538240155,
        "p25": 0.03522050933620394,
        "median": 0.04147011768905014,
        "p75": 0.05760010080993447,
        "p90": 0.10241731876580988,
        "p95": 0.12259247807988763,
        "p99": 0.19645339420302035,
        "p99.9": 0.3809646041792987
      },
      "time_to_first_token": {
        "mean": 5.259861924841815,
        "min": 0.038226380944252014,
        "max": 65.4145693834871,
        "p0.1": 0.0453034966159612,
        "p1": 0.08899668021127581,
        "p5": 0.11626484300941231,
        "p10": 0.17140137013047935,
        "p25": 0.25315052596852183,
        "median": 0.4609448844566941,
        "p75": 2.9735561930574477,
        "p90": 19.993686748668548,
        "p95": 29.505956740118553,
        "p99": 47.41105587843805,
        "p99.9": 62.15145563099204
      },
      "inter_token_latency": {
        "mean": 0.06270911720523575,
        "min": 0.0,
        "max": 23.330061686225235,
        "p0.1": 1.4532357454299927e-05,
        "p1": 2.2098422050476074e-05,
        "p5": 0.001421418972313404,
        "p10": 0.013892932794988155,
        "p25": 0.028598917415365577,
        "median": 0.038390167988836765,
        "p75": 0.04482378298416734,
        "p90": 0.05101177375763655,
        "p95": 0.08625064534135163,
        "p99": 0.33205270976759493,
        "p99.9": 6.539695630456448
      }
    },
    "throughput": {
      "input_tokens_per_sec": 26570.291373486318,
      "output_tokens_per_sec": 354.28547679639513,
      "total_tokens_per_sec": 26924.576850282716,
      "requests_per_sec": 0.35616835014553944,
      "images_per_sec": 0.0,
      "videos_per_sec": 0.0,
      "audios_per_sec": 0.0
    },
    "request_size_bytes": {
      "mean": 300918.45049130765,
      "min": 806.0,
      "max": 986002.0,
      "p0.1": 1661.05,
      "p1": 1973.18,
      "p5": 11684.4,
      "p10": 40686.60000000006,
      "p25": 182022.0,
      "median": 276245.0,
      "p75": 400586.5,
      "p90": 540485.2,
      "p95": 662853.8999999998,
      "p99": 906790.9999999998,
      "p99.9": 976512.1600000003
    },
    "image": {
      "count": {
        "mean": 0.0,
        "min": 0.0,
        "max": 0.0,
        "p0.1": 0.0,
        "p1": 0.0,
        "p5": 0.0,
        "p10": 0.0,
        "p25": 0.0,
        "median": 0.0,
        "p75": 0.0,
        "p90": 0.0,
        "p95": 0.0,
        "p99": 0.0,
        "p99.9": 0.0
      },
      "pixels": null,
      "bytes": null,
      "aspect_ratio": null
    },
    "video": {
      "count": {
        "mean": 0.0,
        "min": 0.0,
        "max": 0.0,
        "p0.1": 0.0,
        "p1": 0.0,
        "p5": 0.0,
        "p10": 0.0,
        "p25": 0.0,
        "median": 0.0,
        "p75": 0.0,
        "p90": 0.0,
        "p95": 0.0,
        "p99": 0.0,
        "p99.9": 0.0
      },
      "frames": null,
      "pixels": null,
      "bytes": null,
      "aspect_ratio": null
    },
    "audio": {
      "count": {
        "mean": 0.0,
        "min": 0.0,
        "max": 0.0,
        "p0.1": 0.0,
        "p1": 0.0,
        "p5": 0.0,
        "p10": 0.0,
        "p25": 0.0,
        "median": 0.0,
        "p75": 0.0,
        "p90": 0.0,
        "p95": 0.0,
        "p99": 0.0,
        "p99.9": 0.0
      },
      "seconds": null,
      "bytes": null
    },
    "prompt_tokens": {
      "total": 98696292.0,
      "cached": 67092175.0,
      "uncached": 31604117.0,
      "mean": 74600.37188208617,
      "min": 139.0,
      "max": 250663.0,
      "p0.1": 327.796,
      "p1": 423.8,
      "p5": 2895.1,
      "p10": 10208.600000000013,
      "p25": 45744.5,
      "median": 69018.0,
      "p75": 98247.0,
      "p90": 130900.99999999999,
      "p95": 167527.69999999992,
      "p99": 230424.67999999993,
      "p99.9": 246862.3840000003
    },
    "output_len": {
      "mean": 994.713529856387,
      "min": 2.0,
      "max": 15793.0,
      "p0.1": 6.644,
      "p1": 14.0,
      "p5": 77.0,
      "p10": 98.0,
      "p25": 168.0,
      "median": 513.0,
      "p75": 1176.5,
      "p90": 2358.7999999999993,
      "p95": 3686.2999999999747,
      "p99": 7348.619999999996,
      "p99.9": 14749.638000000314
    },
    "output_tokens": {
      "total": 1316006.0,
      "mean": 994.713529856387,
      "min": 2.0,
      "max": 15793.0,
      "p0.1": 6.644,
      "p1": 14.0,
      "p5": 77.0,
      "p10": 98.0,
      "p25": 168.0,
      "median": 513.0,
      "p75": 1176.5,
      "p90": 2358.7999999999993,
      "p95": 3686.2999999999747,
      "p99": 7348.619999999996,
      "p99.9": 14749.638000000314
    },
    "token_count_mismatches": 622,
    "client_fallback_requests": {
      "prompt": 0,
      "output": 0
    }
  },
  "failures": {
    "count": 0,
    "request_latency": null,
    "prompt_tokens": {
      "total": 0.0,
      "cached": 0.0,
      "uncached": 0.0
    },
    "by_label": {}
  }
}
=== END_STAGE_0 ===
=== START_PARTIAL_BR_V0_2_STAGE_0 ===
version: 0.2.1
run:
  uid: inference-perf-stage-0-3349c1b0
  eid: inference-perf-experiment-10067b48
  time:
    start: '2026-09-03T15:23:40.025144Z'
    end: '2026-09-03T16:23:52.530598Z'
    duration: PT3612.505S
results:
  request_performance:
    aggregate:
      requests:
        total: 1323
        failures: 0
        input_length:
          units: count
          mean: 74600.37188208617
          stddev: 47575.932425556784
          min: 139.0
          p0p1: 327.796
          p1: 423.8
          p5: 2895.1
          p10: 10208.600000000013
          p25: 45744.5
          p50: 69018.0
          p75: 98247.0
          p90: 130900.99999999999
          p95: 167527.69999999992
          p99: 230424.67999999993
          p99p9: 246862.3840000003
          max: 250663.0
        output_length:
          units: count
          mean: 994.713529856387
          stddev: 1509.5985385777599
          min: 2.0
          p0p1: 6.644
          p1: 14.0
          p5: 77.0
          p10: 98.0
          p25: 168.0
          p50: 513.0
          p75: 1176.5
          p90: 2358.7999999999993
          p95: 3686.2999999999747
          p99: 7348.619999999996
          p99p9: 14749.638000000314
          max: 15793.0
      latency:
        time_to_first_token:
          units: s
          mean: 5.259861924841815
          stddev: 10.70043399729543
          min: 0.038226380944252014
          p0p1: 0.0453034966159612
          p1: 0.08899668021127581
          p5: 0.11626484300941231
          p10: 0.17140137013047935
          p25: 0.25315052596852183
          p50: 0.4609448844566941
          p75: 2.9735561930574477
          p90: 19.993686748668548
          p95: 29.505956740118553
          p99: 47.41105587843805
          p99p9: 62.15145563099204
          max: 65.4145693834871
        normalized_time_per_output_token:
          units: s/token
          mean: 0.07696920079175422
          stddev: 0.1586402015874139
          min: 0.009432784229930904
          p0p1: 0.011656114647748296
          p1: 0.0251669732528008
          p5: 0.028767847660029974
          p10: 0.030867626475913644
          p25: 0.036887946109588884
          p50: 0.04347539305291434
          p75: 0.06733391782441542
          p90: 0.13843006923552564
          p95: 0.21047748866214028
          p99: 0.4763732499772637
          p99p9: 1.4440890497185663
          max: 4.67431440219904
        time_per_output_token:
          units: s/token
          mean: 0.05465119644468046
          stddev: 0.037941442722539846
          min: 0.003996315740925425
          p0p1: 0.004332645347532936
          p1: 0.023145183907993618
          p5: 0.027409764749432762
          p10: 0.02921974538240155
          p25: 0.03522050933620394
          p50: 0.04147011768905014
          p75: 0.05760010080993447
          p90: 0.10241731876580988
          p95: 0.12259247807988763
          p99: 0.19645339420302035
          p99p9: 0.3809646041792987
          max: 0.5200238903327024
        inter_token_latency:
          units: s/token
          mean: 0.06270911720523575
          stddev: 0.41156285335561316
          min: 0.0
          p0p1: 1.4532357454299927e-05
          p1: 2.2098422050476074e-05
          p5: 0.001421418972313404
          p10: 0.013892932794988155
          p25: 0.028598917415365577
          p50: 0.038390167988836765
          p75: 0.04482378298416734
          p90: 0.05101177375763655
          p95: 0.08625064534135163
          p99: 0.33205270976759493
          p99p9: 6.539695630456448
          max: 23.330061686225235
        request_latency:
          units: s
          mean: 63.37842206624481
          stddev: 111.78398866776107
          min: 0.1575352232903242
          p0p1: 0.1585668812915683
          p1: 0.8977500437945127
          p5: 3.1717773095704613
          p10: 4.088473590090871
          p25: 7.911717328242958
          p50: 27.185610190033913
          p75: 67.7374481158331
          p90: 151.11733081005514
          p95: 239.84440220510558
          p99: 568.8630175267704
          p99p9: 1025.2909003639063
          max: 1265.9608271401376
      throughput:
        input_token_rate:
          units: tokens/s
          mean: 26570.291373486318
        output_token_rate:
          units: tokens/s
          mean: 354.28547679639513
        total_token_rate:
          units: tokens/s
          mean: 26924.576850282716
        request_rate:
          units: queries/s
          mean: 0.35616835014553944

=== END_PARTIAL_BR_V0_2_STAGE_0 ===
=== START_STAGE_0 ===
{
  "stage_metadata": {
    "stage_id": 0,
    "status": "COMPLETED",
    "timeout_configured": 4800.0,
    "actual_duration": 3612.5054540634155,
    "teardown_duration": 102.26176840160042,
    "dropped_requests": 0,
    "concurrent_sessions": 24,
    "session_rate": null
  },
  "num_sessions": 24,
  "num_sessions_succeeded": 3,
  "num_sessions_failed": 21,
  "total_events": 2826,
  "total_events_completed": 1303,
  "total_events_cancelled": 1502,
  "sessions_with_recorded_substitution": 0,
  "total_recorded_substitutions": {
    "count": 0,
    "messages": []
  },
  "sessions_per_second": 0.006643593462195113,
  "session_duration_sec": {
    "mean": 3409.0597487191358,
    "min": 443.2628574371338,
    "max": 3612.4246270656586,
    "p0.1": 491.80059867930413,
    "p1": 928.6402698588372,
    "p5": 2638.074110150337,
    "p10": 3261.9185569524766,
    "p25": 3601.146227300167,
    "median": 3603.661773920059,
    "p75": 3607.9797582030296,
    "p90": 3609.170601654053,
    "p95": 3610.2717692494393,
    "p99": 3611.9719224286077,
    "p99.9": 3612.3793566019535
  },
  "num_events": {
    "mean": 117.75,
    "min": 32.0,
    "max": 517.0,
    "p0.1": 32.069,
    "p1": 32.69,
    "p5": 35.45,
    "p10": 38.3,
    "p25": 57.5,
    "median": 79.0,
    "p75": 146.0,
    "p90": 217.7,
    "p95": 239.69999999999996,
    "p99": 453.9799999999999,
    "p99.9": 510.69800000000106
  },
  "num_events_cancelled": {
    "mean": 62.583333333333336,
    "min": 0.0,
    "max": 424.0,
    "p0.1": 0.0,
    "p1": 0.0,
    "p5": 0.0,
    "p10": 0.30000000000000027,
    "p25": 2.0,
    "median": 26.0,
    "p75": 92.75,
    "p90": 153.39999999999998,
    "p95": 165.1,
    "p99": 364.6599999999999,
    "p99.9": 418.066000000001
  },
  "total_input_tokens": {
    "mean": 4112345.5,
    "min": 1045540.0,
    "max": 9234607.0,
    "p0.1": 1069005.497,
    "p1": 1280194.97,
    "p5": 2104334.25,
    "p10": 2344455.1,
    "p25": 2762310.0,
    "median": 3628388.5,
    "p75": 4808473.75,
    "p90": 6744249.8,
    "p95": 8578521.549999995,
    "p99": 9150753.37,
    "p99.9": 9226221.637000002
  },
  "total_output_tokens": {
    "mean": 54833.583333333336,
    "min": 9548.0,
    "max": 75101.0,
    "p0.1": 10255.089,
    "p1": 16618.89,
    "p5": 40730.8,
    "p10": 44776.700000000004,
    "p25": 51723.25,
    "median": 54893.5,
    "p75": 60005.75,
    "p90": 69773.9,
    "p95": 73585.55,
    "p99": 74800.16,
    "p99.9": 75070.91600000001
  },
  "total_cached_tokens": {
    "mean": 2795507.2916666665,
    "min": 144323.0,
    "max": 6739864.0,
    "p0.1": 169495.971,
    "p1": 396052.71,
    "p5": 1267946.95,
    "p10": 1436761.6,
    "p25": 1669135.25,
    "median": 2041832.5,
    "p75": 3358086.0,
    "p90": 5542700.299999999,
    "p95": 6526698.199999998,
    "p99": 6716496.0,
    "p99.9": 6737527.2
  },
  "total_cacheable_input_tokens": {
    "mean": 4112117.5,
    "min": 1045540.0,
    "max": 9234607.0,
    "p0.1": 1069005.497,
    "p1": 1280194.97,
    "p5": 2104334.25,
    "p10": 2344455.1,
    "p25": 2761871.0,
    "median": 3628388.5,
    "p75": 4808473.75,
    "p90": 6744249.8,
    "p95": 8576556.349999996,
    "p99": 9150221.61,
    "p99.9": 9226168.461000001
  },
  "sessions_with_cache_info": 24,
  "kv_cache_hit_percent": 67.98218415856712,
  "kv_cache_hit_per_session_percent": {
    "mean": 64.49145648492642,
    "min": 13.803680394819901,
    "max": 94.24534619367037,
    "p0.1": 14.287542576712227,
    "p1": 18.642302213743154,
    "p5": 36.514772466285756,
    "p10": 47.66872191563831,
    "p25": 57.01256367010387,
    "median": 65.3523449714491,
    "p75": 74.85858293990236,
    "p90": 85.29446763939819,
    "p95": 86.672073094503,
    "p99": 92.55600053452763,
    "p99.9": 94.07641162775613
  },
  "tfut_sec": {
    "mean": 6.694392064586282,
    "min": 0.13460854720324278,
    "max": 13.331332921050489,
    "p0.1": 0.13481482952460647,
    "p1": 0.13667137041687966,
    "p5": 0.144893482234329,
    "p10": 0.15423402469605207,
    "p25": 3.2469112693797797,
    "median": 4.435992074664682,
    "p75": 11.952661137096584,
    "p90": 12.476789449062197,
    "p95": 13.211995388194918,
    "p99": 13.326225641071796,
    "p99.9": 13.33082219305262
  },
  "sessions_with_tfut": 24,
  "tfut_none_reasons": null,
  "num_user_facing_events": {
    "mean": 117.75,
    "min": 32.0,
    "max": 517.0,
    "p0.1": 32.069,
    "p1": 32.69,
    "p5": 35.45,
    "p10": 38.3,
    "p25": 57.5,
    "median": 79.0,
    "p75": 146.0,
    "p90": 217.7,
    "p95": 239.69999999999996,
    "p99": 453.9799999999999,
    "p99.9": 510.69800000000106
  },
  "num_structured_output_excluded": {
    "mean": 0.0,
    "min": 0.0,
    "max": 0.0,
    "p0.1": 0.0,
    "p1": 0.0,
    "p5": 0.0,
    "p10": 0.0,
    "p25": 0.0,
    "median": 0.0,
    "p75": 0.0,
    "p90": 0.0,
    "p95": 0.0,
    "p99": 0.0,
    "p99.9": 0.0
  }
}
=== END_STAGE_0 ===
                         Throughput and Goodput Summary                         
┏━━━━━━━┳━━━━━━━━━━┳━━━━━━━━━┳━━━━━━━━━━┳━━━━━━━┳━━━━━━━━━┳━━━━━━━━━━┳━━━━━━━━━┓
┃       ┃          ┃ Achiev… ┃    Error ┃       ┃      In ┃      Out ┃     Tot ┃
┃ Stage ┃ Req Rate ┃    Rate ┃     Rate ┃ Req/s ┃ Tokens… ┃ Tokens/s ┃ Tokens… ┃
┡━━━━━━━╇━━━━━━━━━━╇━━━━━━━━━╇━━━━━━━━━━╇━━━━━━━╇━━━━━━━━━╇━━━━━━━━━━╇━━━━━━━━━┩
│     0 │      0.0 │     0.4 │     0.0% │   0.4 │ 26570.3 │    354.3 │ 26924.6 │
└───────┴──────────┴─────────┴──────────┴───────┴─────────┴──────────┴─────────┘
                          Request & Token Latency (ms)                          
┏━━━━━━━┳━━━━━━━┳━━━━━━━┳━━━━━━━┳━━━━━━━┳━━━━━━━┳━━━━━━━┳━━━━━━━┳━━━━━━━┳━━━━━━┓
┃       ┃   Req ┃   Req ┃   Req ┃       ┃       ┃       ┃       ┃       ┃      ┃
┃       ┃   Lat ┃   Lat ┃   Lat ┃  TTFT ┃  TTFT ┃  TTFT ┃   ITL ┃   ITL ┃  ITL ┃
┃ Stage ┃  Mean ┃   Med ┃   P90 ┃  Mean ┃   Med ┃   P90 ┃  Mean ┃   Med ┃  P90 ┃
┡━━━━━━━╇━━━━━━━╇━━━━━━━╇━━━━━━━╇━━━━━━━╇━━━━━━━╇━━━━━━━╇━━━━━━━╇━━━━━━━╇━━━━━━┩
│     0 │ 6337… │ 2718… │ 1511… │ 5259… │ 460.9 │ 1999… │  62.7 │  38.4 │ 51.0 │
└───────┴───────┴───────┴───────┴───────┴───────┴───────┴───────┴───────┴──────┘
                          Token Generation Speed (ms)                           
┏━━━━━━━┳━━━━━━━━━━━┳━━━━━━━━━━┳━━━━━━━━━━┳━━━━━━━━━━━┳━━━━━━━━━━━┳━━━━━━━━━━━━┓
┃       ┃           ┃          ┃          ┃ Norm TPOT ┃ Norm TPOT ┃  Norm TPOT ┃
┃ Stage ┃ TPOT Mean ┃ TPOT Med ┃ TPOT P90 ┃      Mean ┃       Med ┃        P90 ┃
┡━━━━━━━╇━━━━━━━━━━━╇━━━━━━━━━━╇━━━━━━━━━━╇━━━━━━━━━━━╇━━━━━━━━━━━╇━━━━━━━━━━━━┩
│     0 │      54.7 │     41.5 │    102.4 │      77.0 │      43.5 │      138.4 │
└───────┴───────────┴──────────┴──────────┴───────────┴───────────┴────────────┘
                            Token Length Aggregates                             
┏━━━━━━━┳━━━━━━━┳━━━━━━━┳━━━━━━━┳━━━━━━━┳━━━━━━━┳━━━━━━━┳━━━━━━━┳━━━━━━━┳━━━━━━┓
┃       ┃       ┃       ┃       ┃   Out ┃   Out ┃   Out ┃   Out ┃   Out ┃  Out ┃
┃       ┃ Prom… ┃ Prom… ┃ Prom… ┃  Mean ┃   Med ┃   P90 ┃  Mean ┃   Med ┃  P90 ┃
┃ Stage ┃  Mean ┃   Med ┃   P90 ┃ (cli… ┃ (cli… ┃ (cli… ┃ (ser… ┃ (ser… ┃ (se… ┃
┡━━━━━━━╇━━━━━━━╇━━━━━━━╇━━━━━━━╇━━━━━━━╇━━━━━━━╇━━━━━━━╇━━━━━━━╇━━━━━━━╇━━━━━━┩
│     0 │ 7460… │ 6901… │ 1309… │ 994.7 │ 513.0 │ 2358… │ 994.7 │ 513.0 │ 235… │
└───────┴───────┴───────┴───────┴───────┴───────┴───────┴───────┴───────┴──────┘
 Prompt: server-reported usage where available, client tokenization otherwise.  
    Out (client): response text re-tokenized by the client (output_len). Out    
  (server): the count reported in the server's usage (output_tokens), with the  
     client count substituted for any request the server did not count. See     
                                docs/metrics.md.                                
                                Session Summary                                 
┏━━━━━━━┳━━━━━━━┳━━━━━━━┳━━━━━━━┳━━━━━━━┳━━━━━━━┳━━━━━━━┳━━━━━━━┳━━━━━━━┳━━━━━━┓
┃       ┃       ┃       ┃       ┃       ┃       ┃       ┃       ┃       ┃  Bad ┃
┃       ┃       ┃       ┃       ┃       ┃       ┃       ┃       ┃       ┃ Tool ┃
┃       ┃       ┃ Total ┃       ┃       ┃ Error ┃ Total ┃ Even… ┃ Even… ┃ Cal… ┃
┃ Stage ┃ Sess… ┃ Sess… ┃ Succ… ┃ Fail… ┃     % ┃ Even… ┃ Comp… ┃ Canc… ┃ Sub… ┃
┡━━━━━━━╇━━━━━━━╇━━━━━━━╇━━━━━━━╇━━━━━━━╇━━━━━━━╇━━━━━━━╇━━━━━━━╇━━━━━━━╇━━━━━━┩
│     0 │  0.01 │    24 │     3 │    21 │ 87.5% │  2826 │  1303 │  1502 │    0 │
└───────┴───────┴───────┴───────┴───────┴───────┴───────┴───────┴───────┴──────┘
                           Session Duration & Events                            
┏━━━━━━━┳━━━━━━━━━━━┳━━━━━━━━━━━┳━━━━━━━━━━━┳━━━━━━━━━━━┳━━━━━━━━━━┳━━━━━━━━━━━┓
┃       ┃  Duration ┃  Duration ┃  Duration ┃    Events ┃   Events ┃    Events ┃
┃ Stage ┃  Mean (s) ┃   Med (s) ┃   P90 (s) ┃      Mean ┃      Med ┃       P90 ┃
┡━━━━━━━╇━━━━━━━━━━━╇━━━━━━━━━━━╇━━━━━━━━━━━╇━━━━━━━━━━━╇━━━━━━━━━━╇━━━━━━━━━━━┩
│     0 │   3409.06 │   3603.66 │   3609.17 │     117.8 │     79.0 │     217.7 │
└───────┴───────────┴───────────┴───────────┴───────────┴──────────┴───────────┘
                       Session Token Totals (per session)                       
┏━━━━━━━┳━━━━━━━━━━━┳━━━━━━━━━━━┳━━━━━━━━━━━┳━━━━━━━━━━━┳━━━━━━━━━━━┳━━━━━━━━━━┓
┃       ┃        In ┃        In ┃        In ┃       Out ┃       Out ┃      Out ┃
┃       ┃  Tok/Sess ┃  Tok/Sess ┃  Tok/Sess ┃  Tok/Sess ┃  Tok/Sess ┃ Tok/Sess ┃
┃ Stage ┃      Mean ┃       Med ┃       P90 ┃      Mean ┃       Med ┃      P90 ┃
┡━━━━━━━╇━━━━━━━━━━━╇━━━━━━━━━━━╇━━━━━━━━━━━╇━━━━━━━━━━━╇━━━━━━━━━━━╇━━━━━━━━━━┩
│     0 │ 4112345.5 │ 3628388.5 │ 6744249.8 │   54833.6 │   54893.5 │  69773.9 │
└───────┴───────────┴───────────┴───────────┴───────────┴───────────┴──────────┘
                           Session KV Cache Hit Rate                            
┏━━━━━━━┳━━━━━━━━━━━━━┳━━━━━━━━━━━━━┳━━━━━━━━━━━━━┳━━━━━━━━━━━━━━┳━━━━━━━━━━━━━┓
┃       ┃       Hit % ┃  Hit %/Sess ┃  Hit %/Sess ┃   Hit %/Sess ┃ Sessions w/ ┃
┃ Stage ┃    (pooled) ┃        Mean ┃         Med ┃          P90 ┃        Info ┃
┡━━━━━━━╇━━━━━━━━━━━━━╇━━━━━━━━━━━━━╇━━━━━━━━━━━━━╇━━━━━━━━━━━━━━╇━━━━━━━━━━━━━┩
│     0 │        68.0 │        64.5 │        65.4 │         85.3 │          24 │
└───────┴─────────────┴─────────────┴─────────────┴──────────────┴─────────────┘
                    Session TFUT (Time to First User Token)                     
┏━━━━━━━┳━━━━━━━━━━━━━┳━━━━━━━━━━━━━┳━━━━━━━━━━━━━┳━━━━━━━━━━━━━━┳━━━━━━━━━━━━━┓
┃       ┃   TFUT Mean ┃    TFUT Med ┃    TFUT P90 ┃  Sessions w/ ┃   TFUT None ┃
┃ Stage ┃         (s) ┃         (s) ┃         (s) ┃         TFUT ┃     Reasons ┃
┡━━━━━━━╇━━━━━━━━━━━━━╇━━━━━━━━━━━━━╇━━━━━━━━━━━━━╇━━━━━━━━━━━━━━╇━━━━━━━━━━━━━┩
│     0 │       6.694 │       4.436 │      12.477 │           24 │           - │
└───────┴─────────────┴─────────────┴─────────────┴──────────────┴─────────────┘
Request Error Summary
┏━━━━━━━┳━━━━━━━━━━━┓
┃ Stage ┃ Successes ┃
┡━━━━━━━╇━━━━━━━━━━━┩
│     0 │      1323 │
└───────┴───────────┘
compacted 1323 entries