[transformers] PyTorch was not found. Models won't be available and only tokenizers, configuration and file/data utilities can be used.
2026-09-03 15:23:21,179 - inference_perf.config.config - INFO - Using configuration from: /config/config.yaml
2026-09-03 15:23:21,190 - inference_perf.config.config - INFO - Benchmarking with the following config:

api:
  type: chat
  streaming: true
  headers: null
  slo_unit: null
  slo_tpot_header: null
  slo_ttft_header: null
  response_format: null
  session_id_header_key: x-session-id
  session_id_body_field: session_id
  session_close_path: null
  session_final_header_key: null
  session_token_header_key: null
data:
  type: weka_trace_replay
  path: null
  corpus_file_path: null
  input_distribution: null
  output_distribution: null
  shared_prefix: null
  multimodal: null
  trace: null
  otel_trace_replay: null
  weka_trace_replay:
    trace_directory: /work/traces
    use_static_model: true
    static_model_name: Qwen/Qwen3-Coder-30B-A3B-Instruct-FP8
    default_block_size: 64
    skip_invalid_files: true
    trace_idle_gap_cap_seconds: 30.0
    max_wait_ms: 30000
    subagent_separate_session_id: true
    close_subagent_sessions: true
  conversation_replay: null
  visionarena: null
  synthetic_agentic: null
  use_chat_template: false
load:
  type: trace_session_replay
  interval: 1.0
  stages:
  - !!python/object:inference_perf.config.loadgen.config.TraceSessionReplayLoadStage
    __dict__:
      concurrent_sessions: 24
      session_rate: null
      num_sessions: 24
      timeout: 4800.0
    __pydantic_extra__: null
    __pydantic_fields_set__: !!set
      num_sessions: null
      concurrent_sessions: null
      timeout: null
    __pydantic_private__: null
  sweep: null
  num_workers: 4
  worker_max_concurrency: 1024
  worker_max_tcp_connections: 2500
  trace: null
  circuit_breakers: []
  request_timeout: 1800
  stage_teardown_grace_seconds: 120.0
  lora_traffic_split: null
  base_seed: 1788448988177
metrics: null
report:
  request_lifecycle:
    summary: true
    per_stage: true
    per_request: true
    per_request_fields:
      request: false
      response: false
      info: true
      response_chunks: false
      computed_metrics: true
    per_adapter: true
    per_adapter_stage: false
    percentiles:
    - 0.1
    - 1.0
    - 5.0
    - 10.0
    - 25.0
    - 50.0
    - 75.0
    - 90.0
    - 95.0
    - 99.0
    - 99.9
    use_server_output_tokens: true
    max_error_messages: 100
  prometheus:
    summary: true
    per_stage: false
  session_lifecycle:
    summary: true
    per_stage: true
    per_session: false
  goodput: null
storage:
  local_storage:
    path: /work/reports
    report_file_prefix: null
  google_cloud_storage: null
  simple_storage_service: null
server:
  type: sglang
  model_name: Qwen/Qwen3-Coder-30B-A3B-Instruct-FP8
  base_url: http://10.100.2.5:8000
  ignore_eos: true
tokenizer:
  pretrained_model_name_or_path: Qwen/Qwen3-Coder-30B-A3B-Instruct-FP8
circuit_breakers: null


2026-09-03 15:23:21,191 - inference_perf.client.filestorage.local - INFO - Report files will be stored at: /work/reports
2026-09-03 15:23:21,193 - inference_perf.utils.custom_tokenizer - INFO - Loading tokenizer 'Qwen/Qwen3-Coder-30B-A3B-Instruct-FP8'
2026-09-03 15:23:21,360 - httpx - INFO - HTTP Request: GET https://huggingface.co/api/agent-harnesses "HTTP/1.1 200 OK"
2026-09-03 15:23:21,453 - httpx - INFO - HTTP Request: HEAD https://huggingface.co/Qwen/Qwen3-Coder-30B-A3B-Instruct-FP8/resolve/main/config.json "HTTP/1.1 307 Temporary Redirect"
2026-09-03 15:23:21,490 - httpx - INFO - HTTP Request: HEAD https://huggingface.co/api/resolve-cache/models/Qwen/Qwen3-Coder-30B-A3B-Instruct-FP8/dcaee4d4dfc5ee71ad501f01f530e5652438fde0/config.json "HTTP/1.1 200 OK"
2026-09-03 15:23:21,530 - httpx - INFO - HTTP Request: GET https://huggingface.co/api/resolve-cache/models/Qwen/Qwen3-Coder-30B-A3B-Instruct-FP8/dcaee4d4dfc5ee71ad501f01f530e5652438fde0/config.json "HTTP/1.1 200 OK"
2026-09-03 15:23:21,613 - httpx - INFO - HTTP Request: HEAD https://huggingface.co/Qwen/Qwen3-Coder-30B-A3B-Instruct-FP8/resolve/main/tokenizer_config.json "HTTP/1.1 307 Temporary Redirect"
2026-09-03 15:23:21,652 - httpx - INFO - HTTP Request: HEAD https://huggingface.co/api/resolve-cache/models/Qwen/Qwen3-Coder-30B-A3B-Instruct-FP8/dcaee4d4dfc5ee71ad501f01f530e5652438fde0/tokenizer_config.json "HTTP/1.1 200 OK"
2026-09-03 15:23:21,692 - httpx - INFO - HTTP Request: GET https://huggingface.co/api/resolve-cache/models/Qwen/Qwen3-Coder-30B-A3B-Instruct-FP8/dcaee4d4dfc5ee71ad501f01f530e5652438fde0/tokenizer_config.json "HTTP/1.1 200 OK"
2026-09-03 15:23:21,777 - httpx - INFO - HTTP Request: GET https://huggingface.co/api/models/Qwen/Qwen3-Coder-30B-A3B-Instruct-FP8/tree/main/additional_chat_templates?recursive=false&expand=false "HTTP/1.1 404 Not Found"
2026-09-03 15:23:21,841 - httpx - INFO - HTTP Request: GET https://huggingface.co/api/models/Qwen/Qwen3-Coder-30B-A3B-Instruct-FP8/tree/main?recursive=true&expand=false "HTTP/1.1 200 OK"
2026-09-03 15:23:21,905 - httpx - INFO - HTTP Request: HEAD https://huggingface.co/Qwen/Qwen3-Coder-30B-A3B-Instruct-FP8/resolve/main/vocab.json "HTTP/1.1 307 Temporary Redirect"
2026-09-03 15:23:21,942 - httpx - INFO - HTTP Request: HEAD https://huggingface.co/api/resolve-cache/models/Qwen/Qwen3-Coder-30B-A3B-Instruct-FP8/dcaee4d4dfc5ee71ad501f01f530e5652438fde0/vocab.json "HTTP/1.1 200 OK"
2026-09-03 15:23:21,981 - httpx - INFO - HTTP Request: GET https://huggingface.co/api/resolve-cache/models/Qwen/Qwen3-Coder-30B-A3B-Instruct-FP8/dcaee4d4dfc5ee71ad501f01f530e5652438fde0/vocab.json "HTTP/1.1 200 OK"
2026-09-03 15:23:22,228 - httpx - INFO - HTTP Request: HEAD https://huggingface.co/Qwen/Qwen3-Coder-30B-A3B-Instruct-FP8/resolve/main/merges.txt "HTTP/1.1 307 Temporary Redirect"
2026-09-03 15:23:22,269 - httpx - INFO - HTTP Request: HEAD https://huggingface.co/api/resolve-cache/models/Qwen/Qwen3-Coder-30B-A3B-Instruct-FP8/dcaee4d4dfc5ee71ad501f01f530e5652438fde0/merges.txt "HTTP/1.1 200 OK"
2026-09-03 15:23:22,308 - httpx - INFO - HTTP Request: GET https://huggingface.co/api/resolve-cache/models/Qwen/Qwen3-Coder-30B-A3B-Instruct-FP8/dcaee4d4dfc5ee71ad501f01f530e5652438fde0/merges.txt "HTTP/1.1 200 OK"
2026-09-03 15:23:22,398 - httpx - INFO - HTTP Request: HEAD https://huggingface.co/Qwen/Qwen3-Coder-30B-A3B-Instruct-FP8/resolve/main/tokenizer.json "HTTP/1.1 302 Found"
2026-09-03 15:23:23,218 - httpx - INFO - HTTP Request: HEAD https://huggingface.co/Qwen/Qwen3-Coder-30B-A3B-Instruct-FP8/resolve/main/added_tokens.json "HTTP/1.1 404 Not Found"
2026-09-03 15:23:23,294 - httpx - INFO - HTTP Request: HEAD https://huggingface.co/Qwen/Qwen3-Coder-30B-A3B-Instruct-FP8/resolve/main/special_tokens_map.json "HTTP/1.1 404 Not Found"
2026-09-03 15:23:23,360 - httpx - INFO - HTTP Request: HEAD https://huggingface.co/Qwen/Qwen3-Coder-30B-A3B-Instruct-FP8/resolve/main/chat_template.jinja "HTTP/1.1 307 Temporary Redirect"
2026-09-03 15:23:23,403 - httpx - INFO - HTTP Request: HEAD https://huggingface.co/api/resolve-cache/models/Qwen/Qwen3-Coder-30B-A3B-Instruct-FP8/dcaee4d4dfc5ee71ad501f01f530e5652438fde0/chat_template.jinja "HTTP/1.1 200 OK"
2026-09-03 15:23:23,441 - httpx - INFO - HTTP Request: GET https://huggingface.co/api/resolve-cache/models/Qwen/Qwen3-Coder-30B-A3B-Instruct-FP8/dcaee4d4dfc5ee71ad501f01f530e5652438fde0/chat_template.jinja "HTTP/1.1 200 OK"
2026-09-03 15:23:24,515 - httpx - INFO - HTTP Request: GET https://huggingface.co/api/models/Qwen/Qwen3-Coder-30B-A3B-Instruct-FP8 "HTTP/1.1 200 OK"
2026-09-03 15:23:24,519 - inference_perf.utils.custom_tokenizer - INFO - Loading tokenizer 'Qwen/Qwen3-Coder-30B-A3B-Instruct-FP8'
2026-09-03 15:23:24,583 - httpx - INFO - HTTP Request: HEAD https://huggingface.co/Qwen/Qwen3-Coder-30B-A3B-Instruct-FP8/resolve/main/config.json "HTTP/1.1 307 Temporary Redirect"
2026-09-03 15:23:24,622 - httpx - INFO - HTTP Request: HEAD https://huggingface.co/api/resolve-cache/models/Qwen/Qwen3-Coder-30B-A3B-Instruct-FP8/dcaee4d4dfc5ee71ad501f01f530e5652438fde0/config.json "HTTP/1.1 200 OK"
2026-09-03 15:23:24,687 - httpx - INFO - HTTP Request: HEAD https://huggingface.co/Qwen/Qwen3-Coder-30B-A3B-Instruct-FP8/resolve/main/tokenizer_config.json "HTTP/1.1 307 Temporary Redirect"
2026-09-03 15:23:24,726 - httpx - INFO - HTTP Request: HEAD https://huggingface.co/api/resolve-cache/models/Qwen/Qwen3-Coder-30B-A3B-Instruct-FP8/dcaee4d4dfc5ee71ad501f01f530e5652438fde0/tokenizer_config.json "HTTP/1.1 200 OK"
2026-09-03 15:23:24,901 - httpx - INFO - HTTP Request: GET https://huggingface.co/api/models/Qwen/Qwen3-Coder-30B-A3B-Instruct-FP8/tree/main/additional_chat_templates?recursive=false&expand=false "HTTP/1.1 404 Not Found"
2026-09-03 15:23:24,973 - httpx - INFO - HTTP Request: GET https://huggingface.co/api/models/Qwen/Qwen3-Coder-30B-A3B-Instruct-FP8/tree/main?recursive=true&expand=false "HTTP/1.1 200 OK"
2026-09-03 15:23:25,968 - httpx - INFO - HTTP Request: GET https://huggingface.co/api/models/Qwen/Qwen3-Coder-30B-A3B-Instruct-FP8 "HTTP/1.1 200 OK"
2026-09-03 15:23:26,085 - inference_perf.datagen.replay.weka_trace_replay_datagen - INFO - Loaded prompt corpus from: /workspace/inference_perf/assets/shakespeare.txt (5020475 chars)
[transformers] Token indices sequence length is longer than the specified maximum sequence length for this model (1306158 > 1048576). Running this sequence through the model will result in indexing errors
2026-09-03 15:23:34,089 - inference_perf.datagen.replay.weka_trace_replay_datagen - INFO - Building replay sessions for 24 traces with 24 processes
2026-09-03 15:23:41,321 - inference_perf.datagen.replay.weka_trace_replay_datagen - INFO - Built 24 replay sessions from 24 traces in 7.2s
2026-09-03 15:23:41,361 - inference_perf.datagen.replay.replay_graph_session_datagen - INFO - Built replay schedule: 2826 events across 24 sessions (eager)
2026-09-03 15:23:41,615 - inference_perf.loadgen.load_generator - INFO - Stage 0 - session-based run started
2026-09-03 15:23:41,616 - inference_perf.loadgen.load_generator - INFO - Session pool: concurrent_sessions=24, session_rate=None, timeout=4800.0, num_sessions=24 (corpus offset 0), total_sessions=24
2026-09-03 15:23:41,617 - inference_perf.datagen.replay.replay_graph_session_datagen - INFO - Dispatching session wekatrace5_095a5152ab8fc1cdc847612872a01525cd1b: 91 events
2026-09-03 15:23:41,627 - inference_perf.datagen.replay.replay_graph_session_datagen - INFO - Dispatching session wekatrace19_1b29955ec88767b5f8870f705f770cd46c60: 50 events
2026-09-03 15:23:41,632 - inference_perf.datagen.replay.replay_graph_session_datagen - INFO - Dispatching session wekatrace16_16a79fdbe42a805e5bc856b9281e9c6a4c83: 110 events
2026-09-03 15:23:41,635 - inference_perf.datagen.replay.replay_graph_session_datagen - INFO - Dispatching session wekatrace4_0767e712d9e187634174712ce484b8bb7526: 68 events
2026-09-03 15:23:41,636 - inference_perf.datagen.replay.replay_graph_session_datagen - INFO - Dispatching session wekatrace20_1bcc4b9e1b6ea6ea9f516669e92ab788f1e4: 60 events
2026-09-03 15:23:41,638 - inference_perf.datagen.replay.replay_graph_session_datagen - INFO - Dispatching session wekatrace3_05658118df5d398eec4703ce4fafe679ab30: 221 events
2026-09-03 15:23:41,641 - inference_perf.datagen.replay.replay_graph_session_datagen - INFO - Dispatching session wekatrace15_1186d32070428ea303de493d61ee3effd467: 39 events
2026-09-03 15:23:41,642 - inference_perf.datagen.replay.replay_graph_session_datagen - INFO - Dispatching session wekatrace6_09a5d415a7157ed48a5a6fa2711f2d8565c1: 243 events
2026-09-03 15:23:41,650 - inference_perf.datagen.replay.replay_graph_session_datagen - INFO - Dispatching session wekatrace17_1770548ae8e30555e62d6d6296c0166d6074: 38 events
2026-09-03 15:23:41,651 - inference_perf.datagen.replay.replay_graph_session_datagen - INFO - Dispatching session wekatrace10_0b4a56f22f01dc235b7ce1cc3aeabd6943e8: 517 events
2026-09-03 15:23:41,670 - inference_perf.datagen.replay.replay_graph_session_datagen - INFO - Dispatching session wekatrace0_00e7d11db2db59f44a87b4110175b11d1af3: 32 events
2026-09-03 15:23:41,670 - inference_perf.datagen.replay.replay_graph_session_datagen - INFO - Dispatching session wekatrace8_0a5aba26f119570db6960496095f3969ebdc: 35 events
2026-09-03 15:23:41,671 - inference_perf.datagen.replay.replay_graph_session_datagen - INFO - Dispatching session wekatrace21_1c51f458e8b542059f13268dfd08554de56a: 155 events
2026-09-03 15:23:41,673 - inference_perf.datagen.replay.replay_graph_session_datagen - INFO - Dispatching session wekatrace1_0475b786230f3f2e24220d28e247eaee2dae: 192 events
2026-09-03 15:23:41,676 - inference_perf.datagen.replay.replay_graph_session_datagen - INFO - Dispatching session wekatrace18_1ac9d045056424d98ec4b5725460ca2b6120: 72 events
2026-09-03 15:23:41,677 - inference_perf.datagen.replay.replay_graph_session_datagen - INFO - Dispatching session wekatrace7_09c188c8b9201ec2046cc2df702623fef33e: 60 events
2026-09-03 15:23:41,678 - inference_perf.datagen.replay.replay_graph_session_datagen - INFO - Dispatching session wekatrace11_0c70490e175492606971b6979cfbef9c094f: 47 events
2026-09-03 15:23:41,679 - inference_perf.datagen.replay.replay_graph_session_datagen - INFO - Dispatching session wekatrace12_0d75185d4e958ad360c16451eaa95d508edf: 210 events
2026-09-03 15:23:41,682 - inference_perf.datagen.replay.replay_graph_session_datagen - INFO - Dispatching session wekatrace2_04b25fe5b2ffa5e7ec9890426cce59838a05: 138 events
2026-09-03 15:23:41,686 - inference_perf.datagen.replay.replay_graph_session_datagen - INFO - Dispatching session wekatrace23_1e086b8be96979688eb61ba63e18745a8f82: 64 events
2026-09-03 15:23:41,687 - inference_perf.datagen.replay.replay_graph_session_datagen - INFO - Dispatching session wekatrace9_0b1cf5ad73920121aa53e1acb0851a8ecf32: 78 events
2026-09-03 15:23:41,689 - inference_perf.datagen.replay.replay_graph_session_datagen - INFO - Dispatching session wekatrace13_0d9c99c3f96c2bcac0f9dec0987d5f411bcd: 83 events
2026-09-03 15:23:41,690 - inference_perf.datagen.replay.replay_graph_session_datagen - INFO - Dispatching session wekatrace22_1d52e24446ecdb36d1351d53094d8a67f621: 143 events
2026-09-03 15:23:41,697 - inference_perf.datagen.replay.replay_graph_session_datagen - INFO - Dispatching session wekatrace14_0f9870e68e496146a60b68dd3f0aba9aced2: 80 events
2026-09-03 16:23:41,895 - inference_perf.datagen.replay.replay_graph_session_datagen - INFO - Event wekatrace16_16a79fdbe42a805e5bc856b9281e9c6a4c83:event_018_parent_turn_18 skipping — predecessor wait failed: TimeoutError
2026-09-03 16:23:41,899 - inference_perf.datagen.replay.replay_graph_session_datagen - INFO - Event wekatrace16_16a79fdbe42a805e5bc856b9281e9c6a4c83:event_019_parent_turn_19 skipping — predecessor failed
2026-09-03 16:23:41,900 - inference_perf.datagen.replay.replay_graph_session_datagen - INFO - Event wekatrace16_16a79fdbe42a805e5bc856b9281e9c6a4c83:event_020_parent_turn_20 skipping — predecessor failed
2026-09-03 16:23:41,900 - inference_perf.datagen.replay.replay_graph_session_datagen - INFO - Event wekatrace16_16a79fdbe42a805e5bc856b9281e9c6a4c83:event_021_parent_turn_21 skipping — predecessor failed
2026-09-03 16:23:41,900 - inference_perf.datagen.replay.replay_graph_session_datagen - INFO - Event wekatrace16_16a79fdbe42a805e5bc856b9281e9c6a4c83:event_022_parent_turn_22 skipping — predecessor failed
2026-09-03 16:23:41,900 - inference_perf.datagen.replay.replay_graph_session_datagen - INFO - Event wekatrace16_16a79fdbe42a805e5bc856b9281e9c6a4c83:event_023_parent_turn_23 skipping — predecessor failed
2026-09-03 16:23:41,900 - inference_perf.datagen.replay.replay_graph_session_datagen - INFO - Event wekatrace16_16a79fdbe42a805e5bc856b9281e9c6a4c83:event_024_parent_turn_24 skipping — predecessor failed
2026-09-03 16:23:41,901 - inference_perf.datagen.replay.replay_graph_session_datagen - INFO - Event wekatrace16_16a79fdbe42a805e5bc856b9281e9c6a4c83:event_025_parent_turn_25 skipping — predecessor failed
2026-09-03 16:23:41,901 - inference_perf.datagen.replay.replay_graph_session_datagen - INFO - Event wekatrace16_16a79fdbe42a805e5bc856b9281e9c6a4c83:event_026_parent_turn_26 skipping — predecessor failed
2026-09-03 16:23:41,901 - inference_perf.datagen.replay.replay_graph_session_datagen - INFO - Event wekatrace16_16a79fdbe42a805e5bc856b9281e9c6a4c83:event_027_parent_turn_27 skipping — predecessor failed
2026-09-03 16:23:41,901 - inference_perf.datagen.replay.replay_graph_session_datagen - INFO - Event wekatrace16_16a79fdbe42a805e5bc856b9281e9c6a4c83:event_028_parent_turn_28 skipping — predecessor failed
2026-09-03 16:23:41,901 - inference_perf.datagen.replay.replay_graph_session_datagen - INFO - Event wekatrace16_16a79fdbe42a805e5bc856b9281e9c6a4c83:event_029_parent_turn_29 skipping — predecessor failed
2026-09-03 16:23:41,901 - inference_perf.datagen.replay.replay_graph_session_datagen - INFO - Event wekatrace16_16a79fdbe42a805e5bc856b9281e9c6a4c83:event_030_parent_turn_30 skipping — predecessor failed
2026-09-03 16:23:41,901 - inference_perf.datagen.replay.replay_graph_session_datagen - INFO - Event wekatrace16_16a79fdbe42a805e5bc856b9281e9c6a4c83:event_031_parent_turn_31 skipping — predecessor failed
2026-09-03 16:23:41,901 - inference_perf.datagen.replay.replay_graph_session_datagen - INFO - Event wekatrace16_16a79fdbe42a805e5bc856b9281e9c6a4c83:event_032_parent_turn_32 skipping — predecessor failed
2026-09-03 16:23:41,902 - inference_perf.datagen.replay.replay_graph_session_datagen - INFO - Event wekatrace16_16a79fdbe42a805e5bc856b9281e9c6a4c83:event_033_parent_turn_33 skipping — predecessor failed
2026-09-03 16:23:41,902 - inference_perf.datagen.replay.replay_graph_session_datagen - INFO - Event wekatrace16_16a79fdbe42a805e5bc856b9281e9c6a4c83:event_034_parent_turn_34 skipping — predecessor failed
2026-09-03 16:23:41,902 - inference_perf.datagen.replay.replay_graph_session_datagen - INFO - Event wekatrace16_16a79fdbe42a805e5bc856b9281e9c6a4c83:event_035_parent_turn_35 skipping — predecessor failed
2026-09-03 16:23:41,902 - inference_perf.datagen.replay.replay_graph_session_datagen - INFO - Event wekatrace16_16a79fdbe42a805e5bc856b9281e9c6a4c83:event_036_parent_turn_36 skipping — predecessor failed
2026-09-03 16:23:41,902 - inference_perf.datagen.replay.replay_graph_session_datagen - INFO - Event wekatrace16_16a79fdbe42a805e5bc856b9281e9c6a4c83:event_037_parent_turn_37 skipping — predecessor failed
2026-09-03 16:23:41,902 - inference_perf.datagen.replay.replay_graph_session_datagen - INFO - Event wekatrace16_16a79fdbe42a805e5bc856b9281e9c6a4c83:event_038_parent_turn_38 skipping — predecessor failed
2026-09-03 16:23:41,902 - inference_perf.datagen.replay.replay_graph_session_datagen - INFO - Event wekatrace16_16a79fdbe42a805e5bc856b9281e9c6a4c83:event_039_parent_turn_39 skipping — predecessor failed
2026-09-03 16:23:41,902 - inference_perf.datagen.replay.replay_graph_session_datagen - INFO - Event wekatrace16_16a79fdbe42a805e5bc856b9281e9c6a4c83:event_040_parent_turn_40 skipping — predecessor failed
2026-09-03 16:23:41,903 - inference_perf.datagen.replay.replay_graph_session_datagen - INFO - Event wekatrace16_16a79fdbe42a805e5bc856b9281e9c6a4c83:event_041_parent_turn_41 skipping — predecessor failed
2026-09-03 16:23:41,903 - inference_perf.datagen.replay.replay_graph_session_datagen - INFO - Event wekatrace16_16a79fdbe42a805e5bc856b9281e9c6a4c83:event_042_parent_turn_42 skipping — predecessor failed
2026-09-03 16:23:41,903 - inference_perf.datagen.replay.replay_graph_session_datagen - INFO - Event wekatrace16_16a79fdbe42a805e5bc856b9281e9c6a4c83:event_043_parent_turn_43 skipping — predecessor failed
2026-09-03 16:23:41,903 - inference_perf.datagen.replay.replay_graph_session_datagen - INFO - Event wekatrace16_16a79fdbe42a805e5bc856b9281e9c6a4c83:event_044_parent_turn_44 skipping — predecessor failed
2026-09-03 16:23:41,903 - inference_perf.datagen.replay.replay_graph_session_datagen - INFO - Event wekatrace16_16a79fdbe42a805e5bc856b9281e9c6a4c83:event_045_parent_turn_45 skipping — predecessor failed
2026-09-03 16:23:41,903 - inference_perf.datagen.replay.replay_graph_session_datagen - INFO - Event wekatrace16_16a79fdbe42a805e5bc856b9281e9c6a4c83:event_046_parent_turn_46 skipping — predecessor failed
2026-09-03 16:23:41,903 - inference_perf.datagen.replay.replay_graph_session_datagen - INFO - Event wekatrace16_16a79fdbe42a805e5bc856b9281e9c6a4c83:event_047_parent_turn_47 skipping — predecessor failed
2026-09-03 16:23:41,904 - inference_perf.datagen.replay.replay_graph_session_datagen - INFO - Event wekatrace16_16a79fdbe42a805e5bc856b9281e9c6a4c83:event_048_parent_turn_48 skipping — predecessor failed
2026-09-03 16:23:41,904 - inference_perf.datagen.replay.replay_graph_session_datagen - INFO - Event wekatrace16_16a79fdbe42a805e5bc856b9281e9c6a4c83:event_049_parent_turn_49 skipping — predecessor failed
2026-09-03 16:23:41,904 - inference_perf.datagen.replay.replay_graph_session_datagen - INFO - Event wekatrace16_16a79fdbe42a805e5bc856b9281e9c6a4c83:event_050_parent_turn_50 skipping — predecessor failed
2026-09-03 16:23:41,904 - inference_perf.datagen.replay.replay_graph_session_datagen - INFO - Event wekatrace16_16a79fdbe42a805e5bc856b9281e9c6a4c83:event_051_parent_turn_51 skipping — predecessor failed
2026-09-03 16:23:41,904 - inference_perf.datagen.replay.replay_graph_session_datagen - INFO - Event wekatrace16_16a79fdbe42a805e5bc856b9281e9c6a4c83:event_052_parent_turn_52 skipping — predecessor failed
2026-09-03 16:23:41,904 - inference_perf.datagen.replay.replay_graph_session_datagen - INFO - Event wekatrace16_16a79fdbe42a805e5bc856b9281e9c6a4c83:event_053_parent_turn_53 skipping — predecessor failed
2026-09-03 16:23:41,904 - inference_perf.datagen.replay.replay_graph_session_datagen - INFO - Event wekatrace16_16a79fdbe42a805e5bc856b9281e9c6a4c83:event_054_parent_turn_54 skipping — predecessor failed
2026-09-03 16:23:41,905 - inference_perf.datagen.replay.replay_graph_session_datagen - INFO - Event wekatrace16_16a79fdbe42a805e5bc856b9281e9c6a4c83:event_055_parent_turn_55 skipping — predecessor failed
2026-09-03 16:23:41,905 - inference_perf.datagen.replay.replay_graph_session_datagen - INFO - Event wekatrace16_16a79fdbe42a805e5bc856b9281e9c6a4c83:event_056_parent_turn_56 skipping — predecessor failed
2026-09-03 16:23:41,905 - inference_perf.datagen.replay.replay_graph_session_datagen - INFO - Event wekatrace16_16a79fdbe42a805e5bc856b9281e9c6a4c83:event_057_parent_turn_57 skipping — predecessor failed
2026-09-03 16:23:41,905 - inference_perf.datagen.replay.replay_graph_session_datagen - INFO - Event wekatrace16_16a79fdbe42a805e5bc856b9281e9c6a4c83:event_058_parent_turn_58 skipping — predecessor failed
2026-09-03 16:23:41,905 - inference_perf.datagen.replay.replay_graph_session_datagen - INFO - Event wekatrace16_16a79fdbe42a805e5bc856b9281e9c6a4c83:event_059_parent_turn_59 skipping — predecessor failed
2026-09-03 16:23:41,905 - inference_perf.datagen.replay.replay_graph_session_datagen - INFO - Event wekatrace16_16a79fdbe42a805e5bc856b9281e9c6a4c83:event_060_parent_turn_60 skipping — predecessor failed
2026-09-03 16:23:41,906 - inference_perf.datagen.replay.replay_graph_session_datagen - INFO - Event wekatrace16_16a79fdbe42a805e5bc856b9281e9c6a4c83:event_061_parent_turn_61 skipping — predecessor failed
2026-09-03 16:23:41,906 - inference_perf.datagen.replay.replay_graph_session_datagen - INFO - Event wekatrace16_16a79fdbe42a805e5bc856b9281e9c6a4c83:event_062_parent_turn_62 skipping — predecessor failed
2026-09-03 16:23:41,906 - inference_perf.datagen.replay.replay_graph_session_datagen - INFO - Event wekatrace16_16a79fdbe42a805e5bc856b9281e9c6a4c83:event_063_parent_turn_63 skipping — predecessor failed
2026-09-03 16:23:41,906 - inference_perf.datagen.replay.replay_graph_session_datagen - INFO - Event wekatrace16_16a79fdbe42a805e5bc856b9281e9c6a4c83:event_064_parent_turn_64 skipping — predecessor failed
2026-09-03 16:23:41,906 - inference_perf.datagen.replay.replay_graph_session_datagen - INFO - Event wekatrace16_16a79fdbe42a805e5bc856b9281e9c6a4c83:event_065_parent_turn_65 skipping — predecessor failed
2026-09-03 16:23:41,907 - inference_perf.datagen.replay.replay_graph_session_datagen - INFO - Event wekatrace16_16a79fdbe42a805e5bc856b9281e9c6a4c83:event_066_parent_turn_66 skipping — predecessor failed
2026-09-03 16:23:41,907 - inference_perf.datagen.replay.replay_graph_session_datagen - INFO - Event wekatrace16_16a79fdbe42a805e5bc856b9281e9c6a4c83:event_067_parent_turn_67 skipping — predecessor failed
2026-09-03 16:23:41,907 - inference_perf.datagen.replay.replay_graph_session_datagen - INFO - Event wekatrace16_16a79fdbe42a805e5bc856b9281e9c6a4c83:event_068_parent_turn_68 skipping — predecessor failed
2026-09-03 16:23:41,907 - inference_perf.datagen.replay.replay_graph_session_datagen - INFO - Event wekatrace16_16a79fdbe42a805e5bc856b9281e9c6a4c83:event_069_parent_turn_69 skipping — predecessor failed
2026-09-03 16:23:41,907 - inference_perf.datagen.replay.replay_graph_session_datagen - INFO - Event wekatrace16_16a79fdbe42a805e5bc856b9281e9c6a4c83:event_070_parent_turn_70 skipping — predecessor failed
2026-09-03 16:23:41,907 - inference_perf.datagen.replay.replay_graph_session_datagen - INFO - Event wekatrace16_16a79fdbe42a805e5bc856b9281e9c6a4c83:event_071_parent_turn_71 skipping — predecessor failed
2026-09-03 16:23:41,908 - inference_perf.datagen.replay.replay_graph_session_datagen - INFO - Event wekatrace16_16a79fdbe42a805e5bc856b9281e9c6a4c83:event_072_parent_turn_72 skipping — predecessor failed
2026-09-03 16:23:41,908 - inference_perf.datagen.replay.replay_graph_session_datagen - INFO - Event wekatrace16_16a79fdbe42a805e5bc856b9281e9c6a4c83:event_073_parent_turn_73 skipping — predecessor failed
2026-09-03 16:23:41,908 - inference_perf.datagen.replay.replay_graph_session_datagen - INFO - Event wekatrace16_16a79fdbe42a805e5bc856b9281e9c6a4c83:event_074_parent_turn_74 skipping — predecessor failed
2026-09-03 16:23:41,908 - inference_perf.datagen.replay.replay_graph_session_datagen - INFO - Event wekatrace16_16a79fdbe42a805e5bc856b9281e9c6a4c83:event_075_parent_turn_75 skipping — predecessor failed
2026-09-03 16:23:41,913 - inference_perf.datagen.replay.replay_graph_session_datagen - INFO - Event wekatrace16_16a79fdbe42a805e5bc856b9281e9c6a4c83:event_076_parent_turn_76 skipping — predecessor failed
2026-09-03 16:23:41,913 - inference_perf.datagen.replay.replay_graph_session_datagen - INFO - Event wekatrace16_16a79fdbe42a805e5bc856b9281e9c6a4c83:event_077_parent_turn_77 skipping — predecessor failed
2026-09-03 16:23:41,914 - inference_perf.datagen.replay.replay_graph_session_datagen - INFO - Event wekatrace16_16a79fdbe42a805e5bc856b9281e9c6a4c83:event_078_parent_turn_78 skipping — predecessor failed
2026-09-03 16:23:41,914 - inference_perf.datagen.replay.replay_graph_session_datagen - INFO - Event wekatrace16_16a79fdbe42a805e5bc856b9281e9c6a4c83:event_079_parent_turn_79 skipping — predecessor failed
2026-09-03 16:23:41,914 - inference_perf.datagen.replay.replay_graph_session_datagen - INFO - Event wekatrace16_16a79fdbe42a805e5bc856b9281e9c6a4c83:event_080_parent_turn_80 skipping — predecessor failed
2026-09-03 16:23:41,915 - inference_perf.datagen.replay.replay_graph_session_datagen - INFO - Event wekatrace16_16a79fdbe42a805e5bc856b9281e9c6a4c83:event_081_parent_turn_81 skipping — predecessor failed
2026-09-03 16:23:41,915 - inference_perf.datagen.replay.replay_graph_session_datagen - INFO - Event wekatrace16_16a79fdbe42a805e5bc856b9281e9c6a4c83:event_082_parent_turn_82 skipping — predecessor failed
2026-09-03 16:23:41,915 - inference_perf.datagen.replay.replay_graph_session_datagen - INFO - Event wekatrace16_16a79fdbe42a805e5bc856b9281e9c6a4c83:event_083_parent_turn_83 skipping — predecessor failed
2026-09-03 16:23:41,916 - inference_perf.datagen.replay.replay_graph_session_datagen - INFO - Event wekatrace16_16a79fdbe42a805e5bc856b9281e9c6a4c83:event_084_parent_turn_84 skipping — predecessor failed
2026-09-03 16:23:41,916 - inference_perf.datagen.replay.replay_graph_session_datagen - INFO - Event wekatrace16_16a79fdbe42a805e5bc856b9281e9c6a4c83:event_085_parent_turn_85 skipping — predecessor failed
2026-09-03 16:23:41,916 - inference_perf.datagen.replay.replay_graph_session_datagen - INFO - Event wekatrace16_16a79fdbe42a805e5bc856b9281e9c6a4c83:event_086_parent_turn_86 skipping — predecessor failed
2026-09-03 16:23:41,916 - inference_perf.datagen.replay.replay_graph_session_datagen - INFO - Event wekatrace16_16a79fdbe42a805e5bc856b9281e9c6a4c83:event_087_parent_turn_87 skipping — predecessor failed
2026-09-03 16:23:41,916 - inference_perf.datagen.replay.replay_graph_session_datagen - INFO - Event wekatrace16_16a79fdbe42a805e5bc856b9281e9c6a4c83:event_088_parent_turn_88 skipping — predecessor failed
2026-09-03 16:23:41,917 - inference_perf.datagen.replay.replay_graph_session_datagen - INFO - Event wekatrace16_16a79fdbe42a805e5bc856b9281e9c6a4c83:event_089_parent_turn_89 skipping — predecessor failed
2026-09-03 16:23:41,917 - inference_perf.datagen.replay.replay_graph_session_datagen - INFO - Event wekatrace16_16a79fdbe42a805e5bc856b9281e9c6a4c83:event_090_parent_turn_90 skipping — predecessor failed
2026-09-03 16:23:41,917 - inference_perf.datagen.replay.replay_graph_session_datagen - INFO - Event wekatrace16_16a79fdbe42a805e5bc856b9281e9c6a4c83:event_091_parent_turn_91 skipping — predecessor failed
2026-09-03 16:23:41,917 - inference_perf.datagen.replay.replay_graph_session_datagen - INFO - Event wekatrace16_16a79fdbe42a805e5bc856b9281e9c6a4c83:event_092_parent_turn_92 skipping — predecessor failed
2026-09-03 16:23:41,917 - inference_perf.datagen.replay.replay_graph_session_datagen - INFO - Event wekatrace16_16a79fdbe42a805e5bc856b9281e9c6a4c83:event_093_parent_turn_93 skipping — predecessor failed
2026-09-03 16:23:41,918 - inference_perf.datagen.replay.replay_graph_session_datagen - INFO - Event wekatrace16_16a79fdbe42a805e5bc856b9281e9c6a4c83:event_094_parent_turn_94 skipping — predecessor failed
2026-09-03 16:23:41,918 - inference_perf.datagen.replay.replay_graph_session_datagen - INFO - Event wekatrace16_16a79fdbe42a805e5bc856b9281e9c6a4c83:event_095_parent_turn_95 skipping — predecessor failed
2026-09-03 16:23:41,918 - inference_perf.datagen.replay.replay_graph_session_datagen - INFO - Event wekatrace16_16a79fdbe42a805e5bc856b9281e9c6a4c83:event_096_parent_turn_96 skipping — predecessor failed
2026-09-03 16:23:41,918 - inference_perf.datagen.replay.replay_graph_session_datagen - INFO - Event wekatrace16_16a79fdbe42a805e5bc856b9281e9c6a4c83:event_097_parent_turn_97 skipping — predecessor failed
2026-09-03 16:23:41,918 - inference_perf.datagen.replay.replay_graph_session_datagen - INFO - Event wekatrace16_16a79fdbe42a805e5bc856b9281e9c6a4c83:event_098_parent_turn_98 skipping — predecessor failed
2026-09-03 16:23:41,919 - inference_perf.datagen.replay.replay_graph_session_datagen - INFO - Event wekatrace16_16a79fdbe42a805e5bc856b9281e9c6a4c83:event_099_parent_turn_99 skipping — predecessor failed
2026-09-03 16:23:41,919 - inference_perf.datagen.replay.replay_graph_session_datagen - INFO - Event wekatrace16_16a79fdbe42a805e5bc856b9281e9c6a4c83:event_100_parent_turn_100 skipping — predecessor failed
2026-09-03 16:23:41,919 - inference_perf.datagen.replay.replay_graph_session_datagen - INFO - Event wekatrace16_16a79fdbe42a805e5bc856b9281e9c6a4c83:event_101_parent_turn_101 skipping — predecessor failed
2026-09-03 16:23:41,919 - inference_perf.datagen.replay.replay_graph_session_datagen - INFO - Event wekatrace16_16a79fdbe42a805e5bc856b9281e9c6a4c83:event_102_parent_turn_102 skipping — predecessor failed
2026-09-03 16:23:41,920 - inference_perf.datagen.replay.replay_graph_session_datagen - INFO - Event wekatrace16_16a79fdbe42a805e5bc856b9281e9c6a4c83:event_103_parent_turn_103 skipping — predecessor failed
2026-09-03 16:23:41,920 - inference_perf.datagen.replay.replay_graph_session_datagen - INFO - Event wekatrace16_16a79fdbe42a805e5bc856b9281e9c6a4c83:event_104_parent_turn_104 skipping — predecessor failed
2026-09-03 16:23:41,920 - inference_perf.datagen.replay.replay_graph_session_datagen - INFO - Event wekatrace16_16a79fdbe42a805e5bc856b9281e9c6a4c83:event_105_parent_turn_105 skipping — predecessor failed
2026-09-03 16:23:41,921 - inference_perf.datagen.replay.replay_graph_session_datagen - INFO - Event wekatrace16_16a79fdbe42a805e5bc856b9281e9c6a4c83:event_106_parent_turn_106 skipping — predecessor failed
2026-09-03 16:23:41,921 - inference_perf.datagen.replay.replay_graph_session_datagen - INFO - Event wekatrace16_16a79fdbe42a805e5bc856b9281e9c6a4c83:event_107_parent_turn_107 skipping — predecessor failed
2026-09-03 16:23:41,921 - inference_perf.datagen.replay.replay_graph_session_datagen - INFO - Event wekatrace16_16a79fdbe42a805e5bc856b9281e9c6a4c83:event_108_parent_turn_108 skipping — predecessor failed
2026-09-03 16:23:41,921 - inference_perf.datagen.replay.replay_graph_session_datagen - INFO - Event wekatrace16_16a79fdbe42a805e5bc856b9281e9c6a4c83:event_109_parent_turn_109 skipping — predecessor failed
2026-09-03 16:23:42,008 - inference_perf.datagen.replay.replay_graph_session_datagen - INFO - Event wekatrace5_095a5152ab8fc1cdc847612872a01525cd1b:event_057_parent_turn_8 skipping — predecessor wait failed: TimeoutError
2026-09-03 16:23:42,009 - inference_perf.datagen.replay.replay_graph_session_datagen - INFO - Event wekatrace5_095a5152ab8fc1cdc847612872a01525cd1b:event_058_parent_turn_9 skipping — predecessor failed
2026-09-03 16:23:42,010 - inference_perf.datagen.replay.replay_graph_session_datagen - INFO - Event wekatrace5_095a5152ab8fc1cdc847612872a01525cd1b:event_059_parent_turn_10 skipping — predecessor failed
2026-09-03 16:23:42,010 - inference_perf.datagen.replay.replay_graph_session_datagen - INFO - Event wekatrace5_095a5152ab8fc1cdc847612872a01525cd1b:event_060_parent_turn_11 skipping — predecessor failed
2026-09-03 16:23:42,010 - inference_perf.datagen.replay.replay_graph_session_datagen - INFO - Event wekatrace5_095a5152ab8fc1cdc847612872a01525cd1b:event_061_parent_turn_12 skipping — predecessor failed
2026-09-03 16:23:42,010 - inference_perf.datagen.replay.replay_graph_session_datagen - INFO - Event wekatrace5_095a5152ab8fc1cdc847612872a01525cd1b:event_062_parent_turn_13 skipping — predecessor failed
2026-09-03 16:23:42,011 - inference_perf.datagen.replay.replay_graph_session_datagen - INFO - Event wekatrace5_095a5152ab8fc1cdc847612872a01525cd1b:event_063_parent_turn_14 skipping — predecessor failed
2026-09-03 16:23:42,011 - inference_perf.datagen.replay.replay_graph_session_datagen - INFO - Event wekatrace5_095a5152ab8fc1cdc847612872a01525cd1b:event_064_parent_turn_15 skipping — predecessor failed
2026-09-03 16:23:42,011 - inference_perf.datagen.replay.replay_graph_session_datagen - INFO - Event wekatrace5_095a5152ab8fc1cdc847612872a01525cd1b:event_065_parent_turn_16 skipping — predecessor failed
2026-09-03 16:23:42,011 - inference_perf.datagen.replay.replay_graph_session_datagen - INFO - Event wekatrace5_095a5152ab8fc1cdc847612872a01525cd1b:event_066_parent_turn_17 skipping — predecessor failed
2026-09-03 16:23:42,011 - inference_perf.datagen.replay.replay_graph_session_datagen - INFO - Event wekatrace5_095a5152ab8fc1cdc847612872a01525cd1b:event_067_parent_turn_18 skipping — predecessor failed
2026-09-03 16:23:42,011 - inference_perf.datagen.replay.replay_graph_session_datagen - INFO - Event wekatrace5_095a5152ab8fc1cdc847612872a01525cd1b:event_068_parent_turn_19 skipping — predecessor failed
2026-09-03 16:23:42,011 - inference_perf.datagen.replay.replay_graph_session_datagen - INFO - Event wekatrace5_095a5152ab8fc1cdc847612872a01525cd1b:event_069_parent_turn_20 skipping — predecessor failed
2026-09-03 16:23:42,011 - inference_perf.datagen.replay.replay_graph_session_datagen - INFO - Event wekatrace5_095a5152ab8fc1cdc847612872a01525cd1b:event_070_parent_turn_21 skipping — predecessor failed
2026-09-03 16:23:42,012 - inference_perf.datagen.replay.replay_graph_session_datagen - INFO - Event wekatrace5_095a5152ab8fc1cdc847612872a01525cd1b:event_071_parent_turn_22 skipping — predecessor failed
2026-09-03 16:23:42,012 - inference_perf.datagen.replay.replay_graph_session_datagen - INFO - Event wekatrace5_095a5152ab8fc1cdc847612872a01525cd1b:event_072_parent_turn_23 skipping — predecessor failed
2026-09-03 16:23:42,012 - inference_perf.datagen.replay.replay_graph_session_datagen - INFO - Event wekatrace5_095a5152ab8fc1cdc847612872a01525cd1b:event_073_parent_turn_24 skipping — predecessor failed
2026-09-03 16:23:42,012 - inference_perf.datagen.replay.replay_graph_session_datagen - INFO - Event wekatrace5_095a5152ab8fc1cdc847612872a01525cd1b:event_074_parent_turn_25 skipping — predecessor failed
2026-09-03 16:23:42,012 - inference_perf.datagen.replay.replay_graph_session_datagen - INFO - Event wekatrace5_095a5152ab8fc1cdc847612872a01525cd1b:event_075_parent_turn_26 skipping — predecessor failed
2026-09-03 16:23:42,013 - inference_perf.datagen.replay.replay_graph_session_datagen - INFO - Event wekatrace5_095a5152ab8fc1cdc847612872a01525cd1b:event_076_parent_turn_27 skipping — predecessor failed
2026-09-03 16:23:42,013 - inference_perf.datagen.replay.replay_graph_session_datagen - INFO - Event wekatrace5_095a5152ab8fc1cdc847612872a01525cd1b:event_077_parent_turn_28 skipping — predecessor failed
2026-09-03 16:23:42,013 - inference_perf.datagen.replay.replay_graph_session_datagen - INFO - Event wekatrace5_095a5152ab8fc1cdc847612872a01525cd1b:event_078_parent_turn_29 skipping — predecessor failed
2026-09-03 16:23:42,013 - inference_perf.datagen.replay.replay_graph_session_datagen - INFO - Event wekatrace5_095a5152ab8fc1cdc847612872a01525cd1b:event_079_parent_turn_30 skipping — predecessor failed
2026-09-03 16:23:42,013 - inference_perf.datagen.replay.replay_graph_session_datagen - INFO - Event wekatrace5_095a5152ab8fc1cdc847612872a01525cd1b:event_080_parent_turn_31 skipping — predecessor failed
2026-09-03 16:23:42,014 - inference_perf.datagen.replay.replay_graph_session_datagen - INFO - Event wekatrace5_095a5152ab8fc1cdc847612872a01525cd1b:event_081_parent_turn_32 skipping — predecessor failed
2026-09-03 16:23:42,014 - inference_perf.datagen.replay.replay_graph_session_datagen - INFO - Event wekatrace5_095a5152ab8fc1cdc847612872a01525cd1b:event_082_parent_turn_33 skipping — predecessor failed
2026-09-03 16:23:42,014 - inference_perf.datagen.replay.replay_graph_session_datagen - INFO - Event wekatrace5_095a5152ab8fc1cdc847612872a01525cd1b:event_083_parent_turn_34 skipping — predecessor failed
2026-09-03 16:23:42,014 - inference_perf.datagen.replay.replay_graph_session_datagen - INFO - Event wekatrace5_095a5152ab8fc1cdc847612872a01525cd1b:event_084_parent_turn_35 skipping — predecessor failed
2026-09-03 16:23:42,014 - inference_perf.datagen.replay.replay_graph_session_datagen - INFO - Event wekatrace5_095a5152ab8fc1cdc847612872a01525cd1b:event_085_parent_turn_36 skipping — predecessor failed
2026-09-03 16:23:42,014 - inference_perf.datagen.replay.replay_graph_session_datagen - INFO - Event wekatrace5_095a5152ab8fc1cdc847612872a01525cd1b:event_086_parent_turn_37 skipping — predecessor failed
2026-09-03 16:23:42,014 - inference_perf.datagen.replay.replay_graph_session_datagen - INFO - Event wekatrace5_095a5152ab8fc1cdc847612872a01525cd1b:event_087_parent_turn_38 skipping — predecessor failed
2026-09-03 16:23:42,015 - inference_perf.datagen.replay.replay_graph_session_datagen - INFO - Event wekatrace5_095a5152ab8fc1cdc847612872a01525cd1b:event_088_parent_turn_39 skipping — predecessor failed
2026-09-03 16:23:42,015 - inference_perf.datagen.replay.replay_graph_session_datagen - INFO - Event wekatrace5_095a5152ab8fc1cdc847612872a01525cd1b:event_089_parent_turn_40 skipping — predecessor failed
2026-09-03 16:23:42,015 - inference_perf.datagen.replay.replay_graph_session_datagen - INFO - Event wekatrace5_095a5152ab8fc1cdc847612872a01525cd1b:event_090_parent_turn_41 skipping — predecessor failed
2026-09-03 16:23:42,315 - inference_perf.datagen.replay.replay_graph_session_datagen - INFO - Event wekatrace19_1b29955ec88767b5f8870f705f770cd46c60:event_048_parent_turn_48 skipping — predecessor wait failed: TimeoutError
2026-09-03 16:23:42,319 - inference_perf.datagen.replay.replay_graph_session_datagen - INFO - Event wekatrace10_0b4a56f22f01dc235b7ce1cc3aeabd6943e8:event_093_parent_turn_30 skipping — predecessor wait failed: TimeoutError
2026-09-03 16:23:42,320 - inference_perf.datagen.replay.replay_graph_session_datagen - INFO - Event wekatrace19_1b29955ec88767b5f8870f705f770cd46c60:event_049_parent_turn_49 skipping — predecessor failed
2026-09-03 16:23:42,320 - inference_perf.datagen.replay.replay_graph_session_datagen - INFO - Event wekatrace10_0b4a56f22f01dc235b7ce1cc3aeabd6943e8:event_094_parent_turn_31 skipping — predecessor failed
2026-09-03 16:23:42,321 - inference_perf.datagen.replay.replay_graph_session_datagen - INFO - Event wekatrace10_0b4a56f22f01dc235b7ce1cc3aeabd6943e8:event_095_parent_turn_32 skipping — predecessor failed
2026-09-03 16:23:42,321 - inference_perf.datagen.replay.replay_graph_session_datagen - INFO - Event wekatrace10_0b4a56f22f01dc235b7ce1cc3aeabd6943e8:event_096_parent_turn_33 skipping — predecessor failed
2026-09-03 16:23:42,322 - inference_perf.datagen.replay.replay_graph_session_datagen - INFO - Event wekatrace10_0b4a56f22f01dc235b7ce1cc3aeabd6943e8:event_097_parent_turn_34 skipping — predecessor failed
2026-09-03 16:23:42,322 - inference_perf.datagen.replay.replay_graph_session_datagen - INFO - Event wekatrace10_0b4a56f22f01dc235b7ce1cc3aeabd6943e8:event_098_parent_turn_35 skipping — predecessor failed
2026-09-03 16:23:42,322 - inference_perf.datagen.replay.replay_graph_session_datagen - INFO - Event wekatrace10_0b4a56f22f01dc235b7ce1cc3aeabd6943e8:event_099_parent_turn_36 skipping — predecessor failed
2026-09-03 16:23:42,322 - inference_perf.datagen.replay.replay_graph_session_datagen - INFO - Event wekatrace10_0b4a56f22f01dc235b7ce1cc3aeabd6943e8:event_100_parent_turn_37 skipping — predecessor failed
2026-09-03 16:23:42,322 - inference_perf.datagen.replay.replay_graph_session_datagen - INFO - Event wekatrace10_0b4a56f22f01dc235b7ce1cc3aeabd6943e8:event_101_parent_turn_38 skipping — predecessor failed
2026-09-03 16:23:42,323 - inference_perf.datagen.replay.replay_graph_session_datagen - INFO - Event wekatrace10_0b4a56f22f01dc235b7ce1cc3aeabd6943e8:event_102_parent_turn_39 skipping — predecessor failed
2026-09-03 16:23:42,323 - inference_perf.datagen.replay.replay_graph_session_datagen - INFO - Event wekatrace10_0b4a56f22f01dc235b7ce1cc3aeabd6943e8:event_103_parent_turn_40 skipping — predecessor failed
2026-09-03 16:23:42,324 - inference_perf.datagen.replay.replay_graph_session_datagen - INFO - Event wekatrace10_0b4a56f22f01dc235b7ce1cc3aeabd6943e8:event_104_parent_turn_41 skipping — predecessor failed
2026-09-03 16:23:42,324 - inference_perf.datagen.replay.replay_graph_session_datagen - INFO - Event wekatrace10_0b4a56f22f01dc235b7ce1cc3aeabd6943e8:event_105_parent_turn_42 skipping — predecessor failed
2026-09-03 16:23:42,324 - inference_perf.datagen.replay.replay_graph_session_datagen - INFO - Event wekatrace10_0b4a56f22f01dc235b7ce1cc3aeabd6943e8:event_106_parent_turn_43 skipping — predecessor failed
2026-09-03 16:23:42,324 - inference_perf.datagen.replay.replay_graph_session_datagen - INFO - Event wekatrace10_0b4a56f22f01dc235b7ce1cc3aeabd6943e8:event_107_parent_turn_44 skipping — predecessor failed
2026-09-03 16:23:42,325 - inference_perf.datagen.replay.replay_graph_session_datagen - INFO - Event wekatrace10_0b4a56f22f01dc235b7ce1cc3aeabd6943e8:event_108_parent_turn_45 skipping — predecessor failed
2026-09-03 16:23:42,325 - inference_perf.datagen.replay.replay_graph_session_datagen - INFO - Event wekatrace10_0b4a56f22f01dc235b7ce1cc3aeabd6943e8:event_109_parent_turn_46 skipping — predecessor failed
2026-09-03 16:23:42,325 - inference_perf.datagen.replay.replay_graph_session_datagen - INFO - Event wekatrace10_0b4a56f22f01dc235b7ce1cc3aeabd6943e8:event_110_parent_turn_47 skipping — predecessor failed
2026-09-03 16:23:42,325 - inference_perf.datagen.replay.replay_graph_session_datagen - INFO - Event wekatrace10_0b4a56f22f01dc235b7ce1cc3aeabd6943e8:event_111_parent_turn_48 skipping — predecessor failed
2026-09-03 16:23:42,325 - inference_perf.datagen.replay.replay_graph_session_datagen - INFO - Event wekatrace10_0b4a56f22f01dc235b7ce1cc3aeabd6943e8:event_112_parent_turn_49 skipping — predecessor failed
2026-09-03 16:23:42,326 - inference_perf.datagen.replay.replay_graph_session_datagen - INFO - Event wekatrace10_0b4a56f22f01dc235b7ce1cc3aeabd6943e8:event_113_parent_turn_50 skipping — predecessor failed
2026-09-03 16:23:42,326 - inference_perf.datagen.replay.replay_graph_session_datagen - INFO - Event wekatrace10_0b4a56f22f01dc235b7ce1cc3aeabd6943e8:event_114_parent_turn_51 skipping — predecessor failed
2026-09-03 16:23:42,326 - inference_perf.datagen.replay.replay_graph_session_datagen - INFO - Event wekatrace10_0b4a56f22f01dc235b7ce1cc3aeabd6943e8:event_115_parent_turn_52 skipping — predecessor failed
2026-09-03 16:23:42,327 - inference_perf.datagen.replay.replay_graph_session_datagen - INFO - Event wekatrace10_0b4a56f22f01dc235b7ce1cc3aeabd6943e8:event_116_sa_subagent_003_12bc1ff3_s0_turn_0 skipping — predecessor failed
2026-09-03 16:23:42,327 - inference_perf.datagen.replay.replay_graph_session_datagen - INFO - Event wekatrace10_0b4a56f22f01dc235b7ce1cc3aeabd6943e8:event_177_parent_turn_53 skipping — predecessor failed
2026-09-03 16:23:42,327 - inference_perf.datagen.replay.replay_graph_session_datagen - INFO - Event wekatrace10_0b4a56f22f01dc235b7ce1cc3aeabd6943e8:event_117_sa_subagent_003_12bc1ff3_s0_turn_1 skipping — predecessor failed
2026-09-03 16:23:42,327 - inference_perf.datagen.replay.replay_graph_session_datagen - INFO - Event wekatrace10_0b4a56f22f01dc235b7ce1cc3aeabd6943e8:event_178_parent_turn_54 skipping — predecessor failed
2026-09-03 16:23:42,327 - inference_perf.datagen.replay.replay_graph_session_datagen - INFO - Event wekatrace10_0b4a56f22f01dc235b7ce1cc3aeabd6943e8:event_118_sa_subagent_003_12bc1ff3_s0_turn_2 skipping — predecessor failed
2026-09-03 16:23:42,327 - inference_perf.datagen.replay.replay_graph_session_datagen - INFO - Event wekatrace10_0b4a56f22f01dc235b7ce1cc3aeabd6943e8:event_179_parent_turn_55 skipping — predecessor failed
2026-09-03 16:23:42,327 - inference_perf.datagen.replay.replay_graph_session_datagen - INFO - Event wekatrace10_0b4a56f22f01dc235b7ce1cc3aeabd6943e8:event_180_parent_turn_56 skipping — predecessor failed
2026-09-03 16:23:42,327 - inference_perf.datagen.replay.replay_graph_session_datagen - INFO - Event wekatrace10_0b4a56f22f01dc235b7ce1cc3aeabd6943e8:event_119_sa_subagent_003_12bc1ff3_s0_turn_3 skipping — predecessor failed
2026-09-03 16:23:42,328 - inference_perf.datagen.replay.replay_graph_session_datagen - INFO - Event wekatrace10_0b4a56f22f01dc235b7ce1cc3aeabd6943e8:event_181_parent_turn_57 skipping — predecessor failed
2026-09-03 16:23:42,328 - inference_perf.datagen.replay.replay_graph_session_datagen - INFO - Event wekatrace10_0b4a56f22f01dc235b7ce1cc3aeabd6943e8:event_182_parent_turn_58 skipping — predecessor failed
2026-09-03 16:23:42,328 - inference_perf.datagen.replay.replay_graph_session_datagen - INFO - Event wekatrace10_0b4a56f22f01dc235b7ce1cc3aeabd6943e8:event_120_sa_subagent_003_12bc1ff3_s0_turn_4 skipping — predecessor failed
2026-09-03 16:23:42,328 - inference_perf.datagen.replay.replay_graph_session_datagen - INFO - Event wekatrace10_0b4a56f22f01dc235b7ce1cc3aeabd6943e8:event_183_parent_turn_59 skipping — predecessor failed
2026-09-03 16:23:42,328 - inference_perf.datagen.replay.replay_graph_session_datagen - INFO - Event wekatrace10_0b4a56f22f01dc235b7ce1cc3aeabd6943e8:event_121_sa_subagent_003_12bc1ff3_s0_turn_5 skipping — predecessor failed
2026-09-03 16:23:42,328 - inference_perf.datagen.replay.replay_graph_session_datagen - INFO - Event wekatrace10_0b4a56f22f01dc235b7ce1cc3aeabd6943e8:event_184_parent_turn_60 skipping — predecessor failed
2026-09-03 16:23:42,328 - inference_perf.datagen.replay.replay_graph_session_datagen - INFO - Event wekatrace10_0b4a56f22f01dc235b7ce1cc3aeabd6943e8:event_122_sa_subagent_003_12bc1ff3_s0_turn_6 skipping — predecessor failed
2026-09-03 16:23:42,328 - inference_perf.datagen.replay.replay_graph_session_datagen - INFO - Event wekatrace10_0b4a56f22f01dc235b7ce1cc3aeabd6943e8:event_185_parent_turn_61 skipping — predecessor failed
2026-09-03 16:23:42,328 - inference_perf.datagen.replay.replay_graph_session_datagen - INFO - Event wekatrace10_0b4a56f22f01dc235b7ce1cc3aeabd6943e8:event_123_sa_subagent_003_12bc1ff3_s0_turn_7 skipping — predecessor failed
2026-09-03 16:23:42,329 - inference_perf.datagen.replay.replay_graph_session_datagen - INFO - Event wekatrace10_0b4a56f22f01dc235b7ce1cc3aeabd6943e8:event_186_parent_turn_62 skipping — predecessor failed
2026-09-03 16:23:42,329 - inference_perf.datagen.replay.replay_graph_session_datagen - INFO - Event wekatrace10_0b4a56f22f01dc235b7ce1cc3aeabd6943e8:event_124_sa_subagent_003_12bc1ff3_s0_turn_8 skipping — predecessor failed
2026-09-03 16:23:42,330 - inference_perf.datagen.replay.replay_graph_session_datagen - INFO - Event wekatrace10_0b4a56f22f01dc235b7ce1cc3aeabd6943e8:event_187_parent_turn_63 skipping — predecessor failed
2026-09-03 16:23:42,330 - inference_perf.datagen.replay.replay_graph_session_datagen - INFO - Event wekatrace10_0b4a56f22f01dc235b7ce1cc3aeabd6943e8:event_125_sa_subagent_003_12bc1ff3_s0_turn_9 skipping — predecessor failed
2026-09-03 16:23:42,331 - inference_perf.datagen.replay.replay_graph_session_datagen - INFO - Event wekatrace10_0b4a56f22f01dc235b7ce1cc3aeabd6943e8:event_188_parent_turn_64 skipping — predecessor failed
2026-09-03 16:23:42,331 - inference_perf.datagen.replay.replay_graph_session_datagen - INFO - Event wekatrace10_0b4a56f22f01dc235b7ce1cc3aeabd6943e8:event_126_sa_subagent_003_12bc1ff3_s0_turn_10 skipping — predecessor failed
2026-09-03 16:23:42,331 - inference_perf.datagen.replay.replay_graph_session_datagen - INFO - Event wekatrace10_0b4a56f22f01dc235b7ce1cc3aeabd6943e8:event_189_parent_turn_65 skipping — predecessor failed
2026-09-03 16:23:42,331 - inference_perf.datagen.replay.replay_graph_session_datagen - INFO - Event wekatrace10_0b4a56f22f01dc235b7ce1cc3aeabd6943e8:event_127_sa_subagent_003_12bc1ff3_s0_turn_11 skipping — predecessor failed
2026-09-03 16:23:42,331 - inference_perf.datagen.replay.replay_graph_session_datagen - INFO - Event wekatrace10_0b4a56f22f01dc235b7ce1cc3aeabd6943e8:event_190_parent_turn_66 skipping — predecessor failed
2026-09-03 16:23:42,332 - inference_perf.datagen.replay.replay_graph_session_datagen - INFO - Event wekatrace10_0b4a56f22f01dc235b7ce1cc3aeabd6943e8:event_128_sa_subagent_003_12bc1ff3_s0_turn_12 skipping — predecessor failed
2026-09-03 16:23:42,332 - inference_perf.datagen.replay.replay_graph_session_datagen - INFO - Event wekatrace10_0b4a56f22f01dc235b7ce1cc3aeabd6943e8:event_191_parent_turn_67 skipping — predecessor failed
2026-09-03 16:23:42,332 - inference_perf.datagen.replay.replay_graph_session_datagen - INFO - Event wekatrace10_0b4a56f22f01dc235b7ce1cc3aeabd6943e8:event_129_sa_subagent_003_12bc1ff3_s0_turn_13 skipping — predecessor failed
2026-09-03 16:23:42,332 - inference_perf.datagen.replay.replay_graph_session_datagen - INFO - Event wekatrace10_0b4a56f22f01dc235b7ce1cc3aeabd6943e8:event_192_parent_turn_68 skipping — predecessor failed
2026-09-03 16:23:42,332 - inference_perf.datagen.replay.replay_graph_session_datagen - INFO - Event wekatrace10_0b4a56f22f01dc235b7ce1cc3aeabd6943e8:event_130_sa_subagent_003_12bc1ff3_s0_turn_14 skipping — predecessor failed
2026-09-03 16:23:42,332 - inference_perf.datagen.replay.replay_graph_session_datagen - INFO - Event wekatrace10_0b4a56f22f01dc235b7ce1cc3aeabd6943e8:event_193_parent_turn_69 skipping — predecessor failed
2026-09-03 16:23:42,333 - inference_perf.datagen.replay.replay_graph_session_datagen - INFO - Event wekatrace10_0b4a56f22f01dc235b7ce1cc3aeabd6943e8:event_131_sa_subagent_003_12bc1ff3_s0_turn_15 skipping — predecessor failed
2026-09-03 16:23:42,333 - inference_perf.datagen.replay.replay_graph_session_datagen - INFO - Event wekatrace10_0b4a56f22f01dc235b7ce1cc3aeabd6943e8:event_194_parent_turn_70 skipping — predecessor failed
2026-09-03 16:23:42,334 - inference_perf.datagen.replay.replay_graph_session_datagen - INFO - Event wekatrace10_0b4a56f22f01dc235b7ce1cc3aeabd6943e8:event_132_sa_subagent_003_12bc1ff3_s0_turn_16 skipping — predecessor failed
2026-09-03 16:23:42,335 - inference_perf.datagen.replay.replay_graph_session_datagen - INFO - Event wekatrace10_0b4a56f22f01dc235b7ce1cc3aeabd6943e8:event_195_parent_turn_71 skipping — predecessor failed
2026-09-03 16:23:42,335 - inference_perf.datagen.replay.replay_graph_session_datagen - INFO - Event wekatrace10_0b4a56f22f01dc235b7ce1cc3aeabd6943e8:event_133_sa_subagent_003_12bc1ff3_s0_turn_17 skipping — predecessor failed
2026-09-03 16:23:42,336 - inference_perf.datagen.replay.replay_graph_session_datagen - INFO - Event wekatrace10_0b4a56f22f01dc235b7ce1cc3aeabd6943e8:event_196_parent_turn_72 skipping — predecessor failed
2026-09-03 16:23:42,336 - inference_perf.datagen.replay.replay_graph_session_datagen - INFO - Event wekatrace10_0b4a56f22f01dc235b7ce1cc3aeabd6943e8:event_134_sa_subagent_003_12bc1ff3_s0_turn_18 skipping — predecessor failed
2026-09-03 16:23:42,337 - inference_perf.datagen.replay.replay_graph_session_datagen - INFO - Event wekatrace10_0b4a56f22f01dc235b7ce1cc3aeabd6943e8:event_197_parent_turn_73 skipping — predecessor failed
2026-09-03 16:23:42,337 - inference_perf.datagen.replay.replay_graph_session_datagen - INFO - Event wekatrace10_0b4a56f22f01dc235b7ce1cc3aeabd6943e8:event_135_sa_subagent_003_12bc1ff3_s0_turn_19 skipping — predecessor failed
2026-09-03 16:23:42,337 - inference_perf.datagen.replay.replay_graph_session_datagen - INFO - Event wekatrace10_0b4a56f22f01dc235b7ce1cc3aeabd6943e8:event_198_parent_turn_74 skipping — predecessor failed
2026-09-03 16:23:42,337 - inference_perf.datagen.replay.replay_graph_session_datagen - INFO - Event wekatrace10_0b4a56f22f01dc235b7ce1cc3aeabd6943e8:event_136_sa_subagent_003_12bc1ff3_s0_turn_20 skipping — predecessor failed
2026-09-03 16:23:42,338 - inference_perf.datagen.replay.replay_graph_session_datagen - INFO - Event wekatrace10_0b4a56f22f01dc235b7ce1cc3aeabd6943e8:event_199_parent_turn_75 skipping — predecessor failed
2026-09-03 16:23:42,338 - inference_perf.datagen.replay.replay_graph_session_datagen - INFO - Event wekatrace10_0b4a56f22f01dc235b7ce1cc3aeabd6943e8:event_137_sa_subagent_004_8ad50d22_s0_turn_0 skipping — predecessor failed
2026-09-03 16:23:42,338 - inference_perf.datagen.replay.replay_graph_session_datagen - INFO - Event wekatrace10_0b4a56f22f01dc235b7ce1cc3aeabd6943e8:event_200_parent_turn_76 skipping — predecessor failed
2026-09-03 16:23:42,338 - inference_perf.datagen.replay.replay_graph_session_datagen - INFO - Event wekatrace10_0b4a56f22f01dc235b7ce1cc3aeabd6943e8:event_138_sa_subagent_004_8ad50d22_s0_turn_1 skipping — predecessor failed
2026-09-03 16:23:42,338 - inference_perf.datagen.replay.replay_graph_session_datagen - INFO - Event wekatrace10_0b4a56f22f01dc235b7ce1cc3aeabd6943e8:event_201_parent_turn_77 skipping — predecessor failed
2026-09-03 16:23:42,338 - inference_perf.datagen.replay.replay_graph_session_datagen - INFO - Event wekatrace10_0b4a56f22f01dc235b7ce1cc3aeabd6943e8:event_139_sa_subagent_004_8ad50d22_s0_turn_2 skipping — predecessor failed
2026-09-03 16:23:42,339 - inference_perf.datagen.replay.replay_graph_session_datagen - INFO - Event wekatrace10_0b4a56f22f01dc235b7ce1cc3aeabd6943e8:event_202_parent_turn_78 skipping — predecessor failed
2026-09-03 16:23:42,339 - inference_perf.datagen.replay.replay_graph_session_datagen - INFO - Event wekatrace10_0b4a56f22f01dc235b7ce1cc3aeabd6943e8:event_140_sa_subagent_004_8ad50d22_s0_turn_3 skipping — predecessor failed
2026-09-03 16:23:42,339 - inference_perf.datagen.replay.replay_graph_session_datagen - INFO - Event wekatrace10_0b4a56f22f01dc235b7ce1cc3aeabd6943e8:event_203_parent_turn_79 skipping — predecessor failed
2026-09-03 16:23:42,339 - inference_perf.datagen.replay.replay_graph_session_datagen - INFO - Event wekatrace10_0b4a56f22f01dc235b7ce1cc3aeabd6943e8:event_141_sa_subagent_004_8ad50d22_s0_turn_4 skipping — predecessor failed
2026-09-03 16:23:42,339 - inference_perf.datagen.replay.replay_graph_session_datagen - INFO - Event wekatrace10_0b4a56f22f01dc235b7ce1cc3aeabd6943e8:event_204_parent_turn_80 skipping — predecessor failed
2026-09-03 16:23:42,339 - inference_perf.datagen.replay.replay_graph_session_datagen - INFO - Event wekatrace10_0b4a56f22f01dc235b7ce1cc3aeabd6943e8:event_142_sa_subagent_004_8ad50d22_s0_turn_5 skipping — predecessor failed
2026-09-03 16:23:42,339 - inference_perf.datagen.replay.replay_graph_session_datagen - INFO - Event wekatrace10_0b4a56f22f01dc235b7ce1cc3aeabd6943e8:event_205_parent_turn_81 skipping — predecessor failed
2026-09-03 16:23:42,342 - inference_perf.datagen.replay.replay_graph_session_datagen - INFO - Event wekatrace10_0b4a56f22f01dc235b7ce1cc3aeabd6943e8:event_143_sa_subagent_004_8ad50d22_s0_turn_6 skipping — predecessor failed
2026-09-03 16:23:42,342 - inference_perf.datagen.replay.replay_graph_session_datagen - INFO - Event wekatrace10_0b4a56f22f01dc235b7ce1cc3aeabd6943e8:event_206_parent_turn_82 skipping — predecessor failed
2026-09-03 16:23:42,342 - inference_perf.datagen.replay.replay_graph_session_datagen - INFO - Event wekatrace10_0b4a56f22f01dc235b7ce1cc3aeabd6943e8:event_144_sa_subagent_004_8ad50d22_s0_turn_7 skipping — predecessor failed
2026-09-03 16:23:42,342 - inference_perf.datagen.replay.replay_graph_session_datagen - INFO - Event wekatrace10_0b4a56f22f01dc235b7ce1cc3aeabd6943e8:event_207_parent_turn_83 skipping — predecessor failed
2026-09-03 16:23:42,343 - inference_perf.datagen.replay.replay_graph_session_datagen - INFO - Event wekatrace10_0b4a56f22f01dc235b7ce1cc3aeabd6943e8:event_145_sa_subagent_004_8ad50d22_s0_turn_8 skipping — predecessor failed
2026-09-03 16:23:42,343 - inference_perf.datagen.replay.replay_graph_session_datagen - INFO - Event wekatrace10_0b4a56f22f01dc235b7ce1cc3aeabd6943e8:event_208_parent_turn_84 skipping — predecessor failed
2026-09-03 16:23:42,343 - inference_perf.datagen.replay.replay_graph_session_datagen - INFO - Event wekatrace10_0b4a56f22f01dc235b7ce1cc3aeabd6943e8:event_146_sa_subagent_004_8ad50d22_s0_turn_9 skipping — predecessor failed
2026-09-03 16:23:42,343 - inference_perf.datagen.replay.replay_graph_session_datagen - INFO - Event wekatrace10_0b4a56f22f01dc235b7ce1cc3aeabd6943e8:event_209_parent_turn_85 skipping — predecessor failed
2026-09-03 16:23:42,343 - inference_perf.datagen.replay.replay_graph_session_datagen - INFO - Event wekatrace10_0b4a56f22f01dc235b7ce1cc3aeabd6943e8:event_147_sa_subagent_004_8ad50d22_s0_turn_10 skipping — predecessor failed
2026-09-03 16:23:42,343 - inference_perf.datagen.replay.replay_graph_session_datagen - INFO - Event wekatrace10_0b4a56f22f01dc235b7ce1cc3aeabd6943e8:event_210_parent_turn_86 skipping — predecessor failed
2026-09-03 16:23:42,344 - inference_perf.datagen.replay.replay_graph_session_datagen - INFO - Event wekatrace10_0b4a56f22f01dc235b7ce1cc3aeabd6943e8:event_148_sa_subagent_004_8ad50d22_s0_turn_11 skipping — predecessor failed
2026-09-03 16:23:42,344 - inference_perf.datagen.replay.replay_graph_session_datagen - INFO - Event wekatrace10_0b4a56f22f01dc235b7ce1cc3aeabd6943e8:event_211_parent_turn_87 skipping — predecessor failed
2026-09-03 16:23:42,344 - inference_perf.datagen.replay.replay_graph_session_datagen - INFO - Event wekatrace10_0b4a56f22f01dc235b7ce1cc3aeabd6943e8:event_212_parent_turn_88 skipping — predecessor failed
2026-09-03 16:23:42,344 - inference_perf.datagen.replay.replay_graph_session_datagen - INFO - Event wekatrace10_0b4a56f22f01dc235b7ce1cc3aeabd6943e8:event_149_sa_subagent_004_8ad50d22_s0_turn_12 skipping — predecessor failed
2026-09-03 16:23:42,344 - inference_perf.datagen.replay.replay_graph_session_datagen - INFO - Event wekatrace10_0b4a56f22f01dc235b7ce1cc3aeabd6943e8:event_213_parent_turn_89 skipping — predecessor failed
2026-09-03 16:23:42,344 - inference_perf.datagen.replay.replay_graph_session_datagen - INFO - Event wekatrace10_0b4a56f22f01dc235b7ce1cc3aeabd6943e8:event_150_sa_subagent_004_8ad50d22_s0_turn_13 skipping — predecessor failed
2026-09-03 16:23:42,344 - inference_perf.datagen.replay.replay_graph_session_datagen - INFO - Event wekatrace10_0b4a56f22f01dc235b7ce1cc3aeabd6943e8:event_214_parent_turn_90 skipping — predecessor failed
2026-09-03 16:23:42,345 - inference_perf.datagen.replay.replay_graph_session_datagen - INFO - Event wekatrace10_0b4a56f22f01dc235b7ce1cc3aeabd6943e8:event_151_sa_subagent_004_8ad50d22_s0_turn_14 skipping — predecessor failed
2026-09-03 16:23:42,345 - inference_perf.datagen.replay.replay_graph_session_datagen - INFO - Event wekatrace10_0b4a56f22f01dc235b7ce1cc3aeabd6943e8:event_215_parent_turn_91 skipping — predecessor failed
2026-09-03 16:23:42,345 - inference_perf.datagen.replay.replay_graph_session_datagen - INFO - Event wekatrace10_0b4a56f22f01dc235b7ce1cc3aeabd6943e8:event_152_sa_subagent_004_8ad50d22_s0_turn_15 skipping — predecessor failed
2026-09-03 16:23:42,345 - inference_perf.datagen.replay.replay_graph_session_datagen - INFO - Event wekatrace10_0b4a56f22f01dc235b7ce1cc3aeabd6943e8:event_216_parent_turn_92 skipping — predecessor failed
2026-09-03 16:23:42,345 - inference_perf.datagen.replay.replay_graph_session_datagen - INFO - Event wekatrace10_0b4a56f22f01dc235b7ce1cc3aeabd6943e8:event_153_sa_subagent_004_8ad50d22_s0_turn_16 skipping — predecessor failed
2026-09-03 16:23:42,345 - inference_perf.datagen.replay.replay_graph_session_datagen - INFO - Event wekatrace10_0b4a56f22f01dc235b7ce1cc3aeabd6943e8:event_217_parent_turn_93 skipping — predecessor failed
2026-09-03 16:23:42,346 - inference_perf.datagen.replay.replay_graph_session_datagen - INFO - Event wekatrace10_0b4a56f22f01dc235b7ce1cc3aeabd6943e8:event_154_sa_subagent_004_8ad50d22_s0_turn_17 skipping — predecessor failed
2026-09-03 16:23:42,346 - inference_perf.datagen.replay.replay_graph_session_datagen - INFO - Event wekatrace10_0b4a56f22f01dc235b7ce1cc3aeabd6943e8:event_218_parent_turn_94 skipping — predecessor failed
2026-09-03 16:23:42,346 - inference_perf.datagen.replay.replay_graph_session_datagen - INFO - Event wekatrace10_0b4a56f22f01dc235b7ce1cc3aeabd6943e8:event_155_sa_subagent_004_8ad50d22_s0_turn_18 skipping — predecessor failed
2026-09-03 16:23:42,346 - inference_perf.datagen.replay.replay_graph_session_datagen - INFO - Event wekatrace10_0b4a56f22f01dc235b7ce1cc3aeabd6943e8:event_219_parent_turn_95 skipping — predecessor failed
2026-09-03 16:23:42,346 - inference_perf.datagen.replay.replay_graph_session_datagen - INFO - Event wekatrace10_0b4a56f22f01dc235b7ce1cc3aeabd6943e8:event_156_sa_subagent_004_8ad50d22_s0_turn_19 skipping — predecessor failed
2026-09-03 16:23:42,346 - inference_perf.datagen.replay.replay_graph_session_datagen - INFO - Event wekatrace10_0b4a56f22f01dc235b7ce1cc3aeabd6943e8:event_220_parent_turn_96 skipping — predecessor failed
2026-09-03 16:23:42,347 - inference_perf.datagen.replay.replay_graph_session_datagen - INFO - Event wekatrace10_0b4a56f22f01dc235b7ce1cc3aeabd6943e8:event_157_sa_subagent_004_8ad50d22_s0_turn_20 skipping — predecessor failed
2026-09-03 16:23:42,347 - inference_perf.datagen.replay.replay_graph_session_datagen - INFO - Event wekatrace10_0b4a56f22f01dc235b7ce1cc3aeabd6943e8:event_221_parent_turn_97 skipping — predecessor failed
2026-09-03 16:23:42,347 - inference_perf.datagen.replay.replay_graph_session_datagen - INFO - Event wekatrace10_0b4a56f22f01dc235b7ce1cc3aeabd6943e8:event_158_sa_subagent_004_8ad50d22_s0_turn_21 skipping — predecessor failed
2026-09-03 16:23:42,347 - inference_perf.datagen.replay.replay_graph_session_datagen - INFO - Event wekatrace10_0b4a56f22f01dc235b7ce1cc3aeabd6943e8:event_222_parent_turn_98 skipping — predecessor failed
2026-09-03 16:23:42,347 - inference_perf.datagen.replay.replay_graph_session_datagen - INFO - Event wekatrace10_0b4a56f22f01dc235b7ce1cc3aeabd6943e8:event_159_sa_subagent_004_8ad50d22_s0_turn_22 skipping — predecessor failed
2026-09-03 16:23:42,347 - inference_perf.datagen.replay.replay_graph_session_datagen - INFO - Event wekatrace10_0b4a56f22f01dc235b7ce1cc3aeabd6943e8:event_223_parent_turn_99 skipping — predecessor failed
2026-09-03 16:23:42,348 - inference_perf.datagen.replay.replay_graph_session_datagen - INFO - Event wekatrace10_0b4a56f22f01dc235b7ce1cc3aeabd6943e8:event_160_sa_subagent_004_8ad50d22_s0_turn_23 skipping — predecessor failed
2026-09-03 16:23:42,348 - inference_perf.datagen.replay.replay_graph_session_datagen - INFO - Event wekatrace10_0b4a56f22f01dc235b7ce1cc3aeabd6943e8:event_224_parent_turn_100 skipping — predecessor failed
2026-09-03 16:23:42,348 - inference_perf.datagen.replay.replay_graph_session_datagen - INFO - Event wekatrace10_0b4a56f22f01dc235b7ce1cc3aeabd6943e8:event_225_parent_turn_101 skipping — predecessor failed
2026-09-03 16:23:42,348 - inference_perf.datagen.replay.replay_graph_session_datagen - INFO - Event wekatrace10_0b4a56f22f01dc235b7ce1cc3aeabd6943e8:event_161_sa_subagent_004_8ad50d22_s0_turn_24 skipping — predecessor failed
2026-09-03 16:23:42,349 - inference_perf.datagen.replay.replay_graph_session_datagen - INFO - Event wekatrace10_0b4a56f22f01dc235b7ce1cc3aeabd6943e8:event_226_parent_turn_102 skipping — predecessor failed
2026-09-03 16:23:42,351 - inference_perf.datagen.replay.replay_graph_session_datagen - INFO - Event wekatrace10_0b4a56f22f01dc235b7ce1cc3aeabd6943e8:event_162_sa_subagent_004_8ad50d22_s0_turn_25 skipping — predecessor failed
2026-09-03 16:23:42,351 - inference_perf.datagen.replay.replay_graph_session_datagen - INFO - Event wekatrace10_0b4a56f22f01dc235b7ce1cc3aeabd6943e8:event_163_sa_subagent_005_59c63173_s0_turn_0 skipping — predecessor failed
2026-09-03 16:23:42,351 - inference_perf.datagen.replay.replay_graph_session_datagen - INFO - Event wekatrace10_0b4a56f22f01dc235b7ce1cc3aeabd6943e8:event_227_parent_turn_103 skipping — predecessor failed
2026-09-03 16:23:42,352 - inference_perf.datagen.replay.replay_graph_session_datagen - INFO - Event wekatrace10_0b4a56f22f01dc235b7ce1cc3aeabd6943e8:event_164_sa_subagent_005_59c63173_s0_turn_1 skipping — predecessor failed
2026-09-03 16:23:42,352 - inference_perf.datagen.replay.replay_graph_session_datagen - INFO - Event wekatrace10_0b4a56f22f01dc235b7ce1cc3aeabd6943e8:event_228_parent_turn_104 skipping — predecessor failed
2026-09-03 16:23:42,353 - inference_perf.datagen.replay.replay_graph_session_datagen - INFO - Event wekatrace10_0b4a56f22f01dc235b7ce1cc3aeabd6943e8:event_165_sa_subagent_005_59c63173_s0_turn_2 skipping — predecessor failed
2026-09-03 16:23:42,354 - inference_perf.datagen.replay.replay_graph_session_datagen - INFO - Event wekatrace10_0b4a56f22f01dc235b7ce1cc3aeabd6943e8:event_166_sa_subagent_005_59c63173_s0_turn_3 skipping — predecessor failed
2026-09-03 16:23:42,354 - inference_perf.datagen.replay.replay_graph_session_datagen - INFO - Event wekatrace10_0b4a56f22f01dc235b7ce1cc3aeabd6943e8:event_229_parent_turn_105 skipping — predecessor failed
2026-09-03 16:23:42,354 - inference_perf.datagen.replay.replay_graph_session_datagen - INFO - Event wekatrace10_0b4a56f22f01dc235b7ce1cc3aeabd6943e8:event_167_sa_subagent_005_59c63173_s0_turn_4 skipping — predecessor failed
2026-09-03 16:23:42,354 - inference_perf.datagen.replay.replay_graph_session_datagen - INFO - Event wekatrace10_0b4a56f22f01dc235b7ce1cc3aeabd6943e8:event_230_parent_turn_106 skipping — predecessor failed
2026-09-03 16:23:42,354 - inference_perf.datagen.replay.replay_graph_session_datagen - INFO - Event wekatrace10_0b4a56f22f01dc235b7ce1cc3aeabd6943e8:event_168_sa_subagent_005_59c63173_s0_turn_5 skipping — predecessor failed
2026-09-03 16:23:42,354 - inference_perf.datagen.replay.replay_graph_session_datagen - INFO - Event wekatrace10_0b4a56f22f01dc235b7ce1cc3aeabd6943e8:event_231_parent_turn_107 skipping — predecessor failed
2026-09-03 16:23:42,355 - inference_perf.datagen.replay.replay_graph_session_datagen - INFO - Event wekatrace10_0b4a56f22f01dc235b7ce1cc3aeabd6943e8:event_169_sa_subagent_005_59c63173_s0_turn_6 skipping — predecessor failed
2026-09-03 16:23:42,355 - inference_perf.datagen.replay.replay_graph_session_datagen - INFO - Event wekatrace10_0b4a56f22f01dc235b7ce1cc3aeabd6943e8:event_232_parent_turn_108 skipping — predecessor failed
2026-09-03 16:23:42,355 - inference_perf.datagen.replay.replay_graph_session_datagen - INFO - Event wekatrace10_0b4a56f22f01dc235b7ce1cc3aeabd6943e8:event_170_sa_subagent_005_59c63173_s0_turn_7 skipping — predecessor failed
2026-09-03 16:23:42,355 - inference_perf.datagen.replay.replay_graph_session_datagen - INFO - Event wekatrace10_0b4a56f22f01dc235b7ce1cc3aeabd6943e8:event_233_parent_turn_109 skipping — predecessor failed
2026-09-03 16:23:42,355 - inference_perf.datagen.replay.replay_graph_session_datagen - INFO - Event wekatrace10_0b4a56f22f01dc235b7ce1cc3aeabd6943e8:event_171_sa_subagent_005_59c63173_s0_turn_8 skipping — predecessor failed
2026-09-03 16:23:42,355 - inference_perf.datagen.replay.replay_graph_session_datagen - INFO - Event wekatrace10_0b4a56f22f01dc235b7ce1cc3aeabd6943e8:event_234_parent_turn_110 skipping — predecessor failed
2026-09-03 16:23:42,356 - inference_perf.datagen.replay.replay_graph_session_datagen - INFO - Event wekatrace10_0b4a56f22f01dc235b7ce1cc3aeabd6943e8:event_172_sa_subagent_005_59c63173_s0_turn_9 skipping — predecessor failed
2026-09-03 16:23:42,356 - inference_perf.datagen.replay.replay_graph_session_datagen - INFO - Event wekatrace10_0b4a56f22f01dc235b7ce1cc3aeabd6943e8:event_235_sa_subagent_006_30a5a208_s0_turn_0 skipping — predecessor failed
2026-09-03 16:23:42,356 - inference_perf.datagen.replay.replay_graph_session_datagen - INFO - Event wekatrace10_0b4a56f22f01dc235b7ce1cc3aeabd6943e8:event_261_parent_turn_111 skipping — predecessor failed
2026-09-03 16:23:42,356 - inference_perf.datagen.replay.replay_graph_session_datagen - INFO - Event wekatrace10_0b4a56f22f01dc235b7ce1cc3aeabd6943e8:event_173_sa_subagent_005_59c63173_s0_turn_10 skipping — predecessor failed
2026-09-03 16:23:42,356 - inference_perf.datagen.replay.replay_graph_session_datagen - INFO - Event wekatrace10_0b4a56f22f01dc235b7ce1cc3aeabd6943e8:event_236_sa_subagent_006_30a5a208_s0_turn_1 skipping — predecessor failed
2026-09-03 16:23:42,356 - inference_perf.datagen.replay.replay_graph_session_datagen - INFO - Event wekatrace10_0b4a56f22f01dc235b7ce1cc3aeabd6943e8:event_262_parent_turn_112 skipping — predecessor failed
2026-09-03 16:23:42,356 - inference_perf.datagen.replay.replay_graph_session_datagen - INFO - Event wekatrace10_0b4a56f22f01dc235b7ce1cc3aeabd6943e8:event_174_sa_subagent_005_59c63173_s0_turn_11 skipping — predecessor failed
2026-09-03 16:23:42,357 - inference_perf.datagen.replay.replay_graph_session_datagen - INFO - Event wekatrace10_0b4a56f22f01dc235b7ce1cc3aeabd6943e8:event_237_sa_subagent_006_30a5a208_s0_turn_2 skipping — predecessor failed
2026-09-03 16:23:42,357 - inference_perf.datagen.replay.replay_graph_session_datagen - INFO - Event wekatrace10_0b4a56f22f01dc235b7ce1cc3aeabd6943e8:event_263_parent_turn_113 skipping — predecessor failed
2026-09-03 16:23:42,357 - inference_perf.datagen.replay.replay_graph_session_datagen - INFO - Event wekatrace10_0b4a56f22f01dc235b7ce1cc3aeabd6943e8:event_175_sa_subagent_005_59c63173_s0_turn_12 skipping — predecessor failed
2026-09-03 16:23:42,357 - inference_perf.datagen.replay.replay_graph_session_datagen - INFO - Event wekatrace10_0b4a56f22f01dc235b7ce1cc3aeabd6943e8:event_238_sa_subagent_006_30a5a208_s0_turn_3 skipping — predecessor failed
2026-09-03 16:23:42,357 - inference_perf.datagen.replay.replay_graph_session_datagen - INFO - Event wekatrace10_0b4a56f22f01dc235b7ce1cc3aeabd6943e8:event_264_parent_turn_114 skipping — predecessor failed
2026-09-03 16:23:42,358 - inference_perf.datagen.replay.replay_graph_session_datagen - INFO - Event wekatrace10_0b4a56f22f01dc235b7ce1cc3aeabd6943e8:event_176_sa_subagent_005_59c63173_s0_turn_13 skipping — predecessor failed
2026-09-03 16:23:42,358 - inference_perf.datagen.replay.replay_graph_session_datagen - INFO - Event wekatrace10_0b4a56f22f01dc235b7ce1cc3aeabd6943e8:event_239_sa_subagent_006_30a5a208_s0_turn_4 skipping — predecessor failed
2026-09-03 16:23:42,358 - inference_perf.datagen.replay.replay_graph_session_datagen - INFO - Event wekatrace10_0b4a56f22f01dc235b7ce1cc3aeabd6943e8:event_265_parent_turn_115 skipping — predecessor failed
2026-09-03 16:23:42,359 - inference_perf.datagen.replay.replay_graph_session_datagen - INFO - Event wekatrace10_0b4a56f22f01dc235b7ce1cc3aeabd6943e8:event_240_sa_subagent_006_30a5a208_s0_turn_5 skipping — predecessor failed
2026-09-03 16:23:42,359 - inference_perf.datagen.replay.replay_graph_session_datagen - INFO - Event wekatrace10_0b4a56f22f01dc235b7ce1cc3aeabd6943e8:event_266_parent_turn_116 skipping — predecessor failed
2026-09-03 16:23:42,360 - inference_perf.datagen.replay.replay_graph_session_datagen - INFO - Event wekatrace10_0b4a56f22f01dc235b7ce1cc3aeabd6943e8:event_241_sa_subagent_006_30a5a208_s0_turn_6 skipping — predecessor failed
2026-09-03 16:23:42,360 - inference_perf.datagen.replay.replay_graph_session_datagen - INFO - Event wekatrace10_0b4a56f22f01dc235b7ce1cc3aeabd6943e8:event_267_parent_turn_117 skipping — predecessor failed
2026-09-03 16:23:42,360 - inference_perf.datagen.replay.replay_graph_session_datagen - INFO - Event wekatrace10_0b4a56f22f01dc235b7ce1cc3aeabd6943e8:event_268_parent_turn_118 skipping — predecessor failed
2026-09-03 16:23:42,360 - inference_perf.datagen.replay.replay_graph_session_datagen - INFO - Event wekatrace10_0b4a56f22f01dc235b7ce1cc3aeabd6943e8:event_242_sa_subagent_006_30a5a208_s0_turn_7 skipping — predecessor failed
2026-09-03 16:23:42,360 - inference_perf.datagen.replay.replay_graph_session_datagen - INFO - Event wekatrace10_0b4a56f22f01dc235b7ce1cc3aeabd6943e8:event_269_parent_turn_119 skipping — predecessor failed
2026-09-03 16:23:42,360 - inference_perf.datagen.replay.replay_graph_session_datagen - INFO - Event wekatrace10_0b4a56f22f01dc235b7ce1cc3aeabd6943e8:event_243_sa_subagent_006_30a5a208_s0_turn_8 skipping — predecessor failed
2026-09-03 16:23:42,360 - inference_perf.datagen.replay.replay_graph_session_datagen - INFO - Event wekatrace10_0b4a56f22f01dc235b7ce1cc3aeabd6943e8:event_270_parent_turn_120 skipping — predecessor failed
2026-09-03 16:23:42,361 - inference_perf.datagen.replay.replay_graph_session_datagen - INFO - Event wekatrace10_0b4a56f22f01dc235b7ce1cc3aeabd6943e8:event_244_sa_subagent_006_30a5a208_s0_turn_9 skipping — predecessor failed
2026-09-03 16:23:42,361 - inference_perf.datagen.replay.replay_graph_session_datagen - INFO - Event wekatrace10_0b4a56f22f01dc235b7ce1cc3aeabd6943e8:event_271_parent_turn_121 skipping — predecessor failed
2026-09-03 16:23:42,361 - inference_perf.datagen.replay.replay_graph_session_datagen - INFO - Event wekatrace10_0b4a56f22f01dc235b7ce1cc3aeabd6943e8:event_245_sa_subagent_006_30a5a208_s0_turn_10 skipping — predecessor failed
2026-09-03 16:23:42,361 - inference_perf.datagen.replay.replay_graph_session_datagen - INFO - Event wekatrace10_0b4a56f22f01dc235b7ce1cc3aeabd6943e8:event_272_parent_turn_122 skipping — predecessor failed
2026-09-03 16:23:42,362 - inference_perf.datagen.replay.replay_graph_session_datagen - INFO - Event wekatrace10_0b4a56f22f01dc235b7ce1cc3aeabd6943e8:event_246_sa_subagent_006_30a5a208_s0_turn_11 skipping — predecessor failed
2026-09-03 16:23:42,362 - inference_perf.datagen.replay.replay_graph_session_datagen - INFO - Event wekatrace10_0b4a56f22f01dc235b7ce1cc3aeabd6943e8:event_273_parent_turn_123 skipping — predecessor failed
2026-09-03 16:23:42,362 - inference_perf.datagen.replay.replay_graph_session_datagen - INFO - Event wekatrace10_0b4a56f22f01dc235b7ce1cc3aeabd6943e8:event_247_sa_subagent_006_30a5a208_s0_turn_12 skipping — predecessor failed
2026-09-03 16:23:42,363 - inference_perf.datagen.replay.replay_graph_session_datagen - INFO - Event wekatrace10_0b4a56f22f01dc235b7ce1cc3aeabd6943e8:event_274_parent_turn_124 skipping — predecessor failed
2026-09-03 16:23:42,363 - inference_perf.datagen.replay.replay_graph_session_datagen - INFO - Event wekatrace10_0b4a56f22f01dc235b7ce1cc3aeabd6943e8:event_248_sa_subagent_006_30a5a208_s0_turn_13 skipping — predecessor failed
2026-09-03 16:23:42,363 - inference_perf.datagen.replay.replay_graph_session_datagen - INFO - Event wekatrace10_0b4a56f22f01dc235b7ce1cc3aeabd6943e8:event_275_parent_turn_125 skipping — predecessor failed
2026-09-03 16:23:42,363 - inference_perf.datagen.replay.replay_graph_session_datagen - INFO - Event wekatrace10_0b4a56f22f01dc235b7ce1cc3aeabd6943e8:event_249_sa_subagent_006_30a5a208_s0_turn_14 skipping — predecessor failed
2026-09-03 16:23:42,363 - inference_perf.datagen.replay.replay_graph_session_datagen - INFO - Event wekatrace10_0b4a56f22f01dc235b7ce1cc3aeabd6943e8:event_276_parent_turn_126 skipping — predecessor failed
2026-09-03 16:23:42,363 - inference_perf.datagen.replay.replay_graph_session_datagen - INFO - Event wekatrace10_0b4a56f22f01dc235b7ce1cc3aeabd6943e8:event_250_sa_subagent_006_30a5a208_s0_turn_15 skipping — predecessor failed
2026-09-03 16:23:42,364 - inference_perf.datagen.replay.replay_graph_session_datagen - INFO - Event wekatrace10_0b4a56f22f01dc235b7ce1cc3aeabd6943e8:event_251_sa_subagent_007_0158b938_s0_turn_0 skipping — predecessor failed
2026-09-03 16:23:42,364 - inference_perf.datagen.replay.replay_graph_session_datagen - INFO - Event wekatrace10_0b4a56f22f01dc235b7ce1cc3aeabd6943e8:event_277_parent_turn_127 skipping — predecessor failed
2026-09-03 16:23:42,364 - inference_perf.datagen.replay.replay_graph_session_datagen - INFO - Event wekatrace10_0b4a56f22f01dc235b7ce1cc3aeabd6943e8:event_252_sa_subagent_007_0158b938_s0_turn_1 skipping — predecessor failed
2026-09-03 16:23:42,365 - inference_perf.datagen.replay.replay_graph_session_datagen - INFO - Event wekatrace10_0b4a56f22f01dc235b7ce1cc3aeabd6943e8:event_278_parent_turn_128 skipping — predecessor failed
2026-09-03 16:23:42,365 - inference_perf.datagen.replay.replay_graph_session_datagen - INFO - Event wekatrace10_0b4a56f22f01dc235b7ce1cc3aeabd6943e8:event_253_sa_subagent_007_0158b938_s0_turn_2 skipping — predecessor failed
2026-09-03 16:23:42,365 - inference_perf.datagen.replay.replay_graph_session_datagen - INFO - Event wekatrace10_0b4a56f22f01dc235b7ce1cc3aeabd6943e8:event_279_parent_turn_129 skipping — predecessor failed
2026-09-03 16:23:42,366 - inference_perf.datagen.replay.replay_graph_session_datagen - INFO - Event wekatrace10_0b4a56f22f01dc235b7ce1cc3aeabd6943e8:event_254_sa_subagent_007_0158b938_s0_turn_3 skipping — predecessor failed
2026-09-03 16:23:42,366 - inference_perf.datagen.replay.replay_graph_session_datagen - INFO - Event wekatrace10_0b4a56f22f01dc235b7ce1cc3aeabd6943e8:event_280_parent_turn_130 skipping — predecessor failed
2026-09-03 16:23:42,366 - inference_perf.datagen.replay.replay_graph_session_datagen - INFO - Event wekatrace10_0b4a56f22f01dc235b7ce1cc3aeabd6943e8:event_255_sa_subagent_007_0158b938_s0_turn_4 skipping — predecessor failed
2026-09-03 16:23:42,366 - inference_perf.datagen.replay.replay_graph_session_datagen - INFO - Event wekatrace10_0b4a56f22f01dc235b7ce1cc3aeabd6943e8:event_281_parent_turn_131 skipping — predecessor failed
2026-09-03 16:23:42,366 - inference_perf.datagen.replay.replay_graph_session_datagen - INFO - Event wekatrace10_0b4a56f22f01dc235b7ce1cc3aeabd6943e8:event_256_sa_subagent_007_0158b938_s0_turn_5 skipping — predecessor failed
2026-09-03 16:23:42,366 - inference_perf.datagen.replay.replay_graph_session_datagen - INFO - Event wekatrace10_0b4a56f22f01dc235b7ce1cc3aeabd6943e8:event_282_parent_turn_132 skipping — predecessor failed
2026-09-03 16:23:42,367 - inference_perf.datagen.replay.replay_graph_session_datagen - INFO - Event wekatrace10_0b4a56f22f01dc235b7ce1cc3aeabd6943e8:event_257_sa_subagent_007_0158b938_s0_turn_6 skipping — predecessor failed
2026-09-03 16:23:42,367 - inference_perf.datagen.replay.replay_graph_session_datagen - INFO - Event wekatrace10_0b4a56f22f01dc235b7ce1cc3aeabd6943e8:event_283_parent_turn_133 skipping — predecessor failed
2026-09-03 16:23:42,367 - inference_perf.datagen.replay.replay_graph_session_datagen - INFO - Event wekatrace10_0b4a56f22f01dc235b7ce1cc3aeabd6943e8:event_284_parent_turn_134 skipping — predecessor failed
2026-09-03 16:23:42,368 - inference_perf.datagen.replay.replay_graph_session_datagen - INFO - Event wekatrace10_0b4a56f22f01dc235b7ce1cc3aeabd6943e8:event_258_sa_subagent_007_0158b938_s0_turn_7 skipping — predecessor failed
2026-09-03 16:23:42,368 - inference_perf.datagen.replay.replay_graph_session_datagen - INFO - Event wekatrace10_0b4a56f22f01dc235b7ce1cc3aeabd6943e8:event_285_parent_turn_135 skipping — predecessor failed
2026-09-03 16:23:42,368 - inference_perf.datagen.replay.replay_graph_session_datagen - INFO - Event wekatrace10_0b4a56f22f01dc235b7ce1cc3aeabd6943e8:event_259_sa_subagent_007_0158b938_s0_turn_8 skipping — predecessor failed
2026-09-03 16:23:42,368 - inference_perf.datagen.replay.replay_graph_session_datagen - INFO - Event wekatrace10_0b4a56f22f01dc235b7ce1cc3aeabd6943e8:event_286_parent_turn_136 skipping — predecessor failed
2026-09-03 16:23:42,369 - inference_perf.datagen.replay.replay_graph_session_datagen - INFO - Event wekatrace10_0b4a56f22f01dc235b7ce1cc3aeabd6943e8:event_260_sa_subagent_007_0158b938_s0_turn_9 skipping — predecessor failed
2026-09-03 16:23:42,369 - inference_perf.datagen.replay.replay_graph_session_datagen - INFO - Event wekatrace10_0b4a56f22f01dc235b7ce1cc3aeabd6943e8:event_287_parent_turn_137 skipping — predecessor failed
2026-09-03 16:23:42,369 - inference_perf.datagen.replay.replay_graph_session_datagen - INFO - Event wekatrace10_0b4a56f22f01dc235b7ce1cc3aeabd6943e8:event_288_parent_turn_138 skipping — predecessor failed
2026-09-03 16:23:42,369 - inference_perf.datagen.replay.replay_graph_session_datagen - INFO - Event wekatrace10_0b4a56f22f01dc235b7ce1cc3aeabd6943e8:event_289_parent_turn_139 skipping — predecessor failed
2026-09-03 16:23:42,369 - inference_perf.datagen.replay.replay_graph_session_datagen - INFO - Event wekatrace10_0b4a56f22f01dc235b7ce1cc3aeabd6943e8:event_290_parent_turn_140 skipping — predecessor failed
2026-09-03 16:23:42,370 - inference_perf.datagen.replay.replay_graph_session_datagen - INFO - Event wekatrace10_0b4a56f22f01dc235b7ce1cc3aeabd6943e8:event_291_parent_turn_141 skipping — predecessor failed
2026-09-03 16:23:42,370 - inference_perf.datagen.replay.replay_graph_session_datagen - INFO - Event wekatrace10_0b4a56f22f01dc235b7ce1cc3aeabd6943e8:event_292_parent_turn_142 skipping — predecessor failed
2026-09-03 16:23:42,370 - inference_perf.datagen.replay.replay_graph_session_datagen - INFO - Event wekatrace10_0b4a56f22f01dc235b7ce1cc3aeabd6943e8:event_293_parent_turn_143 skipping — predecessor failed
2026-09-03 16:23:42,370 - inference_perf.datagen.replay.replay_graph_session_datagen - INFO - Event wekatrace10_0b4a56f22f01dc235b7ce1cc3aeabd6943e8:event_294_parent_turn_144 skipping — predecessor failed
2026-09-03 16:23:42,370 - inference_perf.datagen.replay.replay_graph_session_datagen - INFO - Event wekatrace10_0b4a56f22f01dc235b7ce1cc3aeabd6943e8:event_295_parent_turn_145 skipping — predecessor failed
2026-09-03 16:23:42,370 - inference_perf.datagen.replay.replay_graph_session_datagen - INFO - Event wekatrace10_0b4a56f22f01dc235b7ce1cc3aeabd6943e8:event_296_parent_turn_146 skipping — predecessor failed
2026-09-03 16:23:42,370 - inference_perf.datagen.replay.replay_graph_session_datagen - INFO - Event wekatrace10_0b4a56f22f01dc235b7ce1cc3aeabd6943e8:event_297_parent_turn_147 skipping — predecessor failed
2026-09-03 16:23:42,371 - inference_perf.datagen.replay.replay_graph_session_datagen - INFO - Event wekatrace10_0b4a56f22f01dc235b7ce1cc3aeabd6943e8:event_298_parent_turn_148 skipping — predecessor failed
2026-09-03 16:23:42,371 - inference_perf.datagen.replay.replay_graph_session_datagen - INFO - Event wekatrace10_0b4a56f22f01dc235b7ce1cc3aeabd6943e8:event_299_parent_turn_149 skipping — predecessor failed
2026-09-03 16:23:42,371 - inference_perf.datagen.replay.replay_graph_session_datagen - INFO - Event wekatrace10_0b4a56f22f01dc235b7ce1cc3aeabd6943e8:event_300_parent_turn_150 skipping — predecessor failed
2026-09-03 16:23:42,371 - inference_perf.datagen.replay.replay_graph_session_datagen - INFO - Event wekatrace10_0b4a56f22f01dc235b7ce1cc3aeabd6943e8:event_301_parent_turn_151 skipping — predecessor failed
2026-09-03 16:23:42,371 - inference_perf.datagen.replay.replay_graph_session_datagen - INFO - Event wekatrace10_0b4a56f22f01dc235b7ce1cc3aeabd6943e8:event_302_parent_turn_152 skipping — predecessor failed
2026-09-03 16:23:42,371 - inference_perf.datagen.replay.replay_graph_session_datagen - INFO - Event wekatrace10_0b4a56f22f01dc235b7ce1cc3aeabd6943e8:event_303_parent_turn_153 skipping — predecessor failed
2026-09-03 16:23:42,371 - inference_perf.datagen.replay.replay_graph_session_datagen - INFO - Event wekatrace10_0b4a56f22f01dc235b7ce1cc3aeabd6943e8:event_304_parent_turn_154 skipping — predecessor failed
2026-09-03 16:23:42,371 - inference_perf.datagen.replay.replay_graph_session_datagen - INFO - Event wekatrace10_0b4a56f22f01dc235b7ce1cc3aeabd6943e8:event_305_parent_turn_155 skipping — predecessor failed
2026-09-03 16:23:42,375 - inference_perf.datagen.replay.replay_graph_session_datagen - INFO - Event wekatrace10_0b4a56f22f01dc235b7ce1cc3aeabd6943e8:event_306_parent_turn_156 skipping — predecessor failed
2026-09-03 16:23:42,377 - inference_perf.datagen.replay.replay_graph_session_datagen - INFO - Event wekatrace10_0b4a56f22f01dc235b7ce1cc3aeabd6943e8:event_307_parent_turn_157 skipping — predecessor failed
2026-09-03 16:23:42,378 - inference_perf.datagen.replay.replay_graph_session_datagen - INFO - Event wekatrace10_0b4a56f22f01dc235b7ce1cc3aeabd6943e8:event_308_parent_turn_158 skipping — predecessor failed
2026-09-03 16:23:42,378 - inference_perf.datagen.replay.replay_graph_session_datagen - INFO - Event wekatrace10_0b4a56f22f01dc235b7ce1cc3aeabd6943e8:event_309_parent_turn_159 skipping — predecessor failed
2026-09-03 16:23:42,379 - inference_perf.datagen.replay.replay_graph_session_datagen - INFO - Event wekatrace10_0b4a56f22f01dc235b7ce1cc3aeabd6943e8:event_310_parent_turn_160 skipping — predecessor failed
2026-09-03 16:23:42,380 - inference_perf.datagen.replay.replay_graph_session_datagen - INFO - Event wekatrace10_0b4a56f22f01dc235b7ce1cc3aeabd6943e8:event_311_parent_turn_161 skipping — predecessor failed
2026-09-03 16:23:42,380 - inference_perf.datagen.replay.replay_graph_session_datagen - INFO - Event wekatrace10_0b4a56f22f01dc235b7ce1cc3aeabd6943e8:event_312_parent_turn_162 skipping — predecessor failed
2026-09-03 16:23:42,380 - inference_perf.datagen.replay.replay_graph_session_datagen - INFO - Event wekatrace10_0b4a56f22f01dc235b7ce1cc3aeabd6943e8:event_313_parent_turn_163 skipping — predecessor failed
2026-09-03 16:23:42,381 - inference_perf.datagen.replay.replay_graph_session_datagen - INFO - Event wekatrace10_0b4a56f22f01dc235b7ce1cc3aeabd6943e8:event_314_parent_turn_164 skipping — predecessor failed
2026-09-03 16:23:42,381 - inference_perf.datagen.replay.replay_graph_session_datagen - INFO - Event wekatrace10_0b4a56f22f01dc235b7ce1cc3aeabd6943e8:event_315_parent_turn_165 skipping — predecessor failed
2026-09-03 16:23:42,381 - inference_perf.datagen.replay.replay_graph_session_datagen - INFO - Event wekatrace10_0b4a56f22f01dc235b7ce1cc3aeabd6943e8:event_316_parent_turn_166 skipping — predecessor failed
2026-09-03 16:23:42,381 - inference_perf.datagen.replay.replay_graph_session_datagen - INFO - Event wekatrace10_0b4a56f22f01dc235b7ce1cc3aeabd6943e8:event_317_parent_turn_167 skipping — predecessor failed
2026-09-03 16:23:42,381 - inference_perf.datagen.replay.replay_graph_session_datagen - INFO - Event wekatrace10_0b4a56f22f01dc235b7ce1cc3aeabd6943e8:event_318_parent_turn_168 skipping — predecessor failed
2026-09-03 16:23:42,381 - inference_perf.datagen.replay.replay_graph_session_datagen - INFO - Event wekatrace10_0b4a56f22f01dc235b7ce1cc3aeabd6943e8:event_319_parent_turn_169 skipping — predecessor failed
2026-09-03 16:23:42,382 - inference_perf.datagen.replay.replay_graph_session_datagen - INFO - Event wekatrace10_0b4a56f22f01dc235b7ce1cc3aeabd6943e8:event_320_parent_turn_170 skipping — predecessor failed
2026-09-03 16:23:42,382 - inference_perf.datagen.replay.replay_graph_session_datagen - INFO - Event wekatrace10_0b4a56f22f01dc235b7ce1cc3aeabd6943e8:event_321_parent_turn_171 skipping — predecessor failed
2026-09-03 16:23:42,382 - inference_perf.datagen.replay.replay_graph_session_datagen - INFO - Event wekatrace10_0b4a56f22f01dc235b7ce1cc3aeabd6943e8:event_322_parent_turn_172 skipping — predecessor failed
2026-09-03 16:23:42,382 - inference_perf.datagen.replay.replay_graph_session_datagen - INFO - Event wekatrace10_0b4a56f22f01dc235b7ce1cc3aeabd6943e8:event_323_parent_turn_173 skipping — predecessor failed
2026-09-03 16:23:42,383 - inference_perf.datagen.replay.replay_graph_session_datagen - INFO - Event wekatrace10_0b4a56f22f01dc235b7ce1cc3aeabd6943e8:event_324_parent_turn_174 skipping — predecessor failed
2026-09-03 16:23:42,383 - inference_perf.datagen.replay.replay_graph_session_datagen - INFO - Event wekatrace10_0b4a56f22f01dc235b7ce1cc3aeabd6943e8:event_325_parent_turn_175 skipping — predecessor failed
2026-09-03 16:23:42,384 - inference_perf.datagen.replay.replay_graph_session_datagen - INFO - Event wekatrace10_0b4a56f22f01dc235b7ce1cc3aeabd6943e8:event_326_parent_turn_176 skipping — predecessor failed
2026-09-03 16:23:42,384 - inference_perf.datagen.replay.replay_graph_session_datagen - INFO - Event wekatrace10_0b4a56f22f01dc235b7ce1cc3aeabd6943e8:event_327_parent_turn_177 skipping — predecessor failed
2026-09-03 16:23:42,384 - inference_perf.datagen.replay.replay_graph_session_datagen - INFO - Event wekatrace10_0b4a56f22f01dc235b7ce1cc3aeabd6943e8:event_328_parent_turn_178 skipping — predecessor failed
2026-09-03 16:23:42,384 - inference_perf.datagen.replay.replay_graph_session_datagen - INFO - Event wekatrace10_0b4a56f22f01dc235b7ce1cc3aeabd6943e8:event_329_parent_turn_179 skipping — predecessor failed
2026-09-03 16:23:42,384 - inference_perf.datagen.replay.replay_graph_session_datagen - INFO - Event wekatrace10_0b4a56f22f01dc235b7ce1cc3aeabd6943e8:event_330_parent_turn_180 skipping — predecessor failed
2026-09-03 16:23:42,384 - inference_perf.datagen.replay.replay_graph_session_datagen - INFO - Event wekatrace10_0b4a56f22f01dc235b7ce1cc3aeabd6943e8:event_331_parent_turn_181 skipping — predecessor failed
2026-09-03 16:23:42,385 - inference_perf.datagen.replay.replay_graph_session_datagen - INFO - Event wekatrace10_0b4a56f22f01dc235b7ce1cc3aeabd6943e8:event_332_parent_turn_182 skipping — predecessor failed
2026-09-03 16:23:42,385 - inference_perf.datagen.replay.replay_graph_session_datagen - INFO - Event wekatrace10_0b4a56f22f01dc235b7ce1cc3aeabd6943e8:event_333_parent_turn_183 skipping — predecessor failed
2026-09-03 16:23:42,385 - inference_perf.datagen.replay.replay_graph_session_datagen - INFO - Event wekatrace10_0b4a56f22f01dc235b7ce1cc3aeabd6943e8:event_334_parent_turn_184 skipping — predecessor failed
2026-09-03 16:23:42,385 - inference_perf.datagen.replay.replay_graph_session_datagen - INFO - Event wekatrace10_0b4a56f22f01dc235b7ce1cc3aeabd6943e8:event_335_parent_turn_185 skipping — predecessor failed
2026-09-03 16:23:42,385 - inference_perf.datagen.replay.replay_graph_session_datagen - INFO - Event wekatrace10_0b4a56f22f01dc235b7ce1cc3aeabd6943e8:event_336_parent_turn_186 skipping — predecessor failed
2026-09-03 16:23:42,385 - inference_perf.datagen.replay.replay_graph_session_datagen - INFO - Event wekatrace10_0b4a56f22f01dc235b7ce1cc3aeabd6943e8:event_337_parent_turn_187 skipping — predecessor failed
2026-09-03 16:23:42,386 - inference_perf.datagen.replay.replay_graph_session_datagen - INFO - Event wekatrace10_0b4a56f22f01dc235b7ce1cc3aeabd6943e8:event_338_parent_turn_188 skipping — predecessor failed
2026-09-03 16:23:42,386 - inference_perf.datagen.replay.replay_graph_session_datagen - INFO - Event wekatrace10_0b4a56f22f01dc235b7ce1cc3aeabd6943e8:event_339_parent_turn_189 skipping — predecessor failed
2026-09-03 16:23:42,386 - inference_perf.datagen.replay.replay_graph_session_datagen - INFO - Event wekatrace10_0b4a56f22f01dc235b7ce1cc3aeabd6943e8:event_340_parent_turn_190 skipping — predecessor failed
2026-09-03 16:23:42,386 - inference_perf.datagen.replay.replay_graph_session_datagen - INFO - Event wekatrace10_0b4a56f22f01dc235b7ce1cc3aeabd6943e8:event_341_parent_turn_191 skipping — predecessor failed
2026-09-03 16:23:42,386 - inference_perf.datagen.replay.replay_graph_session_datagen - INFO - Event wekatrace10_0b4a56f22f01dc235b7ce1cc3aeabd6943e8:event_342_parent_turn_192 skipping — predecessor failed
2026-09-03 16:23:42,386 - inference_perf.datagen.replay.replay_graph_session_datagen - INFO - Event wekatrace10_0b4a56f22f01dc235b7ce1cc3aeabd6943e8:event_343_parent_turn_193 skipping — predecessor failed
2026-09-03 16:23:42,386 - inference_perf.datagen.replay.replay_graph_session_datagen - INFO - Event wekatrace10_0b4a56f22f01dc235b7ce1cc3aeabd6943e8:event_344_parent_turn_194 skipping — predecessor failed
2026-09-03 16:23:42,387 - inference_perf.datagen.replay.replay_graph_session_datagen - INFO - Event wekatrace10_0b4a56f22f01dc235b7ce1cc3aeabd6943e8:event_345_sa_subagent_008_fed3562b_s0_turn_0 skipping — predecessor failed
2026-09-03 16:23:42,387 - inference_perf.datagen.replay.replay_graph_session_datagen - INFO - Event wekatrace10_0b4a56f22f01dc235b7ce1cc3aeabd6943e8:event_368_parent_turn_195 skipping — predecessor failed
2026-09-03 16:23:42,387 - inference_perf.datagen.replay.replay_graph_session_datagen - INFO - Event wekatrace10_0b4a56f22f01dc235b7ce1cc3aeabd6943e8:event_346_sa_subagent_008_fed3562b_s0_turn_1 skipping — predecessor failed
2026-09-03 16:23:42,387 - inference_perf.datagen.replay.replay_graph_session_datagen - INFO - Event wekatrace10_0b4a56f22f01dc235b7ce1cc3aeabd6943e8:event_369_parent_turn_196 skipping — predecessor failed
2026-09-03 16:23:42,387 - inference_perf.datagen.replay.replay_graph_session_datagen - INFO - Event wekatrace10_0b4a56f22f01dc235b7ce1cc3aeabd6943e8:event_370_parent_turn_197 skipping — predecessor failed
2026-09-03 16:23:42,387 - inference_perf.datagen.replay.replay_graph_session_datagen - INFO - Event wekatrace10_0b4a56f22f01dc235b7ce1cc3aeabd6943e8:event_347_sa_subagent_008_fed3562b_s0_turn_2 skipping — predecessor failed
2026-09-03 16:23:42,387 - inference_perf.datagen.replay.replay_graph_session_datagen - INFO - Event wekatrace10_0b4a56f22f01dc235b7ce1cc3aeabd6943e8:event_371_parent_turn_198 skipping — predecessor failed
2026-09-03 16:23:42,387 - inference_perf.datagen.replay.replay_graph_session_datagen - INFO - Event wekatrace10_0b4a56f22f01dc235b7ce1cc3aeabd6943e8:event_348_sa_subagent_008_fed3562b_s0_turn_3 skipping — predecessor failed
2026-09-03 16:23:42,388 - inference_perf.datagen.replay.replay_graph_session_datagen - INFO - Event wekatrace10_0b4a56f22f01dc235b7ce1cc3aeabd6943e8:event_372_parent_turn_199 skipping — predecessor failed
2026-09-03 16:23:42,388 - inference_perf.datagen.replay.replay_graph_session_datagen - INFO - Event wekatrace10_0b4a56f22f01dc235b7ce1cc3aeabd6943e8:event_349_sa_subagent_008_fed3562b_s0_turn_4 skipping — predecessor failed
2026-09-03 16:23:42,388 - inference_perf.datagen.replay.replay_graph_session_datagen - INFO - Event wekatrace10_0b4a56f22f01dc235b7ce1cc3aeabd6943e8:event_373_parent_turn_200 skipping — predecessor failed
2026-09-03 16:23:42,388 - inference_perf.datagen.replay.replay_graph_session_datagen - INFO - Event wekatrace10_0b4a56f22f01dc235b7ce1cc3aeabd6943e8:event_350_sa_subagent_008_fed3562b_s0_turn_5 skipping — predecessor failed
2026-09-03 16:23:42,388 - inference_perf.datagen.replay.replay_graph_session_datagen - INFO - Event wekatrace10_0b4a56f22f01dc235b7ce1cc3aeabd6943e8:event_374_parent_turn_201 skipping — predecessor failed
2026-09-03 16:23:42,388 - inference_perf.datagen.replay.replay_graph_session_datagen - INFO - Event wekatrace10_0b4a56f22f01dc235b7ce1cc3aeabd6943e8:event_351_sa_subagent_008_fed3562b_s0_turn_6 skipping — predecessor failed
2026-09-03 16:23:42,388 - inference_perf.datagen.replay.replay_graph_session_datagen - INFO - Event wekatrace10_0b4a56f22f01dc235b7ce1cc3aeabd6943e8:event_375_parent_turn_202 skipping — predecessor failed
2026-09-03 16:23:42,388 - inference_perf.datagen.replay.replay_graph_session_datagen - INFO - Event wekatrace10_0b4a56f22f01dc235b7ce1cc3aeabd6943e8:event_352_sa_subagent_008_fed3562b_s0_turn_7 skipping — predecessor failed
2026-09-03 16:23:42,389 - inference_perf.datagen.replay.replay_graph_session_datagen - INFO - Event wekatrace10_0b4a56f22f01dc235b7ce1cc3aeabd6943e8:event_376_parent_turn_203 skipping — predecessor failed
2026-09-03 16:23:42,389 - inference_perf.datagen.replay.replay_graph_session_datagen - INFO - Event wekatrace10_0b4a56f22f01dc235b7ce1cc3aeabd6943e8:event_353_sa_subagent_008_fed3562b_s0_turn_8 skipping — predecessor failed
2026-09-03 16:23:42,389 - inference_perf.datagen.replay.replay_graph_session_datagen - INFO - Event wekatrace10_0b4a56f22f01dc235b7ce1cc3aeabd6943e8:event_377_parent_turn_204 skipping — predecessor failed
2026-09-03 16:23:42,389 - inference_perf.datagen.replay.replay_graph_session_datagen - INFO - Event wekatrace10_0b4a56f22f01dc235b7ce1cc3aeabd6943e8:event_378_parent_turn_205 skipping — predecessor failed
2026-09-03 16:23:42,389 - inference_perf.datagen.replay.replay_graph_session_datagen - INFO - Event wekatrace10_0b4a56f22f01dc235b7ce1cc3aeabd6943e8:event_354_sa_subagent_008_fed3562b_s0_turn_9 skipping — predecessor failed
2026-09-03 16:23:42,389 - inference_perf.datagen.replay.replay_graph_session_datagen - INFO - Event wekatrace10_0b4a56f22f01dc235b7ce1cc3aeabd6943e8:event_379_parent_turn_206 skipping — predecessor failed
2026-09-03 16:23:42,390 - inference_perf.datagen.replay.replay_graph_session_datagen - INFO - Event wekatrace10_0b4a56f22f01dc235b7ce1cc3aeabd6943e8:event_355_sa_subagent_008_fed3562b_s0_turn_10 skipping — predecessor failed
2026-09-03 16:23:42,390 - inference_perf.datagen.replay.replay_graph_session_datagen - INFO - Event wekatrace10_0b4a56f22f01dc235b7ce1cc3aeabd6943e8:event_380_parent_turn_207 skipping — predecessor failed
2026-09-03 16:23:42,390 - inference_perf.datagen.replay.replay_graph_session_datagen - INFO - Event wekatrace10_0b4a56f22f01dc235b7ce1cc3aeabd6943e8:event_356_sa_subagent_008_fed3562b_s0_turn_11 skipping — predecessor failed
2026-09-03 16:23:42,390 - inference_perf.datagen.replay.replay_graph_session_datagen - INFO - Event wekatrace10_0b4a56f22f01dc235b7ce1cc3aeabd6943e8:event_381_parent_turn_208 skipping — predecessor failed
2026-09-03 16:23:42,390 - inference_perf.datagen.replay.replay_graph_session_datagen - INFO - Event wekatrace10_0b4a56f22f01dc235b7ce1cc3aeabd6943e8:event_357_sa_subagent_008_fed3562b_s0_turn_12 skipping — predecessor failed
2026-09-03 16:23:42,390 - inference_perf.datagen.replay.replay_graph_session_datagen - INFO - Event wekatrace10_0b4a56f22f01dc235b7ce1cc3aeabd6943e8:event_358_sa_subagent_009_0768ce5f_s0_turn_0 skipping — predecessor failed
2026-09-03 16:23:42,390 - inference_perf.datagen.replay.replay_graph_session_datagen - INFO - Event wekatrace10_0b4a56f22f01dc235b7ce1cc3aeabd6943e8:event_382_parent_turn_209 skipping — predecessor failed
2026-09-03 16:23:42,390 - inference_perf.datagen.replay.replay_graph_session_datagen - INFO - Event wekatrace10_0b4a56f22f01dc235b7ce1cc3aeabd6943e8:event_359_sa_subagent_009_0768ce5f_s0_turn_1 skipping — predecessor failed
2026-09-03 16:23:42,391 - inference_perf.datagen.replay.replay_graph_session_datagen - INFO - Event wekatrace10_0b4a56f22f01dc235b7ce1cc3aeabd6943e8:event_383_parent_turn_210 skipping — predecessor failed
2026-09-03 16:23:42,391 - inference_perf.datagen.replay.replay_graph_session_datagen - INFO - Event wekatrace10_0b4a56f22f01dc235b7ce1cc3aeabd6943e8:event_360_sa_subagent_009_0768ce5f_s0_turn_2 skipping — predecessor failed
2026-09-03 16:23:42,391 - inference_perf.datagen.replay.replay_graph_session_datagen - INFO - Event wekatrace10_0b4a56f22f01dc235b7ce1cc3aeabd6943e8:event_384_parent_turn_211 skipping — predecessor failed
2026-09-03 16:23:42,391 - inference_perf.datagen.replay.replay_graph_session_datagen - INFO - Event wekatrace10_0b4a56f22f01dc235b7ce1cc3aeabd6943e8:event_385_parent_turn_212 skipping — predecessor failed
2026-09-03 16:23:42,391 - inference_perf.datagen.replay.replay_graph_session_datagen - INFO - Event wekatrace10_0b4a56f22f01dc235b7ce1cc3aeabd6943e8:event_361_sa_subagent_009_0768ce5f_s0_turn_3 skipping — predecessor failed
2026-09-03 16:23:42,391 - inference_perf.datagen.replay.replay_graph_session_datagen - INFO - Event wekatrace10_0b4a56f22f01dc235b7ce1cc3aeabd6943e8:event_386_parent_turn_213 skipping — predecessor failed
2026-09-03 16:23:42,391 - inference_perf.datagen.replay.replay_graph_session_datagen - INFO - Event wekatrace10_0b4a56f22f01dc235b7ce1cc3aeabd6943e8:event_362_sa_subagent_009_0768ce5f_s0_turn_4 skipping — predecessor failed
2026-09-03 16:23:42,392 - inference_perf.datagen.replay.replay_graph_session_datagen - INFO - Event wekatrace10_0b4a56f22f01dc235b7ce1cc3aeabd6943e8:event_387_parent_turn_214 skipping — predecessor failed
2026-09-03 16:23:42,393 - inference_perf.datagen.replay.replay_graph_session_datagen - INFO - Event wekatrace10_0b4a56f22f01dc235b7ce1cc3aeabd6943e8:event_363_sa_subagent_009_0768ce5f_s0_turn_5 skipping — predecessor failed
2026-09-03 16:23:42,394 - inference_perf.datagen.replay.replay_graph_session_datagen - INFO - Event wekatrace10_0b4a56f22f01dc235b7ce1cc3aeabd6943e8:event_388_parent_turn_215 skipping — predecessor failed
2026-09-03 16:23:42,394 - inference_perf.datagen.replay.replay_graph_session_datagen - INFO - Event wekatrace10_0b4a56f22f01dc235b7ce1cc3aeabd6943e8:event_364_sa_subagent_009_0768ce5f_s0_turn_6 skipping — predecessor failed
2026-09-03 16:23:42,394 - inference_perf.datagen.replay.replay_graph_session_datagen - INFO - Event wekatrace10_0b4a56f22f01dc235b7ce1cc3aeabd6943e8:event_389_parent_turn_216 skipping — predecessor failed
2026-09-03 16:23:42,394 - inference_perf.datagen.replay.replay_graph_session_datagen - INFO - Event wekatrace10_0b4a56f22f01dc235b7ce1cc3aeabd6943e8:event_365_sa_subagent_009_0768ce5f_s0_turn_7 skipping — predecessor failed
2026-09-03 16:23:42,395 - inference_perf.datagen.replay.replay_graph_session_datagen - INFO - Event wekatrace10_0b4a56f22f01dc235b7ce1cc3aeabd6943e8:event_390_parent_turn_217 skipping — predecessor failed
2026-09-03 16:23:42,395 - inference_perf.datagen.replay.replay_graph_session_datagen - INFO - Event wekatrace10_0b4a56f22f01dc235b7ce1cc3aeabd6943e8:event_366_sa_subagent_009_0768ce5f_s0_turn_8 skipping — predecessor failed
2026-09-03 16:23:42,396 - inference_perf.datagen.replay.replay_graph_session_datagen - INFO - Event wekatrace10_0b4a56f22f01dc235b7ce1cc3aeabd6943e8:event_391_parent_turn_218 skipping — predecessor failed
2026-09-03 16:23:42,396 - inference_perf.datagen.replay.replay_graph_session_datagen - INFO - Event wekatrace10_0b4a56f22f01dc235b7ce1cc3aeabd6943e8:event_367_sa_subagent_009_0768ce5f_s0_turn_9 skipping — predecessor failed
2026-09-03 16:23:42,397 - inference_perf.datagen.replay.replay_graph_session_datagen - INFO - Event wekatrace10_0b4a56f22f01dc235b7ce1cc3aeabd6943e8:event_392_parent_turn_219 skipping — predecessor failed
2026-09-03 16:23:42,398 - inference_perf.datagen.replay.replay_graph_session_datagen - INFO - Event wekatrace10_0b4a56f22f01dc235b7ce1cc3aeabd6943e8:event_393_parent_turn_220 skipping — predecessor failed
2026-09-03 16:23:42,398 - inference_perf.datagen.replay.replay_graph_session_datagen - INFO - Event wekatrace10_0b4a56f22f01dc235b7ce1cc3aeabd6943e8:event_394_parent_turn_221 skipping — predecessor failed
2026-09-03 16:23:42,399 - inference_perf.datagen.replay.replay_graph_session_datagen - INFO - Event wekatrace10_0b4a56f22f01dc235b7ce1cc3aeabd6943e8:event_395_parent_turn_222 skipping — predecessor failed
2026-09-03 16:23:42,399 - inference_perf.datagen.replay.replay_graph_session_datagen - INFO - Event wekatrace10_0b4a56f22f01dc235b7ce1cc3aeabd6943e8:event_396_parent_turn_223 skipping — predecessor failed
2026-09-03 16:23:42,399 - inference_perf.datagen.replay.replay_graph_session_datagen - INFO - Event wekatrace10_0b4a56f22f01dc235b7ce1cc3aeabd6943e8:event_397_parent_turn_224 skipping — predecessor failed
2026-09-03 16:23:42,399 - inference_perf.datagen.replay.replay_graph_session_datagen - INFO - Event wekatrace10_0b4a56f22f01dc235b7ce1cc3aeabd6943e8:event_398_parent_turn_225 skipping — predecessor failed
2026-09-03 16:23:42,399 - inference_perf.datagen.replay.replay_graph_session_datagen - INFO - Event wekatrace10_0b4a56f22f01dc235b7ce1cc3aeabd6943e8:event_399_parent_turn_226 skipping — predecessor failed
2026-09-03 16:23:42,400 - inference_perf.datagen.replay.replay_graph_session_datagen - INFO - Event wekatrace10_0b4a56f22f01dc235b7ce1cc3aeabd6943e8:event_400_parent_turn_227 skipping — predecessor failed
2026-09-03 16:23:42,400 - inference_perf.datagen.replay.replay_graph_session_datagen - INFO - Event wekatrace10_0b4a56f22f01dc235b7ce1cc3aeabd6943e8:event_401_parent_turn_228 skipping — predecessor failed
2026-09-03 16:23:42,400 - inference_perf.datagen.replay.replay_graph_session_datagen - INFO - Event wekatrace10_0b4a56f22f01dc235b7ce1cc3aeabd6943e8:event_402_parent_turn_229 skipping — predecessor failed
2026-09-03 16:23:42,401 - inference_perf.datagen.replay.replay_graph_session_datagen - INFO - Event wekatrace10_0b4a56f22f01dc235b7ce1cc3aeabd6943e8:event_403_parent_turn_230 skipping — predecessor failed
2026-09-03 16:23:42,401 - inference_perf.datagen.replay.replay_graph_session_datagen - INFO - Event wekatrace10_0b4a56f22f01dc235b7ce1cc3aeabd6943e8:event_404_parent_turn_231 skipping — predecessor failed
2026-09-03 16:23:42,401 - inference_perf.datagen.replay.replay_graph_session_datagen - INFO - Event wekatrace10_0b4a56f22f01dc235b7ce1cc3aeabd6943e8:event_405_parent_turn_232 skipping — predecessor failed
2026-09-03 16:23:42,401 - inference_perf.datagen.replay.replay_graph_session_datagen - INFO - Event wekatrace10_0b4a56f22f01dc235b7ce1cc3aeabd6943e8:event_406_parent_turn_233 skipping — predecessor failed
2026-09-03 16:23:42,401 - inference_perf.datagen.replay.replay_graph_session_datagen - INFO - Event wekatrace10_0b4a56f22f01dc235b7ce1cc3aeabd6943e8:event_407_parent_turn_234 skipping — predecessor failed
2026-09-03 16:23:42,402 - inference_perf.datagen.replay.replay_graph_session_datagen - INFO - Event wekatrace10_0b4a56f22f01dc235b7ce1cc3aeabd6943e8:event_408_parent_turn_235 skipping — predecessor failed
2026-09-03 16:23:42,402 - inference_perf.datagen.replay.replay_graph_session_datagen - INFO - Event wekatrace10_0b4a56f22f01dc235b7ce1cc3aeabd6943e8:event_409_parent_turn_236 skipping — predecessor failed
2026-09-03 16:23:42,402 - inference_perf.datagen.replay.replay_graph_session_datagen - INFO - Event wekatrace10_0b4a56f22f01dc235b7ce1cc3aeabd6943e8:event_410_parent_turn_237 skipping — predecessor failed
2026-09-03 16:23:42,402 - inference_perf.datagen.replay.replay_graph_session_datagen - INFO - Event wekatrace10_0b4a56f22f01dc235b7ce1cc3aeabd6943e8:event_411_parent_turn_238 skipping — predecessor failed
2026-09-03 16:23:42,402 - inference_perf.datagen.replay.replay_graph_session_datagen - INFO - Event wekatrace10_0b4a56f22f01dc235b7ce1cc3aeabd6943e8:event_412_parent_turn_239 skipping — predecessor failed
2026-09-03 16:23:42,402 - inference_perf.datagen.replay.replay_graph_session_datagen - INFO - Event wekatrace10_0b4a56f22f01dc235b7ce1cc3aeabd6943e8:event_413_parent_turn_240 skipping — predecessor failed
2026-09-03 16:23:42,403 - inference_perf.datagen.replay.replay_graph_session_datagen - INFO - Event wekatrace10_0b4a56f22f01dc235b7ce1cc3aeabd6943e8:event_414_parent_turn_241 skipping — predecessor failed
2026-09-03 16:23:42,403 - inference_perf.datagen.replay.replay_graph_session_datagen - INFO - Event wekatrace10_0b4a56f22f01dc235b7ce1cc3aeabd6943e8:event_415_parent_turn_242 skipping — predecessor failed
2026-09-03 16:23:42,403 - inference_perf.datagen.replay.replay_graph_session_datagen - INFO - Event wekatrace10_0b4a56f22f01dc235b7ce1cc3aeabd6943e8:event_416_parent_turn_243 skipping — predecessor failed
2026-09-03 16:23:42,403 - inference_perf.datagen.replay.replay_graph_session_datagen - INFO - Event wekatrace10_0b4a56f22f01dc235b7ce1cc3aeabd6943e8:event_417_parent_turn_244 skipping — predecessor failed
2026-09-03 16:23:42,403 - inference_perf.datagen.replay.replay_graph_session_datagen - INFO - Event wekatrace10_0b4a56f22f01dc235b7ce1cc3aeabd6943e8:event_418_parent_turn_245 skipping — predecessor failed
2026-09-03 16:23:42,404 - inference_perf.datagen.replay.replay_graph_session_datagen - INFO - Event wekatrace10_0b4a56f22f01dc235b7ce1cc3aeabd6943e8:event_419_sa_subagent_010_16075c9a_s0_turn_0 skipping — predecessor failed
2026-09-03 16:23:42,404 - inference_perf.datagen.replay.replay_graph_session_datagen - INFO - Event wekatrace10_0b4a56f22f01dc235b7ce1cc3aeabd6943e8:event_485_parent_turn_246 skipping — predecessor failed
2026-09-03 16:23:42,404 - inference_perf.datagen.replay.replay_graph_session_datagen - INFO - Event wekatrace10_0b4a56f22f01dc235b7ce1cc3aeabd6943e8:event_420_sa_subagent_010_16075c9a_s0_turn_1 skipping — predecessor failed
2026-09-03 16:23:42,404 - inference_perf.datagen.replay.replay_graph_session_datagen - INFO - Event wekatrace10_0b4a56f22f01dc235b7ce1cc3aeabd6943e8:event_486_parent_turn_247 skipping — predecessor failed
2026-09-03 16:23:42,404 - inference_perf.datagen.replay.replay_graph_session_datagen - INFO - Event wekatrace10_0b4a56f22f01dc235b7ce1cc3aeabd6943e8:event_421_sa_subagent_010_16075c9a_s0_turn_2 skipping — predecessor failed
2026-09-03 16:23:42,405 - inference_perf.datagen.replay.replay_graph_session_datagen - INFO - Event wekatrace10_0b4a56f22f01dc235b7ce1cc3aeabd6943e8:event_487_sa_subagent_013_0c71ca73_s0_turn_0 skipping — predecessor failed
2026-09-03 16:23:42,405 - inference_perf.datagen.replay.replay_graph_session_datagen - INFO - Event wekatrace10_0b4a56f22f01dc235b7ce1cc3aeabd6943e8:event_511_parent_turn_248 skipping — predecessor failed
2026-09-03 16:23:42,405 - inference_perf.datagen.replay.replay_graph_session_datagen - INFO - Event wekatrace10_0b4a56f22f01dc235b7ce1cc3aeabd6943e8:event_422_sa_subagent_010_16075c9a_s0_turn_3 skipping — predecessor failed
2026-09-03 16:23:42,405 - inference_perf.datagen.replay.replay_graph_session_datagen - INFO - Event wekatrace10_0b4a56f22f01dc235b7ce1cc3aeabd6943e8:event_488_sa_subagent_013_0c71ca73_s0_turn_1 skipping — predecessor failed
2026-09-03 16:23:42,405 - inference_perf.datagen.replay.replay_graph_session_datagen - INFO - Event wekatrace10_0b4a56f22f01dc235b7ce1cc3aeabd6943e8:event_512_parent_turn_249 skipping — predecessor failed
2026-09-03 16:23:42,405 - inference_perf.datagen.replay.replay_graph_session_datagen - INFO - Event wekatrace10_0b4a56f22f01dc235b7ce1cc3aeabd6943e8:event_423_sa_subagent_010_16075c9a_s0_turn_4 skipping — predecessor failed
2026-09-03 16:23:42,405 - inference_perf.datagen.replay.replay_graph_session_datagen - INFO - Event wekatrace10_0b4a56f22f01dc235b7ce1cc3aeabd6943e8:event_489_sa_subagent_013_0c71ca73_s0_turn_2 skipping — predecessor failed
2026-09-03 16:23:42,405 - inference_perf.datagen.replay.replay_graph_session_datagen - INFO - Event wekatrace10_0b4a56f22f01dc235b7ce1cc3aeabd6943e8:event_513_parent_turn_250 skipping — predecessor failed
2026-09-03 16:23:42,406 - inference_perf.datagen.replay.replay_graph_session_datagen - INFO - Event wekatrace10_0b4a56f22f01dc235b7ce1cc3aeabd6943e8:event_424_sa_subagent_010_16075c9a_s0_turn_5 skipping — predecessor failed
2026-09-03 16:23:42,406 - inference_perf.datagen.replay.replay_graph_session_datagen - INFO - Event wekatrace10_0b4a56f22f01dc235b7ce1cc3aeabd6943e8:event_490_sa_subagent_013_0c71ca73_s0_turn_3 skipping — predecessor failed
2026-09-03 16:23:42,406 - inference_perf.datagen.replay.replay_graph_session_datagen - INFO - Event wekatrace10_0b4a56f22f01dc235b7ce1cc3aeabd6943e8:event_514_parent_turn_251 skipping — predecessor failed
2026-09-03 16:23:42,406 - inference_perf.datagen.replay.replay_graph_session_datagen - INFO - Event wekatrace10_0b4a56f22f01dc235b7ce1cc3aeabd6943e8:event_425_sa_subagent_010_16075c9a_s0_turn_6 skipping — predecessor failed
2026-09-03 16:23:42,406 - inference_perf.datagen.replay.replay_graph_session_datagen - INFO - Event wekatrace10_0b4a56f22f01dc235b7ce1cc3aeabd6943e8:event_491_sa_subagent_013_0c71ca73_s0_turn_4 skipping — predecessor failed
2026-09-03 16:23:42,406 - inference_perf.datagen.replay.replay_graph_session_datagen - INFO - Event wekatrace10_0b4a56f22f01dc235b7ce1cc3aeabd6943e8:event_515_parent_turn_252 skipping — predecessor failed
2026-09-03 16:23:42,406 - inference_perf.datagen.replay.replay_graph_session_datagen - INFO - Event wekatrace10_0b4a56f22f01dc235b7ce1cc3aeabd6943e8:event_426_sa_subagent_010_16075c9a_s0_turn_7 skipping — predecessor failed
2026-09-03 16:23:42,407 - inference_perf.datagen.replay.replay_graph_session_datagen - INFO - Event wekatrace10_0b4a56f22f01dc235b7ce1cc3aeabd6943e8:event_492_sa_subagent_013_0c71ca73_s0_turn_5 skipping — predecessor failed
2026-09-03 16:23:42,407 - inference_perf.datagen.replay.replay_graph_session_datagen - INFO - Event wekatrace10_0b4a56f22f01dc235b7ce1cc3aeabd6943e8:event_516_parent_turn_253 skipping — predecessor failed
2026-09-03 16:23:42,408 - inference_perf.datagen.replay.replay_graph_session_datagen - INFO - Event wekatrace10_0b4a56f22f01dc235b7ce1cc3aeabd6943e8:event_427_sa_subagent_010_16075c9a_s0_turn_8 skipping — predecessor failed
2026-09-03 16:23:42,408 - inference_perf.datagen.replay.replay_graph_session_datagen - INFO - Event wekatrace10_0b4a56f22f01dc235b7ce1cc3aeabd6943e8:event_493_sa_subagent_013_0c71ca73_s0_turn_6 skipping — predecessor failed
2026-09-03 16:23:42,408 - inference_perf.datagen.replay.replay_graph_session_datagen - INFO - Event wekatrace10_0b4a56f22f01dc235b7ce1cc3aeabd6943e8:event_428_sa_subagent_010_16075c9a_s0_turn_9 skipping — predecessor failed
2026-09-03 16:23:42,408 - inference_perf.datagen.replay.replay_graph_session_datagen - INFO - Event wekatrace10_0b4a56f22f01dc235b7ce1cc3aeabd6943e8:event_494_sa_subagent_013_0c71ca73_s0_turn_7 skipping — predecessor failed
2026-09-03 16:23:42,408 - inference_perf.datagen.replay.replay_graph_session_datagen - INFO - Event wekatrace10_0b4a56f22f01dc235b7ce1cc3aeabd6943e8:event_429_sa_subagent_010_16075c9a_s0_turn_10 skipping — predecessor failed
2026-09-03 16:23:42,409 - inference_perf.datagen.replay.replay_graph_session_datagen - INFO - Event wekatrace10_0b4a56f22f01dc235b7ce1cc3aeabd6943e8:event_495_sa_subagent_013_0c71ca73_s0_turn_8 skipping — predecessor failed
2026-09-03 16:23:42,409 - inference_perf.datagen.replay.replay_graph_session_datagen - INFO - Event wekatrace10_0b4a56f22f01dc235b7ce1cc3aeabd6943e8:event_430_sa_subagent_010_16075c9a_s0_turn_11 skipping — predecessor failed
2026-09-03 16:23:42,409 - inference_perf.datagen.replay.replay_graph_session_datagen - INFO - Event wekatrace10_0b4a56f22f01dc235b7ce1cc3aeabd6943e8:event_496_sa_subagent_013_0c71ca73_s0_turn_9 skipping — predecessor failed
2026-09-03 16:23:42,411 - inference_perf.datagen.replay.replay_graph_session_datagen - INFO - Event wekatrace10_0b4a56f22f01dc235b7ce1cc3aeabd6943e8:event_431_sa_subagent_010_16075c9a_s0_turn_12 skipping — predecessor failed
2026-09-03 16:23:42,412 - inference_perf.datagen.replay.replay_graph_session_datagen - INFO - Event wekatrace10_0b4a56f22f01dc235b7ce1cc3aeabd6943e8:event_497_sa_subagent_013_0c71ca73_s0_turn_10 skipping — predecessor failed
2026-09-03 16:23:42,415 - inference_perf.datagen.replay.replay_graph_session_datagen - INFO - Event wekatrace10_0b4a56f22f01dc235b7ce1cc3aeabd6943e8:event_432_sa_subagent_010_16075c9a_s0_turn_13 skipping — predecessor failed
2026-09-03 16:23:42,416 - inference_perf.datagen.replay.replay_graph_session_datagen - INFO - Event wekatrace10_0b4a56f22f01dc235b7ce1cc3aeabd6943e8:event_498_sa_subagent_013_0c71ca73_s0_turn_11 skipping — predecessor failed
2026-09-03 16:23:42,416 - inference_perf.datagen.replay.replay_graph_session_datagen - INFO - Event wekatrace10_0b4a56f22f01dc235b7ce1cc3aeabd6943e8:event_433_sa_subagent_010_16075c9a_s0_turn_14 skipping — predecessor failed
2026-09-03 16:23:42,416 - inference_perf.datagen.replay.replay_graph_session_datagen - INFO - Event wekatrace10_0b4a56f22f01dc235b7ce1cc3aeabd6943e8:event_499_sa_subagent_013_0c71ca73_s0_turn_12 skipping — predecessor failed
2026-09-03 16:23:42,416 - inference_perf.datagen.replay.replay_graph_session_datagen - INFO - Event wekatrace10_0b4a56f22f01dc235b7ce1cc3aeabd6943e8:event_434_sa_subagent_010_16075c9a_s0_turn_15 skipping — predecessor failed
2026-09-03 16:23:42,417 - inference_perf.datagen.replay.replay_graph_session_datagen - INFO - Event wekatrace10_0b4a56f22f01dc235b7ce1cc3aeabd6943e8:event_500_sa_subagent_013_0c71ca73_s0_turn_13 skipping — predecessor failed
2026-09-03 16:23:42,417 - inference_perf.datagen.replay.replay_graph_session_datagen - INFO - Event wekatrace10_0b4a56f22f01dc235b7ce1cc3aeabd6943e8:event_435_sa_subagent_010_16075c9a_s0_turn_16 skipping — predecessor failed
2026-09-03 16:23:42,417 - inference_perf.datagen.replay.replay_graph_session_datagen - INFO - Event wekatrace10_0b4a56f22f01dc235b7ce1cc3aeabd6943e8:event_501_sa_subagent_013_0c71ca73_s0_turn_14 skipping — predecessor failed
2026-09-03 16:23:42,417 - inference_perf.datagen.replay.replay_graph_session_datagen - INFO - Event wekatrace10_0b4a56f22f01dc235b7ce1cc3aeabd6943e8:event_436_sa_subagent_010_16075c9a_s0_turn_17 skipping — predecessor failed
2026-09-03 16:23:42,417 - inference_perf.datagen.replay.replay_graph_session_datagen - INFO - Event wekatrace10_0b4a56f22f01dc235b7ce1cc3aeabd6943e8:event_502_sa_subagent_013_0c71ca73_s0_turn_15 skipping — predecessor failed
2026-09-03 16:23:42,418 - inference_perf.datagen.replay.replay_graph_session_datagen - INFO - Event wekatrace10_0b4a56f22f01dc235b7ce1cc3aeabd6943e8:event_437_sa_subagent_010_16075c9a_s0_turn_18 skipping — predecessor failed
2026-09-03 16:23:42,418 - inference_perf.datagen.replay.replay_graph_session_datagen - INFO - Event wekatrace10_0b4a56f22f01dc235b7ce1cc3aeabd6943e8:event_503_sa_subagent_013_0c71ca73_s0_turn_16 skipping — predecessor failed
2026-09-03 16:23:42,418 - inference_perf.datagen.replay.replay_graph_session_datagen - INFO - Event wekatrace10_0b4a56f22f01dc235b7ce1cc3aeabd6943e8:event_438_sa_subagent_010_16075c9a_s0_turn_19 skipping — predecessor failed
2026-09-03 16:23:42,418 - inference_perf.datagen.replay.replay_graph_session_datagen - INFO - Event wekatrace10_0b4a56f22f01dc235b7ce1cc3aeabd6943e8:event_504_sa_subagent_013_0c71ca73_s0_turn_17 skipping — predecessor failed
2026-09-03 16:23:42,419 - inference_perf.datagen.replay.replay_graph_session_datagen - INFO - Event wekatrace10_0b4a56f22f01dc235b7ce1cc3aeabd6943e8:event_439_sa_subagent_010_16075c9a_s0_turn_20 skipping — predecessor failed
2026-09-03 16:23:42,420 - inference_perf.datagen.replay.replay_graph_session_datagen - INFO - Event wekatrace10_0b4a56f22f01dc235b7ce1cc3aeabd6943e8:event_505_sa_subagent_013_0c71ca73_s0_turn_18 skipping — predecessor failed
2026-09-03 16:23:42,421 - inference_perf.datagen.replay.replay_graph_session_datagen - INFO - Event wekatrace10_0b4a56f22f01dc235b7ce1cc3aeabd6943e8:event_440_sa_subagent_010_16075c9a_s0_turn_21 skipping — predecessor failed
2026-09-03 16:23:42,421 - inference_perf.datagen.replay.replay_graph_session_datagen - INFO - Event wekatrace10_0b4a56f22f01dc235b7ce1cc3aeabd6943e8:event_441_sa_subagent_011_3349b004_s0_turn_0 skipping — predecessor failed
2026-09-03 16:23:42,421 - inference_perf.datagen.replay.replay_graph_session_datagen - INFO - Event wekatrace10_0b4a56f22f01dc235b7ce1cc3aeabd6943e8:event_506_sa_subagent_013_0c71ca73_s0_turn_19 skipping — predecessor failed
2026-09-03 16:23:42,422 - inference_perf.datagen.replay.replay_graph_session_datagen - INFO - Event wekatrace10_0b4a56f22f01dc235b7ce1cc3aeabd6943e8:event_442_sa_subagent_011_3349b004_s0_turn_1 skipping — predecessor failed
2026-09-03 16:23:42,422 - inference_perf.datagen.replay.replay_graph_session_datagen - INFO - Event wekatrace10_0b4a56f22f01dc235b7ce1cc3aeabd6943e8:event_507_sa_subagent_013_0c71ca73_s0_turn_20 skipping — predecessor failed
2026-09-03 16:23:42,422 - inference_perf.datagen.replay.replay_graph_session_datagen - INFO - Event wekatrace10_0b4a56f22f01dc235b7ce1cc3aeabd6943e8:event_443_sa_subagent_011_3349b004_s0_turn_2 skipping — predecessor failed
2026-09-03 16:23:42,422 - inference_perf.datagen.replay.replay_graph_session_datagen - INFO - Event wekatrace10_0b4a56f22f01dc235b7ce1cc3aeabd6943e8:event_508_sa_subagent_013_0c71ca73_s0_turn_21 skipping — predecessor failed
2026-09-03 16:23:42,422 - inference_perf.datagen.replay.replay_graph_session_datagen - INFO - Event wekatrace10_0b4a56f22f01dc235b7ce1cc3aeabd6943e8:event_444_sa_subagent_011_3349b004_s0_turn_3 skipping — predecessor failed
2026-09-03 16:23:42,423 - inference_perf.datagen.replay.replay_graph_session_datagen - INFO - Event wekatrace10_0b4a56f22f01dc235b7ce1cc3aeabd6943e8:event_509_sa_subagent_013_0c71ca73_s0_turn_22 skipping — predecessor failed
2026-09-03 16:23:42,423 - inference_perf.datagen.replay.replay_graph_session_datagen - INFO - Event wekatrace10_0b4a56f22f01dc235b7ce1cc3aeabd6943e8:event_445_sa_subagent_011_3349b004_s0_turn_4 skipping — predecessor failed
2026-09-03 16:23:42,423 - inference_perf.datagen.replay.replay_graph_session_datagen - INFO - Event wekatrace10_0b4a56f22f01dc235b7ce1cc3aeabd6943e8:event_510_sa_subagent_013_0c71ca73_s0_turn_23 skipping — predecessor failed
2026-09-03 16:23:42,424 - inference_perf.datagen.replay.replay_graph_session_datagen - INFO - Event wekatrace10_0b4a56f22f01dc235b7ce1cc3aeabd6943e8:event_446_sa_subagent_011_3349b004_s0_turn_5 skipping — predecessor failed
2026-09-03 16:23:42,425 - inference_perf.datagen.replay.replay_graph_session_datagen - INFO - Event wekatrace10_0b4a56f22f01dc235b7ce1cc3aeabd6943e8:event_447_sa_subagent_011_3349b004_s0_turn_6 skipping — predecessor failed
2026-09-03 16:23:42,425 - inference_perf.datagen.replay.replay_graph_session_datagen - INFO - Event wekatrace10_0b4a56f22f01dc235b7ce1cc3aeabd6943e8:event_448_sa_subagent_011_3349b004_s0_turn_7 skipping — predecessor failed
2026-09-03 16:23:42,425 - inference_perf.datagen.replay.replay_graph_session_datagen - INFO - Event wekatrace10_0b4a56f22f01dc235b7ce1cc3aeabd6943e8:event_449_sa_subagent_011_3349b004_s0_turn_8 skipping — predecessor failed
2026-09-03 16:23:42,426 - inference_perf.datagen.replay.replay_graph_session_datagen - INFO - Event wekatrace10_0b4a56f22f01dc235b7ce1cc3aeabd6943e8:event_450_sa_subagent_011_3349b004_s0_turn_9 skipping — predecessor failed
2026-09-03 16:23:42,426 - inference_perf.datagen.replay.replay_graph_session_datagen - INFO - Event wekatrace10_0b4a56f22f01dc235b7ce1cc3aeabd6943e8:event_451_sa_subagent_011_3349b004_s0_turn_10 skipping — predecessor failed
2026-09-03 16:23:42,426 - inference_perf.datagen.replay.replay_graph_session_datagen - INFO - Event wekatrace10_0b4a56f22f01dc235b7ce1cc3aeabd6943e8:event_452_sa_subagent_011_3349b004_s0_turn_11 skipping — predecessor failed
2026-09-03 16:23:42,427 - inference_perf.datagen.replay.replay_graph_session_datagen - INFO - Event wekatrace10_0b4a56f22f01dc235b7ce1cc3aeabd6943e8:event_453_sa_subagent_011_3349b004_s0_turn_12 skipping — predecessor failed
2026-09-03 16:23:42,427 - inference_perf.datagen.replay.replay_graph_session_datagen - INFO - Event wekatrace10_0b4a56f22f01dc235b7ce1cc3aeabd6943e8:event_454_sa_subagent_011_3349b004_s0_turn_13 skipping — predecessor failed
2026-09-03 16:23:42,427 - inference_perf.datagen.replay.replay_graph_session_datagen - INFO - Event wekatrace10_0b4a56f22f01dc235b7ce1cc3aeabd6943e8:event_455_sa_subagent_011_3349b004_s0_turn_14 skipping — predecessor failed
2026-09-03 16:23:42,427 - inference_perf.datagen.replay.replay_graph_session_datagen - INFO - Event wekatrace10_0b4a56f22f01dc235b7ce1cc3aeabd6943e8:event_456_sa_subagent_011_3349b004_s0_turn_15 skipping — predecessor failed
2026-09-03 16:23:42,427 - inference_perf.datagen.replay.replay_graph_session_datagen - INFO - Event wekatrace10_0b4a56f22f01dc235b7ce1cc3aeabd6943e8:event_457_sa_subagent_011_3349b004_s0_turn_16 skipping — predecessor failed
2026-09-03 16:23:42,428 - inference_perf.datagen.replay.replay_graph_session_datagen - INFO - Event wekatrace10_0b4a56f22f01dc235b7ce1cc3aeabd6943e8:event_458_sa_subagent_011_3349b004_s0_turn_17 skipping — predecessor failed
2026-09-03 16:23:42,428 - inference_perf.datagen.replay.replay_graph_session_datagen - INFO - Event wekatrace10_0b4a56f22f01dc235b7ce1cc3aeabd6943e8:event_459_sa_subagent_011_3349b004_s0_turn_18 skipping — predecessor failed
2026-09-03 16:23:42,428 - inference_perf.datagen.replay.replay_graph_session_datagen - INFO - Event wekatrace10_0b4a56f22f01dc235b7ce1cc3aeabd6943e8:event_460_sa_subagent_011_3349b004_s0_turn_19 skipping — predecessor failed
2026-09-03 16:23:42,428 - inference_perf.datagen.replay.replay_graph_session_datagen - INFO - Event wekatrace10_0b4a56f22f01dc235b7ce1cc3aeabd6943e8:event_461_sa_subagent_012_4dbabe22_s0_turn_0 skipping — predecessor failed
2026-09-03 16:23:42,429 - inference_perf.datagen.replay.replay_graph_session_datagen - INFO - Event wekatrace10_0b4a56f22f01dc235b7ce1cc3aeabd6943e8:event_462_sa_subagent_012_4dbabe22_s0_turn_1 skipping — predecessor failed
2026-09-03 16:23:42,429 - inference_perf.datagen.replay.replay_graph_session_datagen - INFO - Event wekatrace10_0b4a56f22f01dc235b7ce1cc3aeabd6943e8:event_463_sa_subagent_012_4dbabe22_s0_turn_2 skipping — predecessor failed
2026-09-03 16:23:42,429 - inference_perf.datagen.replay.replay_graph_session_datagen - INFO - Event wekatrace10_0b4a56f22f01dc235b7ce1cc3aeabd6943e8:event_464_sa_subagent_012_4dbabe22_s0_turn_3 skipping — predecessor failed
2026-09-03 16:23:42,430 - inference_perf.datagen.replay.replay_graph_session_datagen - INFO - Event wekatrace10_0b4a56f22f01dc235b7ce1cc3aeabd6943e8:event_465_sa_subagent_012_4dbabe22_s0_turn_4 skipping — predecessor failed
2026-09-03 16:23:42,430 - inference_perf.datagen.replay.replay_graph_session_datagen - INFO - Event wekatrace10_0b4a56f22f01dc235b7ce1cc3aeabd6943e8:event_466_sa_subagent_012_4dbabe22_s0_turn_5 skipping — predecessor failed
2026-09-03 16:23:42,430 - inference_perf.datagen.replay.replay_graph_session_datagen - INFO - Event wekatrace10_0b4a56f22f01dc235b7ce1cc3aeabd6943e8:event_467_sa_subagent_012_4dbabe22_s0_turn_6 skipping — predecessor failed
2026-09-03 16:23:42,430 - inference_perf.datagen.replay.replay_graph_session_datagen - INFO - Event wekatrace10_0b4a56f22f01dc235b7ce1cc3aeabd6943e8:event_468_sa_subagent_012_4dbabe22_s0_turn_7 skipping — predecessor failed
2026-09-03 16:23:42,431 - inference_perf.datagen.replay.replay_graph_session_datagen - INFO - Event wekatrace10_0b4a56f22f01dc235b7ce1cc3aeabd6943e8:event_469_sa_subagent_012_4dbabe22_s0_turn_8 skipping — predecessor failed
2026-09-03 16:23:42,431 - inference_perf.datagen.replay.replay_graph_session_datagen - INFO - Event wekatrace10_0b4a56f22f01dc235b7ce1cc3aeabd6943e8:event_470_sa_subagent_012_4dbabe22_s0_turn_9 skipping — predecessor failed
2026-09-03 16:23:42,431 - inference_perf.datagen.replay.replay_graph_session_datagen - INFO - Event wekatrace10_0b4a56f22f01dc235b7ce1cc3aeabd6943e8:event_471_sa_subagent_012_4dbabe22_s0_turn_10 skipping — predecessor failed
2026-09-03 16:23:42,431 - inference_perf.datagen.replay.replay_graph_session_datagen - INFO - Event wekatrace10_0b4a56f22f01dc235b7ce1cc3aeabd6943e8:event_472_sa_subagent_012_4dbabe22_s0_turn_11 skipping — predecessor failed
2026-09-03 16:23:42,431 - inference_perf.datagen.replay.replay_graph_session_datagen - INFO - Event wekatrace10_0b4a56f22f01dc235b7ce1cc3aeabd6943e8:event_473_sa_subagent_012_4dbabe22_s0_turn_12 skipping — predecessor failed
2026-09-03 16:23:42,432 - inference_perf.datagen.replay.replay_graph_session_datagen - INFO - Event wekatrace10_0b4a56f22f01dc235b7ce1cc3aeabd6943e8:event_474_sa_subagent_012_4dbabe22_s0_turn_13 skipping — predecessor failed
2026-09-03 16:23:42,432 - inference_perf.datagen.replay.replay_graph_session_datagen - INFO - Event wekatrace10_0b4a56f22f01dc235b7ce1cc3aeabd6943e8:event_475_sa_subagent_012_4dbabe22_s0_turn_14 skipping — predecessor failed
2026-09-03 16:23:42,432 - inference_perf.datagen.replay.replay_graph_session_datagen - INFO - Event wekatrace10_0b4a56f22f01dc235b7ce1cc3aeabd6943e8:event_476_sa_subagent_012_4dbabe22_s0_turn_15 skipping — predecessor failed
2026-09-03 16:23:42,432 - inference_perf.datagen.replay.replay_graph_session_datagen - INFO - Event wekatrace10_0b4a56f22f01dc235b7ce1cc3aeabd6943e8:event_477_sa_subagent_012_4dbabe22_s0_turn_16 skipping — predecessor failed
2026-09-03 16:23:42,433 - inference_perf.datagen.replay.replay_graph_session_datagen - INFO - Event wekatrace10_0b4a56f22f01dc235b7ce1cc3aeabd6943e8:event_478_sa_subagent_012_4dbabe22_s0_turn_17 skipping — predecessor failed
2026-09-03 16:23:42,433 - inference_perf.datagen.replay.replay_graph_session_datagen - INFO - Event wekatrace10_0b4a56f22f01dc235b7ce1cc3aeabd6943e8:event_479_sa_subagent_012_4dbabe22_s0_turn_18 skipping — predecessor failed
2026-09-03 16:23:42,433 - inference_perf.datagen.replay.replay_graph_session_datagen - INFO - Event wekatrace10_0b4a56f22f01dc235b7ce1cc3aeabd6943e8:event_480_sa_subagent_012_4dbabe22_s0_turn_19 skipping — predecessor failed
2026-09-03 16:23:42,433 - inference_perf.datagen.replay.replay_graph_session_datagen - INFO - Event wekatrace10_0b4a56f22f01dc235b7ce1cc3aeabd6943e8:event_481_sa_subagent_012_4dbabe22_s0_turn_20 skipping — predecessor failed
2026-09-03 16:23:42,434 - inference_perf.datagen.replay.replay_graph_session_datagen - INFO - Event wekatrace10_0b4a56f22f01dc235b7ce1cc3aeabd6943e8:event_482_sa_subagent_012_4dbabe22_s0_turn_21 skipping — predecessor failed
2026-09-03 16:23:42,434 - inference_perf.datagen.replay.replay_graph_session_datagen - INFO - Event wekatrace10_0b4a56f22f01dc235b7ce1cc3aeabd6943e8:event_483_sa_subagent_012_4dbabe22_s0_turn_22 skipping — predecessor failed
2026-09-03 16:23:42,434 - inference_perf.datagen.replay.replay_graph_session_datagen - INFO - Event wekatrace10_0b4a56f22f01dc235b7ce1cc3aeabd6943e8:event_484_sa_subagent_012_4dbabe22_s0_turn_23 skipping — predecessor failed
2026-09-03 16:23:42,775 - inference_perf.datagen.replay.replay_graph_session_datagen - INFO - Event wekatrace4_0767e712d9e187634174712ce484b8bb7526:event_057_parent_turn_57 skipping — predecessor wait failed: TimeoutError
2026-09-03 16:23:42,778 - inference_perf.datagen.replay.replay_graph_session_datagen - INFO - Event wekatrace4_0767e712d9e187634174712ce484b8bb7526:event_058_parent_turn_58 skipping — predecessor failed
2026-09-03 16:23:42,779 - inference_perf.datagen.replay.replay_graph_session_datagen - INFO - Event wekatrace4_0767e712d9e187634174712ce484b8bb7526:event_059_parent_turn_59 skipping — predecessor failed
2026-09-03 16:23:42,779 - inference_perf.datagen.replay.replay_graph_session_datagen - INFO - Event wekatrace4_0767e712d9e187634174712ce484b8bb7526:event_060_parent_turn_60 skipping — predecessor failed
2026-09-03 16:23:42,779 - inference_perf.datagen.replay.replay_graph_session_datagen - INFO - Event wekatrace4_0767e712d9e187634174712ce484b8bb7526:event_061_parent_turn_61 skipping — predecessor failed
2026-09-03 16:23:42,779 - inference_perf.datagen.replay.replay_graph_session_datagen - INFO - Event wekatrace4_0767e712d9e187634174712ce484b8bb7526:event_062_parent_turn_62 skipping — predecessor failed
2026-09-03 16:23:42,780 - inference_perf.datagen.replay.replay_graph_session_datagen - INFO - Event wekatrace4_0767e712d9e187634174712ce484b8bb7526:event_063_parent_turn_63 skipping — predecessor failed
2026-09-03 16:23:42,780 - inference_perf.datagen.replay.replay_graph_session_datagen - INFO - Event wekatrace4_0767e712d9e187634174712ce484b8bb7526:event_064_parent_turn_64 skipping — predecessor failed
2026-09-03 16:23:42,780 - inference_perf.datagen.replay.replay_graph_session_datagen - INFO - Event wekatrace4_0767e712d9e187634174712ce484b8bb7526:event_065_parent_turn_65 skipping — predecessor failed
2026-09-03 16:23:42,780 - inference_perf.datagen.replay.replay_graph_session_datagen - INFO - Event wekatrace4_0767e712d9e187634174712ce484b8bb7526:event_066_parent_turn_66 skipping — predecessor failed
2026-09-03 16:23:42,781 - inference_perf.datagen.replay.replay_graph_session_datagen - INFO - Event wekatrace4_0767e712d9e187634174712ce484b8bb7526:event_067_parent_turn_67 skipping — predecessor failed
2026-09-03 16:23:42,911 - inference_perf.datagen.replay.replay_graph_session_datagen - INFO - Event wekatrace6_09a5d415a7157ed48a5a6fa2711f2d8565c1:event_077_parent_turn_41 skipping — predecessor wait failed: TimeoutError
2026-09-03 16:23:42,912 - inference_perf.datagen.replay.replay_graph_session_datagen - INFO - Event wekatrace6_09a5d415a7157ed48a5a6fa2711f2d8565c1:event_078_parent_turn_42 skipping — predecessor failed
2026-09-03 16:23:42,912 - inference_perf.datagen.replay.replay_graph_session_datagen - INFO - Event wekatrace6_09a5d415a7157ed48a5a6fa2711f2d8565c1:event_079_parent_turn_43 skipping — predecessor failed
2026-09-03 16:23:42,913 - inference_perf.datagen.replay.replay_graph_session_datagen - INFO - Event wekatrace6_09a5d415a7157ed48a5a6fa2711f2d8565c1:event_080_parent_turn_44 skipping — predecessor failed
2026-09-03 16:23:42,913 - inference_perf.datagen.replay.replay_graph_session_datagen - INFO - Event wekatrace6_09a5d415a7157ed48a5a6fa2711f2d8565c1:event_081_parent_turn_45 skipping — predecessor failed
2026-09-03 16:23:42,913 - inference_perf.datagen.replay.replay_graph_session_datagen - INFO - Event wekatrace6_09a5d415a7157ed48a5a6fa2711f2d8565c1:event_082_parent_turn_46 skipping — predecessor failed
2026-09-03 16:23:42,913 - inference_perf.datagen.replay.replay_graph_session_datagen - INFO - Event wekatrace6_09a5d415a7157ed48a5a6fa2711f2d8565c1:event_083_parent_turn_47 skipping — predecessor failed
2026-09-03 16:23:42,914 - inference_perf.datagen.replay.replay_graph_session_datagen - INFO - Event wekatrace6_09a5d415a7157ed48a5a6fa2711f2d8565c1:event_084_parent_turn_48 skipping — predecessor failed
2026-09-03 16:23:42,916 - inference_perf.datagen.replay.replay_graph_session_datagen - INFO - Event wekatrace6_09a5d415a7157ed48a5a6fa2711f2d8565c1:event_085_parent_turn_49 skipping — predecessor failed
2026-09-03 16:23:42,916 - inference_perf.datagen.replay.replay_graph_session_datagen - INFO - Event wekatrace6_09a5d415a7157ed48a5a6fa2711f2d8565c1:event_086_parent_turn_50 skipping — predecessor failed
2026-09-03 16:23:42,917 - inference_perf.datagen.replay.replay_graph_session_datagen - INFO - Event wekatrace6_09a5d415a7157ed48a5a6fa2711f2d8565c1:event_087_parent_turn_51 skipping — predecessor failed
2026-09-03 16:23:42,917 - inference_perf.datagen.replay.replay_graph_session_datagen - INFO - Event wekatrace6_09a5d415a7157ed48a5a6fa2711f2d8565c1:event_088_parent_turn_52 skipping — predecessor failed
2026-09-03 16:23:42,918 - inference_perf.datagen.replay.replay_graph_session_datagen - INFO - Event wekatrace6_09a5d415a7157ed48a5a6fa2711f2d8565c1:event_089_parent_turn_53 skipping — predecessor failed
2026-09-03 16:23:42,919 - inference_perf.datagen.replay.replay_graph_session_datagen - INFO - Event wekatrace6_09a5d415a7157ed48a5a6fa2711f2d8565c1:event_090_parent_turn_54 skipping — predecessor failed
2026-09-03 16:23:42,919 - inference_perf.datagen.replay.replay_graph_session_datagen - INFO - Event wekatrace6_09a5d415a7157ed48a5a6fa2711f2d8565c1:event_091_parent_turn_55 skipping — predecessor failed
2026-09-03 16:23:42,919 - inference_perf.datagen.replay.replay_graph_session_datagen - INFO - Event wekatrace6_09a5d415a7157ed48a5a6fa2711f2d8565c1:event_092_parent_turn_56 skipping — predecessor failed
2026-09-03 16:23:42,920 - inference_perf.datagen.replay.replay_graph_session_datagen - INFO - Event wekatrace6_09a5d415a7157ed48a5a6fa2711f2d8565c1:event_093_parent_turn_57 skipping — predecessor failed
2026-09-03 16:23:42,921 - inference_perf.datagen.replay.replay_graph_session_datagen - INFO - Event wekatrace6_09a5d415a7157ed48a5a6fa2711f2d8565c1:event_094_parent_turn_58 skipping — predecessor failed
2026-09-03 16:23:42,921 - inference_perf.datagen.replay.replay_graph_session_datagen - INFO - Event wekatrace6_09a5d415a7157ed48a5a6fa2711f2d8565c1:event_095_parent_turn_59 skipping — predecessor failed
2026-09-03 16:23:42,921 - inference_perf.datagen.replay.replay_graph_session_datagen - INFO - Event wekatrace6_09a5d415a7157ed48a5a6fa2711f2d8565c1:event_096_parent_turn_60 skipping — predecessor failed
2026-09-03 16:23:42,922 - inference_perf.datagen.replay.replay_graph_session_datagen - INFO - Event wekatrace6_09a5d415a7157ed48a5a6fa2711f2d8565c1:event_097_parent_turn_61 skipping — predecessor failed
2026-09-03 16:23:42,923 - inference_perf.datagen.replay.replay_graph_session_datagen - INFO - Event wekatrace6_09a5d415a7157ed48a5a6fa2711f2d8565c1:event_098_parent_turn_62 skipping — predecessor failed
2026-09-03 16:23:42,923 - inference_perf.datagen.replay.replay_graph_session_datagen - INFO - Event wekatrace6_09a5d415a7157ed48a5a6fa2711f2d8565c1:event_099_parent_turn_63 skipping — predecessor failed
2026-09-03 16:23:42,923 - inference_perf.datagen.replay.replay_graph_session_datagen - INFO - Event wekatrace6_09a5d415a7157ed48a5a6fa2711f2d8565c1:event_100_parent_turn_64 skipping — predecessor failed
2026-09-03 16:23:42,924 - inference_perf.datagen.replay.replay_graph_session_datagen - INFO - Event wekatrace6_09a5d415a7157ed48a5a6fa2711f2d8565c1:event_101_parent_turn_65 skipping — predecessor failed
2026-09-03 16:23:42,924 - inference_perf.datagen.replay.replay_graph_session_datagen - INFO - Event wekatrace6_09a5d415a7157ed48a5a6fa2711f2d8565c1:event_102_parent_turn_66 skipping — predecessor failed
2026-09-03 16:23:42,924 - inference_perf.datagen.replay.replay_graph_session_datagen - INFO - Event wekatrace6_09a5d415a7157ed48a5a6fa2711f2d8565c1:event_103_parent_turn_67 skipping — predecessor failed
2026-09-03 16:23:42,925 - inference_perf.datagen.replay.replay_graph_session_datagen - INFO - Event wekatrace6_09a5d415a7157ed48a5a6fa2711f2d8565c1:event_104_parent_turn_68 skipping — predecessor failed
2026-09-03 16:23:42,925 - inference_perf.datagen.replay.replay_graph_session_datagen - INFO - Event wekatrace6_09a5d415a7157ed48a5a6fa2711f2d8565c1:event_105_parent_turn_69 skipping — predecessor failed
2026-09-03 16:23:42,925 - inference_perf.datagen.replay.replay_graph_session_datagen - INFO - Event wekatrace6_09a5d415a7157ed48a5a6fa2711f2d8565c1:event_106_parent_turn_70 skipping — predecessor failed
2026-09-03 16:23:42,925 - inference_perf.datagen.replay.replay_graph_session_datagen - INFO - Event wekatrace6_09a5d415a7157ed48a5a6fa2711f2d8565c1:event_107_parent_turn_71 skipping — predecessor failed
2026-09-03 16:23:42,925 - inference_perf.datagen.replay.replay_graph_session_datagen - INFO - Event wekatrace6_09a5d415a7157ed48a5a6fa2711f2d8565c1:event_108_sa_subagent_003_0f12b448_s0_turn_0 skipping — predecessor failed
2026-09-03 16:23:42,926 - inference_perf.datagen.replay.replay_graph_session_datagen - INFO - Event wekatrace6_09a5d415a7157ed48a5a6fa2711f2d8565c1:event_137_parent_turn_72 skipping — predecessor failed
2026-09-03 16:23:42,926 - inference_perf.datagen.replay.replay_graph_session_datagen - INFO - Event wekatrace6_09a5d415a7157ed48a5a6fa2711f2d8565c1:event_109_sa_subagent_003_0f12b448_s0_turn_1 skipping — predecessor failed
2026-09-03 16:23:42,926 - inference_perf.datagen.replay.replay_graph_session_datagen - INFO - Event wekatrace6_09a5d415a7157ed48a5a6fa2711f2d8565c1:event_151_parent_turn_73 skipping — predecessor failed
2026-09-03 16:23:42,926 - inference_perf.datagen.replay.replay_graph_session_datagen - INFO - Event wekatrace6_09a5d415a7157ed48a5a6fa2711f2d8565c1:event_110_sa_subagent_003_0f12b448_s0_turn_2 skipping — predecessor failed
2026-09-03 16:23:42,926 - inference_perf.datagen.replay.replay_graph_session_datagen - INFO - Event wekatrace6_09a5d415a7157ed48a5a6fa2711f2d8565c1:event_152_parent_turn_74 skipping — predecessor failed
2026-09-03 16:23:42,926 - inference_perf.datagen.replay.replay_graph_session_datagen - INFO - Event wekatrace6_09a5d415a7157ed48a5a6fa2711f2d8565c1:event_111_sa_subagent_003_0f12b448_s0_turn_3 skipping — predecessor failed
2026-09-03 16:23:42,926 - inference_perf.datagen.replay.replay_graph_session_datagen - INFO - Event wekatrace6_09a5d415a7157ed48a5a6fa2711f2d8565c1:event_112_sa_subagent_003_0f12b448_s0_turn_4 skipping — predecessor failed
2026-09-03 16:23:42,926 - inference_perf.datagen.replay.replay_graph_session_datagen - INFO - Event wekatrace6_09a5d415a7157ed48a5a6fa2711f2d8565c1:event_153_parent_turn_75 skipping — predecessor failed
2026-09-03 16:23:42,927 - inference_perf.datagen.replay.replay_graph_session_datagen - INFO - Event wekatrace6_09a5d415a7157ed48a5a6fa2711f2d8565c1:event_113_sa_subagent_003_0f12b448_s0_turn_5 skipping — predecessor failed
2026-09-03 16:23:42,927 - inference_perf.datagen.replay.replay_graph_session_datagen - INFO - Event wekatrace6_09a5d415a7157ed48a5a6fa2711f2d8565c1:event_154_parent_turn_76 skipping — predecessor failed
2026-09-03 16:23:42,927 - inference_perf.datagen.replay.replay_graph_session_datagen - INFO - Event wekatrace6_09a5d415a7157ed48a5a6fa2711f2d8565c1:event_155_parent_turn_77 skipping — predecessor failed
2026-09-03 16:23:42,927 - inference_perf.datagen.replay.replay_graph_session_datagen - INFO - Event wekatrace6_09a5d415a7157ed48a5a6fa2711f2d8565c1:event_114_sa_subagent_003_0f12b448_s0_turn_6 skipping — predecessor failed
2026-09-03 16:23:42,927 - inference_perf.datagen.replay.replay_graph_session_datagen - INFO - Event wekatrace6_09a5d415a7157ed48a5a6fa2711f2d8565c1:event_115_sa_subagent_003_0f12b448_s0_turn_7 skipping — predecessor failed
2026-09-03 16:23:42,927 - inference_perf.datagen.replay.replay_graph_session_datagen - INFO - Event wekatrace6_09a5d415a7157ed48a5a6fa2711f2d8565c1:event_156_parent_turn_78 skipping — predecessor failed
2026-09-03 16:23:42,927 - inference_perf.datagen.replay.replay_graph_session_datagen - INFO - Event wekatrace6_09a5d415a7157ed48a5a6fa2711f2d8565c1:event_116_sa_subagent_003_0f12b448_s0_turn_8 skipping — predecessor failed
2026-09-03 16:23:42,928 - inference_perf.datagen.replay.replay_graph_session_datagen - INFO - Event wekatrace6_09a5d415a7157ed48a5a6fa2711f2d8565c1:event_157_parent_turn_79 skipping — predecessor failed
2026-09-03 16:23:42,928 - inference_perf.datagen.replay.replay_graph_session_datagen - INFO - Event wekatrace6_09a5d415a7157ed48a5a6fa2711f2d8565c1:event_117_sa_subagent_003_0f12b448_s0_turn_9 skipping — predecessor failed
2026-09-03 16:23:42,928 - inference_perf.datagen.replay.replay_graph_session_datagen - INFO - Event wekatrace6_09a5d415a7157ed48a5a6fa2711f2d8565c1:event_158_parent_turn_80 skipping — predecessor failed
2026-09-03 16:23:42,928 - inference_perf.datagen.replay.replay_graph_session_datagen - INFO - Event wekatrace6_09a5d415a7157ed48a5a6fa2711f2d8565c1:event_118_sa_subagent_003_0f12b448_s0_turn_10 skipping — predecessor failed
2026-09-03 16:23:42,928 - inference_perf.datagen.replay.replay_graph_session_datagen - INFO - Event wekatrace6_09a5d415a7157ed48a5a6fa2711f2d8565c1:event_159_parent_turn_81 skipping — predecessor failed
2026-09-03 16:23:42,928 - inference_perf.datagen.replay.replay_graph_session_datagen - INFO - Event wekatrace6_09a5d415a7157ed48a5a6fa2711f2d8565c1:event_160_parent_turn_82 skipping — predecessor failed
2026-09-03 16:23:42,928 - inference_perf.datagen.replay.replay_graph_session_datagen - INFO - Event wekatrace6_09a5d415a7157ed48a5a6fa2711f2d8565c1:event_119_sa_subagent_003_0f12b448_s0_turn_11 skipping — predecessor failed
2026-09-03 16:23:42,929 - inference_perf.datagen.replay.replay_graph_session_datagen - INFO - Event wekatrace6_09a5d415a7157ed48a5a6fa2711f2d8565c1:event_161_parent_turn_83 skipping — predecessor failed
2026-09-03 16:23:42,929 - inference_perf.datagen.replay.replay_graph_session_datagen - INFO - Event wekatrace6_09a5d415a7157ed48a5a6fa2711f2d8565c1:event_120_sa_subagent_003_0f12b448_s0_turn_12 skipping — predecessor failed
2026-09-03 16:23:42,929 - inference_perf.datagen.replay.replay_graph_session_datagen - INFO - Event wekatrace6_09a5d415a7157ed48a5a6fa2711f2d8565c1:event_162_parent_turn_84 skipping — predecessor failed
2026-09-03 16:23:42,930 - inference_perf.datagen.replay.replay_graph_session_datagen - INFO - Event wekatrace6_09a5d415a7157ed48a5a6fa2711f2d8565c1:event_121_sa_subagent_003_0f12b448_s0_turn_13 skipping — predecessor failed
2026-09-03 16:23:42,930 - inference_perf.datagen.replay.replay_graph_session_datagen - INFO - Event wekatrace6_09a5d415a7157ed48a5a6fa2711f2d8565c1:event_163_parent_turn_85 skipping — predecessor failed
2026-09-03 16:23:42,930 - inference_perf.datagen.replay.replay_graph_session_datagen - INFO - Event wekatrace6_09a5d415a7157ed48a5a6fa2711f2d8565c1:event_122_sa_subagent_003_0f12b448_s0_turn_14 skipping — predecessor failed
2026-09-03 16:23:42,930 - inference_perf.datagen.replay.replay_graph_session_datagen - INFO - Event wekatrace6_09a5d415a7157ed48a5a6fa2711f2d8565c1:event_164_parent_turn_86 skipping — predecessor failed
2026-09-03 16:23:42,930 - inference_perf.datagen.replay.replay_graph_session_datagen - INFO - Event wekatrace6_09a5d415a7157ed48a5a6fa2711f2d8565c1:event_123_sa_subagent_003_0f12b448_s0_turn_15 skipping — predecessor failed
2026-09-03 16:23:42,931 - inference_perf.datagen.replay.replay_graph_session_datagen - INFO - Event wekatrace6_09a5d415a7157ed48a5a6fa2711f2d8565c1:event_165_parent_turn_87 skipping — predecessor failed
2026-09-03 16:23:42,931 - inference_perf.datagen.replay.replay_graph_session_datagen - INFO - Event wekatrace6_09a5d415a7157ed48a5a6fa2711f2d8565c1:event_124_sa_subagent_003_0f12b448_s0_turn_16 skipping — predecessor failed
2026-09-03 16:23:42,931 - inference_perf.datagen.replay.replay_graph_session_datagen - INFO - Event wekatrace6_09a5d415a7157ed48a5a6fa2711f2d8565c1:event_166_parent_turn_88 skipping — predecessor failed
2026-09-03 16:23:42,931 - inference_perf.datagen.replay.replay_graph_session_datagen - INFO - Event wekatrace6_09a5d415a7157ed48a5a6fa2711f2d8565c1:event_125_sa_subagent_004_63f13122_s0_turn_0 skipping — predecessor failed
2026-09-03 16:23:42,931 - inference_perf.datagen.replay.replay_graph_session_datagen - INFO - Event wekatrace6_09a5d415a7157ed48a5a6fa2711f2d8565c1:event_167_parent_turn_89 skipping — predecessor failed
2026-09-03 16:23:42,931 - inference_perf.datagen.replay.replay_graph_session_datagen - INFO - Event wekatrace6_09a5d415a7157ed48a5a6fa2711f2d8565c1:event_126_sa_subagent_004_63f13122_s0_turn_1 skipping — predecessor failed
2026-09-03 16:23:42,931 - inference_perf.datagen.replay.replay_graph_session_datagen - INFO - Event wekatrace6_09a5d415a7157ed48a5a6fa2711f2d8565c1:event_168_parent_turn_90 skipping — predecessor failed
2026-09-03 16:23:42,931 - inference_perf.datagen.replay.replay_graph_session_datagen - INFO - Event wekatrace6_09a5d415a7157ed48a5a6fa2711f2d8565c1:event_127_sa_subagent_004_63f13122_s0_turn_2 skipping — predecessor failed
2026-09-03 16:23:42,932 - inference_perf.datagen.replay.replay_graph_session_datagen - INFO - Event wekatrace6_09a5d415a7157ed48a5a6fa2711f2d8565c1:event_169_parent_turn_91 skipping — predecessor failed
2026-09-03 16:23:42,932 - inference_perf.datagen.replay.replay_graph_session_datagen - INFO - Event wekatrace6_09a5d415a7157ed48a5a6fa2711f2d8565c1:event_128_sa_subagent_004_63f13122_s0_turn_3 skipping — predecessor failed
2026-09-03 16:23:42,932 - inference_perf.datagen.replay.replay_graph_session_datagen - INFO - Event wekatrace6_09a5d415a7157ed48a5a6fa2711f2d8565c1:event_170_parent_turn_92 skipping — predecessor failed
2026-09-03 16:23:42,932 - inference_perf.datagen.replay.replay_graph_session_datagen - INFO - Event wekatrace6_09a5d415a7157ed48a5a6fa2711f2d8565c1:event_129_sa_subagent_004_63f13122_s0_turn_4 skipping — predecessor failed
2026-09-03 16:23:42,932 - inference_perf.datagen.replay.replay_graph_session_datagen - INFO - Event wekatrace6_09a5d415a7157ed48a5a6fa2711f2d8565c1:event_171_parent_turn_93 skipping — predecessor failed
2026-09-03 16:23:42,932 - inference_perf.datagen.replay.replay_graph_session_datagen - INFO - Event wekatrace6_09a5d415a7157ed48a5a6fa2711f2d8565c1:event_130_sa_subagent_004_63f13122_s0_turn_5 skipping — predecessor failed
2026-09-03 16:23:42,932 - inference_perf.datagen.replay.replay_graph_session_datagen - INFO - Event wekatrace6_09a5d415a7157ed48a5a6fa2711f2d8565c1:event_172_parent_turn_94 skipping — predecessor failed
2026-09-03 16:23:42,932 - inference_perf.datagen.replay.replay_graph_session_datagen - INFO - Event wekatrace6_09a5d415a7157ed48a5a6fa2711f2d8565c1:event_131_sa_subagent_004_63f13122_s0_turn_6 skipping — predecessor failed
2026-09-03 16:23:42,932 - inference_perf.datagen.replay.replay_graph_session_datagen - INFO - Event wekatrace6_09a5d415a7157ed48a5a6fa2711f2d8565c1:event_173_parent_turn_95 skipping — predecessor failed
2026-09-03 16:23:42,933 - inference_perf.datagen.replay.replay_graph_session_datagen - INFO - Event wekatrace6_09a5d415a7157ed48a5a6fa2711f2d8565c1:event_132_sa_subagent_004_63f13122_s0_turn_7 skipping — predecessor failed
2026-09-03 16:23:42,933 - inference_perf.datagen.replay.replay_graph_session_datagen - INFO - Event wekatrace6_09a5d415a7157ed48a5a6fa2711f2d8565c1:event_174_parent_turn_96 skipping — predecessor failed
2026-09-03 16:23:42,934 - inference_perf.datagen.replay.replay_graph_session_datagen - INFO - Event wekatrace6_09a5d415a7157ed48a5a6fa2711f2d8565c1:event_133_sa_subagent_004_63f13122_s0_turn_8 skipping — predecessor failed
2026-09-03 16:23:42,934 - inference_perf.datagen.replay.replay_graph_session_datagen - INFO - Event wekatrace6_09a5d415a7157ed48a5a6fa2711f2d8565c1:event_175_parent_turn_97 skipping — predecessor failed
2026-09-03 16:23:42,934 - inference_perf.datagen.replay.replay_graph_session_datagen - INFO - Event wekatrace6_09a5d415a7157ed48a5a6fa2711f2d8565c1:event_134_sa_subagent_004_63f13122_s0_turn_9 skipping — predecessor failed
2026-09-03 16:23:42,934 - inference_perf.datagen.replay.replay_graph_session_datagen - INFO - Event wekatrace6_09a5d415a7157ed48a5a6fa2711f2d8565c1:event_176_parent_turn_98 skipping — predecessor failed
2026-09-03 16:23:42,934 - inference_perf.datagen.replay.replay_graph_session_datagen - INFO - Event wekatrace6_09a5d415a7157ed48a5a6fa2711f2d8565c1:event_135_sa_subagent_004_63f13122_s0_turn_10 skipping — predecessor failed
2026-09-03 16:23:42,934 - inference_perf.datagen.replay.replay_graph_session_datagen - INFO - Event wekatrace6_09a5d415a7157ed48a5a6fa2711f2d8565c1:event_177_parent_turn_99 skipping — predecessor failed
2026-09-03 16:23:42,935 - inference_perf.datagen.replay.replay_graph_session_datagen - INFO - Event wekatrace6_09a5d415a7157ed48a5a6fa2711f2d8565c1:event_136_sa_subagent_004_63f13122_s0_turn_11 skipping — predecessor failed
2026-09-03 16:23:42,935 - inference_perf.datagen.replay.replay_graph_session_datagen - INFO - Event wekatrace6_09a5d415a7157ed48a5a6fa2711f2d8565c1:event_178_parent_turn_100 skipping — predecessor failed
2026-09-03 16:23:42,935 - inference_perf.datagen.replay.replay_graph_session_datagen - INFO - Event wekatrace6_09a5d415a7157ed48a5a6fa2711f2d8565c1:event_138_sa_subagent_005_cb11a7ac_s0_turn_0 skipping — predecessor failed
2026-09-03 16:23:42,935 - inference_perf.datagen.replay.replay_graph_session_datagen - INFO - Event wekatrace6_09a5d415a7157ed48a5a6fa2711f2d8565c1:event_179_parent_turn_101 skipping — predecessor failed
2026-09-03 16:23:42,935 - inference_perf.datagen.replay.replay_graph_session_datagen - INFO - Event wekatrace6_09a5d415a7157ed48a5a6fa2711f2d8565c1:event_139_sa_subagent_005_cb11a7ac_s0_turn_1 skipping — predecessor failed
2026-09-03 16:23:42,935 - inference_perf.datagen.replay.replay_graph_session_datagen - INFO - Event wekatrace6_09a5d415a7157ed48a5a6fa2711f2d8565c1:event_180_parent_turn_102 skipping — predecessor failed
2026-09-03 16:23:42,935 - inference_perf.datagen.replay.replay_graph_session_datagen - INFO - Event wekatrace6_09a5d415a7157ed48a5a6fa2711f2d8565c1:event_140_sa_subagent_005_cb11a7ac_s0_turn_2 skipping — predecessor failed
2026-09-03 16:23:42,935 - inference_perf.datagen.replay.replay_graph_session_datagen - INFO - Event wekatrace6_09a5d415a7157ed48a5a6fa2711f2d8565c1:event_181_parent_turn_103 skipping — predecessor failed
2026-09-03 16:23:42,936 - inference_perf.datagen.replay.replay_graph_session_datagen - INFO - Event wekatrace6_09a5d415a7157ed48a5a6fa2711f2d8565c1:event_141_sa_subagent_005_cb11a7ac_s0_turn_3 skipping — predecessor failed
2026-09-03 16:23:42,936 - inference_perf.datagen.replay.replay_graph_session_datagen - INFO - Event wekatrace6_09a5d415a7157ed48a5a6fa2711f2d8565c1:event_182_parent_turn_104 skipping — predecessor failed
2026-09-03 16:23:42,936 - inference_perf.datagen.replay.replay_graph_session_datagen - INFO - Event wekatrace6_09a5d415a7157ed48a5a6fa2711f2d8565c1:event_142_sa_subagent_005_cb11a7ac_s0_turn_4 skipping — predecessor failed
2026-09-03 16:23:42,936 - inference_perf.datagen.replay.replay_graph_session_datagen - INFO - Event wekatrace6_09a5d415a7157ed48a5a6fa2711f2d8565c1:event_183_parent_turn_105 skipping — predecessor failed
2026-09-03 16:23:42,936 - inference_perf.datagen.replay.replay_graph_session_datagen - INFO - Event wekatrace6_09a5d415a7157ed48a5a6fa2711f2d8565c1:event_143_sa_subagent_005_cb11a7ac_s0_turn_5 skipping — predecessor failed
2026-09-03 16:23:42,936 - inference_perf.datagen.replay.replay_graph_session_datagen - INFO - Event wekatrace6_09a5d415a7157ed48a5a6fa2711f2d8565c1:event_184_parent_turn_106 skipping — predecessor failed
2026-09-03 16:23:42,936 - inference_perf.datagen.replay.replay_graph_session_datagen - INFO - Event wekatrace6_09a5d415a7157ed48a5a6fa2711f2d8565c1:event_144_sa_subagent_005_cb11a7ac_s0_turn_6 skipping — predecessor failed
2026-09-03 16:23:42,937 - inference_perf.datagen.replay.replay_graph_session_datagen - INFO - Event wekatrace6_09a5d415a7157ed48a5a6fa2711f2d8565c1:event_185_parent_turn_107 skipping — predecessor failed
2026-09-03 16:23:42,937 - inference_perf.datagen.replay.replay_graph_session_datagen - INFO - Event wekatrace6_09a5d415a7157ed48a5a6fa2711f2d8565c1:event_145_sa_subagent_005_cb11a7ac_s0_turn_7 skipping — predecessor failed
2026-09-03 16:23:42,937 - inference_perf.datagen.replay.replay_graph_session_datagen - INFO - Event wekatrace6_09a5d415a7157ed48a5a6fa2711f2d8565c1:event_186_parent_turn_108 skipping — predecessor failed
2026-09-03 16:23:42,937 - inference_perf.datagen.replay.replay_graph_session_datagen - INFO - Event wekatrace6_09a5d415a7157ed48a5a6fa2711f2d8565c1:event_146_sa_subagent_005_cb11a7ac_s0_turn_8 skipping — predecessor failed
2026-09-03 16:23:42,937 - inference_perf.datagen.replay.replay_graph_session_datagen - INFO - Event wekatrace6_09a5d415a7157ed48a5a6fa2711f2d8565c1:event_187_parent_turn_109 skipping — predecessor failed
2026-09-03 16:23:42,937 - inference_perf.datagen.replay.replay_graph_session_datagen - INFO - Event wekatrace6_09a5d415a7157ed48a5a6fa2711f2d8565c1:event_147_sa_subagent_005_cb11a7ac_s0_turn_9 skipping — predecessor failed
2026-09-03 16:23:42,937 - inference_perf.datagen.replay.replay_graph_session_datagen - INFO - Event wekatrace6_09a5d415a7157ed48a5a6fa2711f2d8565c1:event_188_parent_turn_110 skipping — predecessor failed
2026-09-03 16:23:42,937 - inference_perf.datagen.replay.replay_graph_session_datagen - INFO - Event wekatrace6_09a5d415a7157ed48a5a6fa2711f2d8565c1:event_148_sa_subagent_005_cb11a7ac_s0_turn_10 skipping — predecessor failed
2026-09-03 16:23:42,938 - inference_perf.datagen.replay.replay_graph_session_datagen - INFO - Event wekatrace6_09a5d415a7157ed48a5a6fa2711f2d8565c1:event_189_parent_turn_111 skipping — predecessor failed
2026-09-03 16:23:42,938 - inference_perf.datagen.replay.replay_graph_session_datagen - INFO - Event wekatrace6_09a5d415a7157ed48a5a6fa2711f2d8565c1:event_149_sa_subagent_005_cb11a7ac_s0_turn_11 skipping — predecessor failed
2026-09-03 16:23:42,938 - inference_perf.datagen.replay.replay_graph_session_datagen - INFO - Event wekatrace6_09a5d415a7157ed48a5a6fa2711f2d8565c1:event_150_sa_subagent_005_cb11a7ac_s0_turn_12 skipping — predecessor failed
2026-09-03 16:23:42,938 - inference_perf.datagen.replay.replay_graph_session_datagen - INFO - Event wekatrace6_09a5d415a7157ed48a5a6fa2711f2d8565c1:event_190_parent_turn_112 skipping — predecessor failed
2026-09-03 16:23:42,938 - inference_perf.datagen.replay.replay_graph_session_datagen - INFO - Event wekatrace6_09a5d415a7157ed48a5a6fa2711f2d8565c1:event_191_parent_turn_113 skipping — predecessor failed
2026-09-03 16:23:42,939 - inference_perf.datagen.replay.replay_graph_session_datagen - INFO - Event wekatrace6_09a5d415a7157ed48a5a6fa2711f2d8565c1:event_192_parent_turn_114 skipping — predecessor failed
2026-09-03 16:23:42,939 - inference_perf.datagen.replay.replay_graph_session_datagen - INFO - Event wekatrace6_09a5d415a7157ed48a5a6fa2711f2d8565c1:event_193_parent_turn_115 skipping — predecessor failed
2026-09-03 16:23:42,939 - inference_perf.datagen.replay.replay_graph_session_datagen - INFO - Event wekatrace6_09a5d415a7157ed48a5a6fa2711f2d8565c1:event_194_parent_turn_116 skipping — predecessor failed
2026-09-03 16:23:42,939 - inference_perf.datagen.replay.replay_graph_session_datagen - INFO - Event wekatrace6_09a5d415a7157ed48a5a6fa2711f2d8565c1:event_195_parent_turn_117 skipping — predecessor failed
2026-09-03 16:23:42,939 - inference_perf.datagen.replay.replay_graph_session_datagen - INFO - Event wekatrace6_09a5d415a7157ed48a5a6fa2711f2d8565c1:event_196_parent_turn_118 skipping — predecessor failed
2026-09-03 16:23:42,940 - inference_perf.datagen.replay.replay_graph_session_datagen - INFO - Event wekatrace6_09a5d415a7157ed48a5a6fa2711f2d8565c1:event_197_parent_turn_119 skipping — predecessor failed
2026-09-03 16:23:42,940 - inference_perf.datagen.replay.replay_graph_session_datagen - INFO - Event wekatrace6_09a5d415a7157ed48a5a6fa2711f2d8565c1:event_198_parent_turn_120 skipping — predecessor failed
2026-09-03 16:23:42,940 - inference_perf.datagen.replay.replay_graph_session_datagen - INFO - Event wekatrace6_09a5d415a7157ed48a5a6fa2711f2d8565c1:event_199_parent_turn_121 skipping — predecessor failed
2026-09-03 16:23:42,940 - inference_perf.datagen.replay.replay_graph_session_datagen - INFO - Event wekatrace6_09a5d415a7157ed48a5a6fa2711f2d8565c1:event_200_parent_turn_122 skipping — predecessor failed
2026-09-03 16:23:42,940 - inference_perf.datagen.replay.replay_graph_session_datagen - INFO - Event wekatrace6_09a5d415a7157ed48a5a6fa2711f2d8565c1:event_201_parent_turn_123 skipping — predecessor failed
2026-09-03 16:23:42,940 - inference_perf.datagen.replay.replay_graph_session_datagen - INFO - Event wekatrace6_09a5d415a7157ed48a5a6fa2711f2d8565c1:event_202_parent_turn_124 skipping — predecessor failed
2026-09-03 16:23:42,940 - inference_perf.datagen.replay.replay_graph_session_datagen - INFO - Event wekatrace6_09a5d415a7157ed48a5a6fa2711f2d8565c1:event_203_parent_turn_125 skipping — predecessor failed
2026-09-03 16:23:42,940 - inference_perf.datagen.replay.replay_graph_session_datagen - INFO - Event wekatrace6_09a5d415a7157ed48a5a6fa2711f2d8565c1:event_204_parent_turn_126 skipping — predecessor failed
2026-09-03 16:23:42,941 - inference_perf.datagen.replay.replay_graph_session_datagen - INFO - Event wekatrace6_09a5d415a7157ed48a5a6fa2711f2d8565c1:event_205_parent_turn_127 skipping — predecessor failed
2026-09-03 16:23:42,941 - inference_perf.datagen.replay.replay_graph_session_datagen - INFO - Event wekatrace6_09a5d415a7157ed48a5a6fa2711f2d8565c1:event_206_parent_turn_128 skipping — predecessor failed
2026-09-03 16:23:42,941 - inference_perf.datagen.replay.replay_graph_session_datagen - INFO - Event wekatrace6_09a5d415a7157ed48a5a6fa2711f2d8565c1:event_207_parent_turn_129 skipping — predecessor failed
2026-09-03 16:23:42,942 - inference_perf.datagen.replay.replay_graph_session_datagen - INFO - Event wekatrace6_09a5d415a7157ed48a5a6fa2711f2d8565c1:event_208_parent_turn_130 skipping — predecessor failed
2026-09-03 16:23:42,943 - inference_perf.datagen.replay.replay_graph_session_datagen - INFO - Event wekatrace6_09a5d415a7157ed48a5a6fa2711f2d8565c1:event_209_parent_turn_131 skipping — predecessor failed
2026-09-03 16:23:42,944 - inference_perf.datagen.replay.replay_graph_session_datagen - INFO - Event wekatrace6_09a5d415a7157ed48a5a6fa2711f2d8565c1:event_210_parent_turn_132 skipping — predecessor failed
2026-09-03 16:23:42,944 - inference_perf.datagen.replay.replay_graph_session_datagen - INFO - Event wekatrace6_09a5d415a7157ed48a5a6fa2711f2d8565c1:event_211_parent_turn_133 skipping — predecessor failed
2026-09-03 16:23:42,946 - inference_perf.datagen.replay.replay_graph_session_datagen - INFO - Event wekatrace6_09a5d415a7157ed48a5a6fa2711f2d8565c1:event_212_parent_turn_134 skipping — predecessor failed
2026-09-03 16:23:42,946 - inference_perf.datagen.replay.replay_graph_session_datagen - INFO - Event wekatrace6_09a5d415a7157ed48a5a6fa2711f2d8565c1:event_213_parent_turn_135 skipping — predecessor failed
2026-09-03 16:23:42,947 - inference_perf.datagen.replay.replay_graph_session_datagen - INFO - Event wekatrace6_09a5d415a7157ed48a5a6fa2711f2d8565c1:event_214_parent_turn_136 skipping — predecessor failed
2026-09-03 16:23:42,947 - inference_perf.datagen.replay.replay_graph_session_datagen - INFO - Event wekatrace6_09a5d415a7157ed48a5a6fa2711f2d8565c1:event_215_parent_turn_137 skipping — predecessor failed
2026-09-03 16:23:42,947 - inference_perf.datagen.replay.replay_graph_session_datagen - INFO - Event wekatrace6_09a5d415a7157ed48a5a6fa2711f2d8565c1:event_216_parent_turn_138 skipping — predecessor failed
2026-09-03 16:23:42,947 - inference_perf.datagen.replay.replay_graph_session_datagen - INFO - Event wekatrace6_09a5d415a7157ed48a5a6fa2711f2d8565c1:event_217_parent_turn_139 skipping — predecessor failed
2026-09-03 16:23:42,948 - inference_perf.datagen.replay.replay_graph_session_datagen - INFO - Event wekatrace6_09a5d415a7157ed48a5a6fa2711f2d8565c1:event_218_parent_turn_140 skipping — predecessor failed
2026-09-03 16:23:42,949 - inference_perf.datagen.replay.replay_graph_session_datagen - INFO - Event wekatrace6_09a5d415a7157ed48a5a6fa2711f2d8565c1:event_219_parent_turn_141 skipping — predecessor failed
2026-09-03 16:23:42,949 - inference_perf.datagen.replay.replay_graph_session_datagen - INFO - Event wekatrace6_09a5d415a7157ed48a5a6fa2711f2d8565c1:event_220_parent_turn_142 skipping — predecessor failed
2026-09-03 16:23:42,949 - inference_perf.datagen.replay.replay_graph_session_datagen - INFO - Event wekatrace6_09a5d415a7157ed48a5a6fa2711f2d8565c1:event_221_parent_turn_143 skipping — predecessor failed
2026-09-03 16:23:42,949 - inference_perf.datagen.replay.replay_graph_session_datagen - INFO - Event wekatrace6_09a5d415a7157ed48a5a6fa2711f2d8565c1:event_222_parent_turn_144 skipping — predecessor failed
2026-09-03 16:23:42,950 - inference_perf.datagen.replay.replay_graph_session_datagen - INFO - Event wekatrace6_09a5d415a7157ed48a5a6fa2711f2d8565c1:event_223_parent_turn_145 skipping — predecessor failed
2026-09-03 16:23:42,950 - inference_perf.datagen.replay.replay_graph_session_datagen - INFO - Event wekatrace6_09a5d415a7157ed48a5a6fa2711f2d8565c1:event_224_parent_turn_146 skipping — predecessor failed
2026-09-03 16:23:42,950 - inference_perf.datagen.replay.replay_graph_session_datagen - INFO - Event wekatrace6_09a5d415a7157ed48a5a6fa2711f2d8565c1:event_225_parent_turn_147 skipping — predecessor failed
2026-09-03 16:23:42,950 - inference_perf.datagen.replay.replay_graph_session_datagen - INFO - Event wekatrace6_09a5d415a7157ed48a5a6fa2711f2d8565c1:event_226_parent_turn_148 skipping — predecessor failed
2026-09-03 16:23:42,950 - inference_perf.datagen.replay.replay_graph_session_datagen - INFO - Event wekatrace6_09a5d415a7157ed48a5a6fa2711f2d8565c1:event_227_parent_turn_149 skipping — predecessor failed
2026-09-03 16:23:42,950 - inference_perf.datagen.replay.replay_graph_session_datagen - INFO - Event wekatrace6_09a5d415a7157ed48a5a6fa2711f2d8565c1:event_228_parent_turn_150 skipping — predecessor failed
2026-09-03 16:23:42,951 - inference_perf.datagen.replay.replay_graph_session_datagen - INFO - Event wekatrace6_09a5d415a7157ed48a5a6fa2711f2d8565c1:event_229_parent_turn_151 skipping — predecessor failed
2026-09-03 16:23:42,951 - inference_perf.datagen.replay.replay_graph_session_datagen - INFO - Event wekatrace6_09a5d415a7157ed48a5a6fa2711f2d8565c1:event_230_parent_turn_152 skipping — predecessor failed
2026-09-03 16:23:42,951 - inference_perf.datagen.replay.replay_graph_session_datagen - INFO - Event wekatrace6_09a5d415a7157ed48a5a6fa2711f2d8565c1:event_231_parent_turn_153 skipping — predecessor failed
2026-09-03 16:23:42,951 - inference_perf.datagen.replay.replay_graph_session_datagen - INFO - Event wekatrace6_09a5d415a7157ed48a5a6fa2711f2d8565c1:event_232_parent_turn_154 skipping — predecessor failed
2026-09-03 16:23:42,951 - inference_perf.datagen.replay.replay_graph_session_datagen - INFO - Event wekatrace6_09a5d415a7157ed48a5a6fa2711f2d8565c1:event_233_parent_turn_155 skipping — predecessor failed
2026-09-03 16:23:42,951 - inference_perf.datagen.replay.replay_graph_session_datagen - INFO - Event wekatrace6_09a5d415a7157ed48a5a6fa2711f2d8565c1:event_234_parent_turn_156 skipping — predecessor failed
2026-09-03 16:23:42,952 - inference_perf.datagen.replay.replay_graph_session_datagen - INFO - Event wekatrace6_09a5d415a7157ed48a5a6fa2711f2d8565c1:event_235_parent_turn_157 skipping — predecessor failed
2026-09-03 16:23:42,952 - inference_perf.datagen.replay.replay_graph_session_datagen - INFO - Event wekatrace6_09a5d415a7157ed48a5a6fa2711f2d8565c1:event_236_parent_turn_158 skipping — predecessor failed
2026-09-03 16:23:42,952 - inference_perf.datagen.replay.replay_graph_session_datagen - INFO - Event wekatrace6_09a5d415a7157ed48a5a6fa2711f2d8565c1:event_237_parent_turn_159 skipping — predecessor failed
2026-09-03 16:23:42,952 - inference_perf.datagen.replay.replay_graph_session_datagen - INFO - Event wekatrace6_09a5d415a7157ed48a5a6fa2711f2d8565c1:event_238_parent_turn_160 skipping — predecessor failed
2026-09-03 16:23:42,954 - inference_perf.datagen.replay.replay_graph_session_datagen - INFO - Event wekatrace6_09a5d415a7157ed48a5a6fa2711f2d8565c1:event_239_parent_turn_161 skipping — predecessor failed
2026-09-03 16:23:42,954 - inference_perf.datagen.replay.replay_graph_session_datagen - INFO - Event wekatrace6_09a5d415a7157ed48a5a6fa2711f2d8565c1:event_240_parent_turn_162 skipping — predecessor failed
2026-09-03 16:23:42,954 - inference_perf.datagen.replay.replay_graph_session_datagen - INFO - Event wekatrace6_09a5d415a7157ed48a5a6fa2711f2d8565c1:event_241_parent_turn_163 skipping — predecessor failed
2026-09-03 16:23:42,954 - inference_perf.datagen.replay.replay_graph_session_datagen - INFO - Event wekatrace6_09a5d415a7157ed48a5a6fa2711f2d8565c1:event_242_parent_turn_164 skipping — predecessor failed
2026-09-03 16:23:43,971 - inference_perf.datagen.replay.replay_graph_session_datagen - INFO - Event wekatrace20_1bcc4b9e1b6ea6ea9f516669e92ab788f1e4:event_058_parent_turn_58 skipping — predecessor wait failed: TimeoutError
2026-09-03 16:23:43,973 - inference_perf.datagen.replay.replay_graph_session_datagen - INFO - Event wekatrace20_1bcc4b9e1b6ea6ea9f516669e92ab788f1e4:event_059_parent_turn_59 skipping — predecessor failed
2026-09-03 16:23:44,709 - inference_perf.datagen.replay.replay_graph_session_datagen - INFO - Event wekatrace1_0475b786230f3f2e24220d28e247eaee2dae:event_121_parent_turn_80 skipping — predecessor wait failed: TimeoutError
2026-09-03 16:23:44,711 - inference_perf.datagen.replay.replay_graph_session_datagen - INFO - Event wekatrace1_0475b786230f3f2e24220d28e247eaee2dae:event_122_parent_turn_81 skipping — predecessor failed
2026-09-03 16:23:44,711 - inference_perf.datagen.replay.replay_graph_session_datagen - INFO - Event wekatrace1_0475b786230f3f2e24220d28e247eaee2dae:event_123_parent_turn_82 skipping — predecessor failed
2026-09-03 16:23:44,712 - inference_perf.datagen.replay.replay_graph_session_datagen - INFO - Event wekatrace1_0475b786230f3f2e24220d28e247eaee2dae:event_124_parent_turn_83 skipping — predecessor failed
2026-09-03 16:23:44,713 - inference_perf.datagen.replay.replay_graph_session_datagen - INFO - Event wekatrace1_0475b786230f3f2e24220d28e247eaee2dae:event_125_parent_turn_84 skipping — predecessor failed
2026-09-03 16:23:44,713 - inference_perf.datagen.replay.replay_graph_session_datagen - INFO - Event wekatrace1_0475b786230f3f2e24220d28e247eaee2dae:event_126_parent_turn_85 skipping — predecessor failed
2026-09-03 16:23:44,714 - inference_perf.datagen.replay.replay_graph_session_datagen - INFO - Event wekatrace1_0475b786230f3f2e24220d28e247eaee2dae:event_127_parent_turn_86 skipping — predecessor failed
2026-09-03 16:23:44,714 - inference_perf.datagen.replay.replay_graph_session_datagen - INFO - Event wekatrace1_0475b786230f3f2e24220d28e247eaee2dae:event_128_parent_turn_87 skipping — predecessor failed
2026-09-03 16:23:44,715 - inference_perf.datagen.replay.replay_graph_session_datagen - INFO - Event wekatrace1_0475b786230f3f2e24220d28e247eaee2dae:event_129_parent_turn_88 skipping — predecessor failed
2026-09-03 16:23:44,715 - inference_perf.datagen.replay.replay_graph_session_datagen - INFO - Event wekatrace1_0475b786230f3f2e24220d28e247eaee2dae:event_130_parent_turn_89 skipping — predecessor failed
2026-09-03 16:23:44,715 - inference_perf.datagen.replay.replay_graph_session_datagen - INFO - Event wekatrace1_0475b786230f3f2e24220d28e247eaee2dae:event_131_parent_turn_90 skipping — predecessor failed
2026-09-03 16:23:44,716 - inference_perf.datagen.replay.replay_graph_session_datagen - INFO - Event wekatrace1_0475b786230f3f2e24220d28e247eaee2dae:event_132_parent_turn_91 skipping — predecessor failed
2026-09-03 16:23:44,716 - inference_perf.datagen.replay.replay_graph_session_datagen - INFO - Event wekatrace1_0475b786230f3f2e24220d28e247eaee2dae:event_133_parent_turn_92 skipping — predecessor failed
2026-09-03 16:23:44,716 - inference_perf.datagen.replay.replay_graph_session_datagen - INFO - Event wekatrace1_0475b786230f3f2e24220d28e247eaee2dae:event_134_parent_turn_93 skipping — predecessor failed
2026-09-03 16:23:44,716 - inference_perf.datagen.replay.replay_graph_session_datagen - INFO - Event wekatrace1_0475b786230f3f2e24220d28e247eaee2dae:event_135_parent_turn_94 skipping — predecessor failed
2026-09-03 16:23:44,717 - inference_perf.datagen.replay.replay_graph_session_datagen - INFO - Event wekatrace1_0475b786230f3f2e24220d28e247eaee2dae:event_136_parent_turn_95 skipping — predecessor failed
2026-09-03 16:23:44,717 - inference_perf.datagen.replay.replay_graph_session_datagen - INFO - Event wekatrace1_0475b786230f3f2e24220d28e247eaee2dae:event_137_parent_turn_96 skipping — predecessor failed
2026-09-03 16:23:44,717 - inference_perf.datagen.replay.replay_graph_session_datagen - INFO - Event wekatrace1_0475b786230f3f2e24220d28e247eaee2dae:event_138_parent_turn_97 skipping — predecessor failed
2026-09-03 16:23:44,717 - inference_perf.datagen.replay.replay_graph_session_datagen - INFO - Event wekatrace1_0475b786230f3f2e24220d28e247eaee2dae:event_139_parent_turn_98 skipping — predecessor failed
2026-09-03 16:23:44,717 - inference_perf.datagen.replay.replay_graph_session_datagen - INFO - Event wekatrace1_0475b786230f3f2e24220d28e247eaee2dae:event_140_parent_turn_99 skipping — predecessor failed
2026-09-03 16:23:44,717 - inference_perf.datagen.replay.replay_graph_session_datagen - INFO - Event wekatrace1_0475b786230f3f2e24220d28e247eaee2dae:event_141_parent_turn_100 skipping — predecessor failed
2026-09-03 16:23:44,718 - inference_perf.datagen.replay.replay_graph_session_datagen - INFO - Event wekatrace1_0475b786230f3f2e24220d28e247eaee2dae:event_142_parent_turn_101 skipping — predecessor failed
2026-09-03 16:23:44,718 - inference_perf.datagen.replay.replay_graph_session_datagen - INFO - Event wekatrace1_0475b786230f3f2e24220d28e247eaee2dae:event_143_parent_turn_102 skipping — predecessor failed
2026-09-03 16:23:44,718 - inference_perf.datagen.replay.replay_graph_session_datagen - INFO - Event wekatrace1_0475b786230f3f2e24220d28e247eaee2dae:event_144_parent_turn_103 skipping — predecessor failed
2026-09-03 16:23:44,718 - inference_perf.datagen.replay.replay_graph_session_datagen - INFO - Event wekatrace1_0475b786230f3f2e24220d28e247eaee2dae:event_145_parent_turn_104 skipping — predecessor failed
2026-09-03 16:23:44,718 - inference_perf.datagen.replay.replay_graph_session_datagen - INFO - Event wekatrace1_0475b786230f3f2e24220d28e247eaee2dae:event_146_parent_turn_105 skipping — predecessor failed
2026-09-03 16:23:44,719 - inference_perf.datagen.replay.replay_graph_session_datagen - INFO - Event wekatrace1_0475b786230f3f2e24220d28e247eaee2dae:event_147_parent_turn_106 skipping — predecessor failed
2026-09-03 16:23:44,719 - inference_perf.datagen.replay.replay_graph_session_datagen - INFO - Event wekatrace1_0475b786230f3f2e24220d28e247eaee2dae:event_148_parent_turn_107 skipping — predecessor failed
2026-09-03 16:23:44,720 - inference_perf.datagen.replay.replay_graph_session_datagen - INFO - Event wekatrace1_0475b786230f3f2e24220d28e247eaee2dae:event_149_parent_turn_108 skipping — predecessor failed
2026-09-03 16:23:44,720 - inference_perf.datagen.replay.replay_graph_session_datagen - INFO - Event wekatrace1_0475b786230f3f2e24220d28e247eaee2dae:event_150_parent_turn_109 skipping — predecessor failed
2026-09-03 16:23:44,721 - inference_perf.datagen.replay.replay_graph_session_datagen - INFO - Event wekatrace1_0475b786230f3f2e24220d28e247eaee2dae:event_151_parent_turn_110 skipping — predecessor failed
2026-09-03 16:23:44,721 - inference_perf.datagen.replay.replay_graph_session_datagen - INFO - Event wekatrace1_0475b786230f3f2e24220d28e247eaee2dae:event_152_parent_turn_111 skipping — predecessor failed
2026-09-03 16:23:44,721 - inference_perf.datagen.replay.replay_graph_session_datagen - INFO - Event wekatrace1_0475b786230f3f2e24220d28e247eaee2dae:event_153_parent_turn_112 skipping — predecessor failed
2026-09-03 16:23:44,721 - inference_perf.datagen.replay.replay_graph_session_datagen - INFO - Event wekatrace1_0475b786230f3f2e24220d28e247eaee2dae:event_154_parent_turn_113 skipping — predecessor failed
2026-09-03 16:23:44,722 - inference_perf.datagen.replay.replay_graph_session_datagen - INFO - Event wekatrace1_0475b786230f3f2e24220d28e247eaee2dae:event_155_parent_turn_114 skipping — predecessor failed
2026-09-03 16:23:44,722 - inference_perf.datagen.replay.replay_graph_session_datagen - INFO - Event wekatrace1_0475b786230f3f2e24220d28e247eaee2dae:event_156_parent_turn_115 skipping — predecessor failed
2026-09-03 16:23:44,722 - inference_perf.datagen.replay.replay_graph_session_datagen - INFO - Event wekatrace1_0475b786230f3f2e24220d28e247eaee2dae:event_157_parent_turn_116 skipping — predecessor failed
2026-09-03 16:23:44,722 - inference_perf.datagen.replay.replay_graph_session_datagen - INFO - Event wekatrace1_0475b786230f3f2e24220d28e247eaee2dae:event_158_parent_turn_117 skipping — predecessor failed
2026-09-03 16:23:44,722 - inference_perf.datagen.replay.replay_graph_session_datagen - INFO - Event wekatrace1_0475b786230f3f2e24220d28e247eaee2dae:event_159_parent_turn_118 skipping — predecessor failed
2026-09-03 16:23:44,722 - inference_perf.datagen.replay.replay_graph_session_datagen - INFO - Event wekatrace1_0475b786230f3f2e24220d28e247eaee2dae:event_160_parent_turn_119 skipping — predecessor failed
2026-09-03 16:23:44,723 - inference_perf.datagen.replay.replay_graph_session_datagen - INFO - Event wekatrace1_0475b786230f3f2e24220d28e247eaee2dae:event_161_parent_turn_120 skipping — predecessor failed
2026-09-03 16:23:44,723 - inference_perf.datagen.replay.replay_graph_session_datagen - INFO - Event wekatrace1_0475b786230f3f2e24220d28e247eaee2dae:event_162_parent_turn_121 skipping — predecessor failed
2026-09-03 16:23:44,723 - inference_perf.datagen.replay.replay_graph_session_datagen - INFO - Event wekatrace1_0475b786230f3f2e24220d28e247eaee2dae:event_163_parent_turn_122 skipping — predecessor failed
2026-09-03 16:23:44,723 - inference_perf.datagen.replay.replay_graph_session_datagen - INFO - Event wekatrace1_0475b786230f3f2e24220d28e247eaee2dae:event_164_parent_turn_123 skipping — predecessor failed
2026-09-03 16:23:44,723 - inference_perf.datagen.replay.replay_graph_session_datagen - INFO - Event wekatrace1_0475b786230f3f2e24220d28e247eaee2dae:event_165_parent_turn_124 skipping — predecessor failed
2026-09-03 16:23:44,723 - inference_perf.datagen.replay.replay_graph_session_datagen - INFO - Event wekatrace1_0475b786230f3f2e24220d28e247eaee2dae:event_166_parent_turn_125 skipping — predecessor failed
2026-09-03 16:23:44,724 - inference_perf.datagen.replay.replay_graph_session_datagen - INFO - Event wekatrace1_0475b786230f3f2e24220d28e247eaee2dae:event_167_parent_turn_126 skipping — predecessor failed
2026-09-03 16:23:44,724 - inference_perf.datagen.replay.replay_graph_session_datagen - INFO - Event wekatrace1_0475b786230f3f2e24220d28e247eaee2dae:event_168_parent_turn_127 skipping — predecessor failed
2026-09-03 16:23:44,724 - inference_perf.datagen.replay.replay_graph_session_datagen - INFO - Event wekatrace1_0475b786230f3f2e24220d28e247eaee2dae:event_169_parent_turn_128 skipping — predecessor failed
2026-09-03 16:23:44,724 - inference_perf.datagen.replay.replay_graph_session_datagen - INFO - Event wekatrace1_0475b786230f3f2e24220d28e247eaee2dae:event_170_parent_turn_129 skipping — predecessor failed
2026-09-03 16:23:44,725 - inference_perf.datagen.replay.replay_graph_session_datagen - INFO - Event wekatrace1_0475b786230f3f2e24220d28e247eaee2dae:event_171_parent_turn_130 skipping — predecessor failed
2026-09-03 16:23:44,725 - inference_perf.datagen.replay.replay_graph_session_datagen - INFO - Event wekatrace1_0475b786230f3f2e24220d28e247eaee2dae:event_172_parent_turn_131 skipping — predecessor failed
2026-09-03 16:23:44,725 - inference_perf.datagen.replay.replay_graph_session_datagen - INFO - Event wekatrace1_0475b786230f3f2e24220d28e247eaee2dae:event_173_parent_turn_132 skipping — predecessor failed
2026-09-03 16:23:44,725 - inference_perf.datagen.replay.replay_graph_session_datagen - INFO - Event wekatrace1_0475b786230f3f2e24220d28e247eaee2dae:event_174_parent_turn_133 skipping — predecessor failed
2026-09-03 16:23:44,725 - inference_perf.datagen.replay.replay_graph_session_datagen - INFO - Event wekatrace1_0475b786230f3f2e24220d28e247eaee2dae:event_175_parent_turn_134 skipping — predecessor failed
2026-09-03 16:23:44,726 - inference_perf.datagen.replay.replay_graph_session_datagen - INFO - Event wekatrace1_0475b786230f3f2e24220d28e247eaee2dae:event_176_parent_turn_135 skipping — predecessor failed
2026-09-03 16:23:44,726 - inference_perf.datagen.replay.replay_graph_session_datagen - INFO - Event wekatrace1_0475b786230f3f2e24220d28e247eaee2dae:event_177_parent_turn_136 skipping — predecessor failed
2026-09-03 16:23:44,726 - inference_perf.datagen.replay.replay_graph_session_datagen - INFO - Event wekatrace1_0475b786230f3f2e24220d28e247eaee2dae:event_178_parent_turn_137 skipping — predecessor failed
2026-09-03 16:23:44,726 - inference_perf.datagen.replay.replay_graph_session_datagen - INFO - Event wekatrace1_0475b786230f3f2e24220d28e247eaee2dae:event_179_parent_turn_138 skipping — predecessor failed
2026-09-03 16:23:44,726 - inference_perf.datagen.replay.replay_graph_session_datagen - INFO - Event wekatrace1_0475b786230f3f2e24220d28e247eaee2dae:event_180_parent_turn_139 skipping — predecessor failed
2026-09-03 16:23:44,727 - inference_perf.datagen.replay.replay_graph_session_datagen - INFO - Event wekatrace1_0475b786230f3f2e24220d28e247eaee2dae:event_181_parent_turn_140 skipping — predecessor failed
2026-09-03 16:23:44,727 - inference_perf.datagen.replay.replay_graph_session_datagen - INFO - Event wekatrace1_0475b786230f3f2e24220d28e247eaee2dae:event_182_parent_turn_141 skipping — predecessor failed
2026-09-03 16:23:44,727 - inference_perf.datagen.replay.replay_graph_session_datagen - INFO - Event wekatrace1_0475b786230f3f2e24220d28e247eaee2dae:event_183_parent_turn_142 skipping — predecessor failed
2026-09-03 16:23:44,727 - inference_perf.datagen.replay.replay_graph_session_datagen - INFO - Event wekatrace1_0475b786230f3f2e24220d28e247eaee2dae:event_184_parent_turn_143 skipping — predecessor failed
2026-09-03 16:23:44,727 - inference_perf.datagen.replay.replay_graph_session_datagen - INFO - Event wekatrace1_0475b786230f3f2e24220d28e247eaee2dae:event_185_parent_turn_144 skipping — predecessor failed
2026-09-03 16:23:44,728 - inference_perf.datagen.replay.replay_graph_session_datagen - INFO - Event wekatrace1_0475b786230f3f2e24220d28e247eaee2dae:event_186_parent_turn_145 skipping — predecessor failed
2026-09-03 16:23:44,728 - inference_perf.datagen.replay.replay_graph_session_datagen - INFO - Event wekatrace1_0475b786230f3f2e24220d28e247eaee2dae:event_187_parent_turn_146 skipping — predecessor failed
2026-09-03 16:23:44,728 - inference_perf.datagen.replay.replay_graph_session_datagen - INFO - Event wekatrace1_0475b786230f3f2e24220d28e247eaee2dae:event_188_parent_turn_147 skipping — predecessor failed
2026-09-03 16:23:44,728 - inference_perf.datagen.replay.replay_graph_session_datagen - INFO - Event wekatrace1_0475b786230f3f2e24220d28e247eaee2dae:event_189_parent_turn_148 skipping — predecessor failed
2026-09-03 16:23:44,728 - inference_perf.datagen.replay.replay_graph_session_datagen - INFO - Event wekatrace1_0475b786230f3f2e24220d28e247eaee2dae:event_190_parent_turn_149 skipping — predecessor failed
2026-09-03 16:23:44,729 - inference_perf.datagen.replay.replay_graph_session_datagen - INFO - Event wekatrace1_0475b786230f3f2e24220d28e247eaee2dae:event_191_parent_turn_150 skipping — predecessor failed
2026-09-03 16:23:44,744 - inference_perf.datagen.replay.replay_graph_session_datagen - INFO - Event wekatrace3_05658118df5d398eec4703ce4fafe679ab30:event_083_parent_turn_33 skipping — predecessor wait failed: TimeoutError
2026-09-03 16:23:44,746 - inference_perf.datagen.replay.replay_graph_session_datagen - INFO - Event wekatrace3_05658118df5d398eec4703ce4fafe679ab30:event_084_parent_turn_34 skipping — predecessor failed
2026-09-03 16:23:44,747 - inference_perf.datagen.replay.replay_graph_session_datagen - INFO - Event wekatrace3_05658118df5d398eec4703ce4fafe679ab30:event_085_parent_turn_35 skipping — predecessor failed
2026-09-03 16:23:44,747 - inference_perf.datagen.replay.replay_graph_session_datagen - INFO - Event wekatrace3_05658118df5d398eec4703ce4fafe679ab30:event_086_parent_turn_36 skipping — predecessor failed
2026-09-03 16:23:44,748 - inference_perf.datagen.replay.replay_graph_session_datagen - INFO - Event wekatrace3_05658118df5d398eec4703ce4fafe679ab30:event_087_parent_turn_37 skipping — predecessor failed
2026-09-03 16:23:44,749 - inference_perf.datagen.replay.replay_graph_session_datagen - INFO - Event wekatrace3_05658118df5d398eec4703ce4fafe679ab30:event_088_parent_turn_38 skipping — predecessor failed
2026-09-03 16:23:44,749 - inference_perf.datagen.replay.replay_graph_session_datagen - INFO - Event wekatrace3_05658118df5d398eec4703ce4fafe679ab30:event_089_parent_turn_39 skipping — predecessor failed
2026-09-03 16:23:44,749 - inference_perf.datagen.replay.replay_graph_session_datagen - INFO - Event wekatrace3_05658118df5d398eec4703ce4fafe679ab30:event_090_parent_turn_40 skipping — predecessor failed
2026-09-03 16:23:44,749 - inference_perf.datagen.replay.replay_graph_session_datagen - INFO - Event wekatrace3_05658118df5d398eec4703ce4fafe679ab30:event_091_parent_turn_41 skipping — predecessor failed
2026-09-03 16:23:44,750 - inference_perf.datagen.replay.replay_graph_session_datagen - INFO - Event wekatrace3_05658118df5d398eec4703ce4fafe679ab30:event_092_parent_turn_42 skipping — predecessor failed
2026-09-03 16:23:44,751 - inference_perf.datagen.replay.replay_graph_session_datagen - INFO - Event wekatrace3_05658118df5d398eec4703ce4fafe679ab30:event_093_parent_turn_43 skipping — predecessor failed
2026-09-03 16:23:44,751 - inference_perf.datagen.replay.replay_graph_session_datagen - INFO - Event wekatrace3_05658118df5d398eec4703ce4fafe679ab30:event_094_parent_turn_44 skipping — predecessor failed
2026-09-03 16:23:44,751 - inference_perf.datagen.replay.replay_graph_session_datagen - INFO - Event wekatrace3_05658118df5d398eec4703ce4fafe679ab30:event_095_parent_turn_45 skipping — predecessor failed
2026-09-03 16:23:44,752 - inference_perf.datagen.replay.replay_graph_session_datagen - INFO - Event wekatrace3_05658118df5d398eec4703ce4fafe679ab30:event_096_parent_turn_46 skipping — predecessor failed
2026-09-03 16:23:44,752 - inference_perf.datagen.replay.replay_graph_session_datagen - INFO - Event wekatrace3_05658118df5d398eec4703ce4fafe679ab30:event_097_parent_turn_47 skipping — predecessor failed
2026-09-03 16:23:44,752 - inference_perf.datagen.replay.replay_graph_session_datagen - INFO - Event wekatrace3_05658118df5d398eec4703ce4fafe679ab30:event_098_parent_turn_48 skipping — predecessor failed
2026-09-03 16:23:44,752 - inference_perf.datagen.replay.replay_graph_session_datagen - INFO - Event wekatrace3_05658118df5d398eec4703ce4fafe679ab30:event_099_parent_turn_49 skipping — predecessor failed
2026-09-03 16:23:44,752 - inference_perf.datagen.replay.replay_graph_session_datagen - INFO - Event wekatrace3_05658118df5d398eec4703ce4fafe679ab30:event_100_parent_turn_50 skipping — predecessor failed
2026-09-03 16:23:44,752 - inference_perf.datagen.replay.replay_graph_session_datagen - INFO - Event wekatrace3_05658118df5d398eec4703ce4fafe679ab30:event_101_parent_turn_51 skipping — predecessor failed
2026-09-03 16:23:44,753 - inference_perf.datagen.replay.replay_graph_session_datagen - INFO - Event wekatrace3_05658118df5d398eec4703ce4fafe679ab30:event_102_parent_turn_52 skipping — predecessor failed
2026-09-03 16:23:44,753 - inference_perf.datagen.replay.replay_graph_session_datagen - INFO - Event wekatrace3_05658118df5d398eec4703ce4fafe679ab30:event_103_parent_turn_53 skipping — predecessor failed
2026-09-03 16:23:44,754 - inference_perf.datagen.replay.replay_graph_session_datagen - INFO - Event wekatrace3_05658118df5d398eec4703ce4fafe679ab30:event_104_parent_turn_54 skipping — predecessor failed
2026-09-03 16:23:44,754 - inference_perf.datagen.replay.replay_graph_session_datagen - INFO - Event wekatrace3_05658118df5d398eec4703ce4fafe679ab30:event_105_parent_turn_55 skipping — predecessor failed
2026-09-03 16:23:44,754 - inference_perf.datagen.replay.replay_graph_session_datagen - INFO - Event wekatrace3_05658118df5d398eec4703ce4fafe679ab30:event_106_parent_turn_56 skipping — predecessor failed
2026-09-03 16:23:44,754 - inference_perf.datagen.replay.replay_graph_session_datagen - INFO - Event wekatrace3_05658118df5d398eec4703ce4fafe679ab30:event_107_parent_turn_57 skipping — predecessor failed
2026-09-03 16:23:44,755 - inference_perf.datagen.replay.replay_graph_session_datagen - INFO - Event wekatrace3_05658118df5d398eec4703ce4fafe679ab30:event_108_parent_turn_58 skipping — predecessor failed
2026-09-03 16:23:44,755 - inference_perf.datagen.replay.replay_graph_session_datagen - INFO - Event wekatrace3_05658118df5d398eec4703ce4fafe679ab30:event_109_parent_turn_59 skipping — predecessor failed
2026-09-03 16:23:44,755 - inference_perf.datagen.replay.replay_graph_session_datagen - INFO - Event wekatrace3_05658118df5d398eec4703ce4fafe679ab30:event_110_parent_turn_60 skipping — predecessor failed
2026-09-03 16:23:44,755 - inference_perf.datagen.replay.replay_graph_session_datagen - INFO - Event wekatrace3_05658118df5d398eec4703ce4fafe679ab30:event_111_parent_turn_61 skipping — predecessor failed
2026-09-03 16:23:44,756 - inference_perf.datagen.replay.replay_graph_session_datagen - INFO - Event wekatrace3_05658118df5d398eec4703ce4fafe679ab30:event_112_parent_turn_62 skipping — predecessor failed
2026-09-03 16:23:44,756 - inference_perf.datagen.replay.replay_graph_session_datagen - INFO - Event wekatrace3_05658118df5d398eec4703ce4fafe679ab30:event_113_parent_turn_63 skipping — predecessor failed
2026-09-03 16:23:44,756 - inference_perf.datagen.replay.replay_graph_session_datagen - INFO - Event wekatrace3_05658118df5d398eec4703ce4fafe679ab30:event_114_parent_turn_64 skipping — predecessor failed
2026-09-03 16:23:44,757 - inference_perf.datagen.replay.replay_graph_session_datagen - INFO - Event wekatrace3_05658118df5d398eec4703ce4fafe679ab30:event_115_parent_turn_65 skipping — predecessor failed
2026-09-03 16:23:44,757 - inference_perf.datagen.replay.replay_graph_session_datagen - INFO - Event wekatrace3_05658118df5d398eec4703ce4fafe679ab30:event_116_parent_turn_66 skipping — predecessor failed
2026-09-03 16:23:44,757 - inference_perf.datagen.replay.replay_graph_session_datagen - INFO - Event wekatrace3_05658118df5d398eec4703ce4fafe679ab30:event_117_parent_turn_67 skipping — predecessor failed
2026-09-03 16:23:44,757 - inference_perf.datagen.replay.replay_graph_session_datagen - INFO - Event wekatrace3_05658118df5d398eec4703ce4fafe679ab30:event_118_parent_turn_68 skipping — predecessor failed
2026-09-03 16:23:44,758 - inference_perf.datagen.replay.replay_graph_session_datagen - INFO - Event wekatrace3_05658118df5d398eec4703ce4fafe679ab30:event_119_parent_turn_69 skipping — predecessor failed
2026-09-03 16:23:44,759 - inference_perf.datagen.replay.replay_graph_session_datagen - INFO - Event wekatrace3_05658118df5d398eec4703ce4fafe679ab30:event_120_parent_turn_70 skipping — predecessor failed
2026-09-03 16:23:44,759 - inference_perf.datagen.replay.replay_graph_session_datagen - INFO - Event wekatrace3_05658118df5d398eec4703ce4fafe679ab30:event_121_parent_turn_71 skipping — predecessor failed
2026-09-03 16:23:44,760 - inference_perf.datagen.replay.replay_graph_session_datagen - INFO - Event wekatrace3_05658118df5d398eec4703ce4fafe679ab30:event_122_parent_turn_72 skipping — predecessor failed
2026-09-03 16:23:44,761 - inference_perf.datagen.replay.replay_graph_session_datagen - INFO - Event wekatrace3_05658118df5d398eec4703ce4fafe679ab30:event_123_parent_turn_73 skipping — predecessor failed
2026-09-03 16:23:44,761 - inference_perf.datagen.replay.replay_graph_session_datagen - INFO - Event wekatrace3_05658118df5d398eec4703ce4fafe679ab30:event_124_parent_turn_74 skipping — predecessor failed
2026-09-03 16:23:44,762 - inference_perf.datagen.replay.replay_graph_session_datagen - INFO - Event wekatrace3_05658118df5d398eec4703ce4fafe679ab30:event_125_parent_turn_75 skipping — predecessor failed
2026-09-03 16:23:44,762 - inference_perf.datagen.replay.replay_graph_session_datagen - INFO - Event wekatrace3_05658118df5d398eec4703ce4fafe679ab30:event_126_parent_turn_76 skipping — predecessor failed
2026-09-03 16:23:44,762 - inference_perf.datagen.replay.replay_graph_session_datagen - INFO - Event wekatrace3_05658118df5d398eec4703ce4fafe679ab30:event_127_parent_turn_77 skipping — predecessor failed
2026-09-03 16:23:44,762 - inference_perf.datagen.replay.replay_graph_session_datagen - INFO - Event wekatrace3_05658118df5d398eec4703ce4fafe679ab30:event_128_parent_turn_78 skipping — predecessor failed
2026-09-03 16:23:44,763 - inference_perf.datagen.replay.replay_graph_session_datagen - INFO - Event wekatrace3_05658118df5d398eec4703ce4fafe679ab30:event_129_parent_turn_79 skipping — predecessor failed
2026-09-03 16:23:44,763 - inference_perf.datagen.replay.replay_graph_session_datagen - INFO - Event wekatrace3_05658118df5d398eec4703ce4fafe679ab30:event_130_parent_turn_80 skipping — predecessor failed
2026-09-03 16:23:44,763 - inference_perf.datagen.replay.replay_graph_session_datagen - INFO - Event wekatrace3_05658118df5d398eec4703ce4fafe679ab30:event_131_parent_turn_81 skipping — predecessor failed
2026-09-03 16:23:44,763 - inference_perf.datagen.replay.replay_graph_session_datagen - INFO - Event wekatrace3_05658118df5d398eec4703ce4fafe679ab30:event_132_parent_turn_82 skipping — predecessor failed
2026-09-03 16:23:44,764 - inference_perf.datagen.replay.replay_graph_session_datagen - INFO - Event wekatrace3_05658118df5d398eec4703ce4fafe679ab30:event_133_parent_turn_83 skipping — predecessor failed
2026-09-03 16:23:44,764 - inference_perf.datagen.replay.replay_graph_session_datagen - INFO - Event wekatrace3_05658118df5d398eec4703ce4fafe679ab30:event_134_parent_turn_84 skipping — predecessor failed
2026-09-03 16:23:44,764 - inference_perf.datagen.replay.replay_graph_session_datagen - INFO - Event wekatrace3_05658118df5d398eec4703ce4fafe679ab30:event_135_parent_turn_85 skipping — predecessor failed
2026-09-03 16:23:44,764 - inference_perf.datagen.replay.replay_graph_session_datagen - INFO - Event wekatrace3_05658118df5d398eec4703ce4fafe679ab30:event_136_parent_turn_86 skipping — predecessor failed
2026-09-03 16:23:44,764 - inference_perf.datagen.replay.replay_graph_session_datagen - INFO - Event wekatrace3_05658118df5d398eec4703ce4fafe679ab30:event_137_parent_turn_87 skipping — predecessor failed
2026-09-03 16:23:44,765 - inference_perf.datagen.replay.replay_graph_session_datagen - INFO - Event wekatrace3_05658118df5d398eec4703ce4fafe679ab30:event_138_parent_turn_88 skipping — predecessor failed
2026-09-03 16:23:44,765 - inference_perf.datagen.replay.replay_graph_session_datagen - INFO - Event wekatrace3_05658118df5d398eec4703ce4fafe679ab30:event_139_parent_turn_89 skipping — predecessor failed
2026-09-03 16:23:44,765 - inference_perf.datagen.replay.replay_graph_session_datagen - INFO - Event wekatrace3_05658118df5d398eec4703ce4fafe679ab30:event_140_parent_turn_90 skipping — predecessor failed
2026-09-03 16:23:44,765 - inference_perf.datagen.replay.replay_graph_session_datagen - INFO - Event wekatrace3_05658118df5d398eec4703ce4fafe679ab30:event_141_parent_turn_91 skipping — predecessor failed
2026-09-03 16:23:44,765 - inference_perf.datagen.replay.replay_graph_session_datagen - INFO - Event wekatrace3_05658118df5d398eec4703ce4fafe679ab30:event_142_parent_turn_92 skipping — predecessor failed
2026-09-03 16:23:44,765 - inference_perf.datagen.replay.replay_graph_session_datagen - INFO - Event wekatrace3_05658118df5d398eec4703ce4fafe679ab30:event_143_parent_turn_93 skipping — predecessor failed
2026-09-03 16:23:44,766 - inference_perf.datagen.replay.replay_graph_session_datagen - INFO - Event wekatrace3_05658118df5d398eec4703ce4fafe679ab30:event_144_parent_turn_94 skipping — predecessor failed
2026-09-03 16:23:44,766 - inference_perf.datagen.replay.replay_graph_session_datagen - INFO - Event wekatrace3_05658118df5d398eec4703ce4fafe679ab30:event_145_parent_turn_95 skipping — predecessor failed
2026-09-03 16:23:44,766 - inference_perf.datagen.replay.replay_graph_session_datagen - INFO - Event wekatrace3_05658118df5d398eec4703ce4fafe679ab30:event_146_parent_turn_96 skipping — predecessor failed
2026-09-03 16:23:44,766 - inference_perf.datagen.replay.replay_graph_session_datagen - INFO - Event wekatrace3_05658118df5d398eec4703ce4fafe679ab30:event_147_parent_turn_97 skipping — predecessor failed
2026-09-03 16:23:44,766 - inference_perf.datagen.replay.replay_graph_session_datagen - INFO - Event wekatrace3_05658118df5d398eec4703ce4fafe679ab30:event_148_parent_turn_98 skipping — predecessor failed
2026-09-03 16:23:44,766 - inference_perf.datagen.replay.replay_graph_session_datagen - INFO - Event wekatrace3_05658118df5d398eec4703ce4fafe679ab30:event_149_parent_turn_99 skipping — predecessor failed
2026-09-03 16:23:44,766 - inference_perf.datagen.replay.replay_graph_session_datagen - INFO - Event wekatrace3_05658118df5d398eec4703ce4fafe679ab30:event_150_parent_turn_100 skipping — predecessor failed
2026-09-03 16:23:44,766 - inference_perf.datagen.replay.replay_graph_session_datagen - INFO - Event wekatrace3_05658118df5d398eec4703ce4fafe679ab30:event_151_parent_turn_101 skipping — predecessor failed
2026-09-03 16:23:44,766 - inference_perf.datagen.replay.replay_graph_session_datagen - INFO - Event wekatrace3_05658118df5d398eec4703ce4fafe679ab30:event_152_parent_turn_102 skipping — predecessor failed
2026-09-03 16:23:44,767 - inference_perf.datagen.replay.replay_graph_session_datagen - INFO - Event wekatrace3_05658118df5d398eec4703ce4fafe679ab30:event_153_parent_turn_103 skipping — predecessor failed
2026-09-03 16:23:44,767 - inference_perf.datagen.replay.replay_graph_session_datagen - INFO - Event wekatrace3_05658118df5d398eec4703ce4fafe679ab30:event_154_parent_turn_104 skipping — predecessor failed
2026-09-03 16:23:44,767 - inference_perf.datagen.replay.replay_graph_session_datagen - INFO - Event wekatrace3_05658118df5d398eec4703ce4fafe679ab30:event_155_parent_turn_105 skipping — predecessor failed
2026-09-03 16:23:44,767 - inference_perf.datagen.replay.replay_graph_session_datagen - INFO - Event wekatrace3_05658118df5d398eec4703ce4fafe679ab30:event_156_parent_turn_106 skipping — predecessor failed
2026-09-03 16:23:44,767 - inference_perf.datagen.replay.replay_graph_session_datagen - INFO - Event wekatrace3_05658118df5d398eec4703ce4fafe679ab30:event_157_parent_turn_107 skipping — predecessor failed
2026-09-03 16:23:44,767 - inference_perf.datagen.replay.replay_graph_session_datagen - INFO - Event wekatrace3_05658118df5d398eec4703ce4fafe679ab30:event_158_parent_turn_108 skipping — predecessor failed
2026-09-03 16:23:44,767 - inference_perf.datagen.replay.replay_graph_session_datagen - INFO - Event wekatrace3_05658118df5d398eec4703ce4fafe679ab30:event_159_parent_turn_109 skipping — predecessor failed
2026-09-03 16:23:44,767 - inference_perf.datagen.replay.replay_graph_session_datagen - INFO - Event wekatrace3_05658118df5d398eec4703ce4fafe679ab30:event_160_parent_turn_110 skipping — predecessor failed
2026-09-03 16:23:44,768 - inference_perf.datagen.replay.replay_graph_session_datagen - INFO - Event wekatrace3_05658118df5d398eec4703ce4fafe679ab30:event_161_parent_turn_111 skipping — predecessor failed
2026-09-03 16:23:44,768 - inference_perf.datagen.replay.replay_graph_session_datagen - INFO - Event wekatrace3_05658118df5d398eec4703ce4fafe679ab30:event_162_parent_turn_112 skipping — predecessor failed
2026-09-03 16:23:44,768 - inference_perf.datagen.replay.replay_graph_session_datagen - INFO - Event wekatrace3_05658118df5d398eec4703ce4fafe679ab30:event_163_parent_turn_113 skipping — predecessor failed
2026-09-03 16:23:44,768 - inference_perf.datagen.replay.replay_graph_session_datagen - INFO - Event wekatrace3_05658118df5d398eec4703ce4fafe679ab30:event_164_parent_turn_114 skipping — predecessor failed
2026-09-03 16:23:44,768 - inference_perf.datagen.replay.replay_graph_session_datagen - INFO - Event wekatrace3_05658118df5d398eec4703ce4fafe679ab30:event_165_parent_turn_115 skipping — predecessor failed
2026-09-03 16:23:44,776 - inference_perf.datagen.replay.replay_graph_session_datagen - INFO - Event wekatrace3_05658118df5d398eec4703ce4fafe679ab30:event_166_parent_turn_116 skipping — predecessor failed
2026-09-03 16:23:44,781 - inference_perf.datagen.replay.replay_graph_session_datagen - INFO - Event wekatrace3_05658118df5d398eec4703ce4fafe679ab30:event_167_parent_turn_117 skipping — predecessor failed
2026-09-03 16:23:44,781 - inference_perf.datagen.replay.replay_graph_session_datagen - INFO - Event wekatrace3_05658118df5d398eec4703ce4fafe679ab30:event_168_parent_turn_118 skipping — predecessor failed
2026-09-03 16:23:44,782 - inference_perf.datagen.replay.replay_graph_session_datagen - INFO - Event wekatrace3_05658118df5d398eec4703ce4fafe679ab30:event_169_parent_turn_119 skipping — predecessor failed
2026-09-03 16:23:44,783 - inference_perf.datagen.replay.replay_graph_session_datagen - INFO - Event wekatrace3_05658118df5d398eec4703ce4fafe679ab30:event_170_parent_turn_120 skipping — predecessor failed
2026-09-03 16:23:44,783 - inference_perf.datagen.replay.replay_graph_session_datagen - INFO - Event wekatrace3_05658118df5d398eec4703ce4fafe679ab30:event_171_sa_subagent_002_18f099d9_s0_turn_0 skipping — predecessor failed
2026-09-03 16:23:44,784 - inference_perf.datagen.replay.replay_graph_session_datagen - INFO - Event wekatrace3_05658118df5d398eec4703ce4fafe679ab30:event_218_parent_turn_121 skipping — predecessor failed
2026-09-03 16:23:44,784 - inference_perf.datagen.replay.replay_graph_session_datagen - INFO - Event wekatrace3_05658118df5d398eec4703ce4fafe679ab30:event_172_sa_subagent_002_18f099d9_s0_turn_1 skipping — predecessor failed
2026-09-03 16:23:44,784 - inference_perf.datagen.replay.replay_graph_session_datagen - INFO - Event wekatrace3_05658118df5d398eec4703ce4fafe679ab30:event_219_parent_turn_122 skipping — predecessor failed
2026-09-03 16:23:44,784 - inference_perf.datagen.replay.replay_graph_session_datagen - INFO - Event wekatrace3_05658118df5d398eec4703ce4fafe679ab30:event_173_sa_subagent_002_18f099d9_s0_turn_2 skipping — predecessor failed
2026-09-03 16:23:44,785 - inference_perf.datagen.replay.replay_graph_session_datagen - INFO - Event wekatrace3_05658118df5d398eec4703ce4fafe679ab30:event_220_parent_turn_123 skipping — predecessor failed
2026-09-03 16:23:44,785 - inference_perf.datagen.replay.replay_graph_session_datagen - INFO - Event wekatrace3_05658118df5d398eec4703ce4fafe679ab30:event_174_sa_subagent_002_18f099d9_s0_turn_3 skipping — predecessor failed
2026-09-03 16:23:44,785 - inference_perf.datagen.replay.replay_graph_session_datagen - INFO - Event wekatrace3_05658118df5d398eec4703ce4fafe679ab30:event_175_sa_subagent_002_18f099d9_s0_turn_4 skipping — predecessor failed
2026-09-03 16:23:44,785 - inference_perf.datagen.replay.replay_graph_session_datagen - INFO - Event wekatrace3_05658118df5d398eec4703ce4fafe679ab30:event_176_sa_subagent_002_18f099d9_s0_turn_5 skipping — predecessor failed
2026-09-03 16:23:44,785 - inference_perf.datagen.replay.replay_graph_session_datagen - INFO - Event wekatrace3_05658118df5d398eec4703ce4fafe679ab30:event_177_sa_subagent_002_18f099d9_s0_turn_6 skipping — predecessor failed
2026-09-03 16:23:44,786 - inference_perf.datagen.replay.replay_graph_session_datagen - INFO - Event wekatrace3_05658118df5d398eec4703ce4fafe679ab30:event_178_sa_subagent_002_18f099d9_s0_turn_7 skipping — predecessor failed
2026-09-03 16:23:44,786 - inference_perf.datagen.replay.replay_graph_session_datagen - INFO - Event wekatrace3_05658118df5d398eec4703ce4fafe679ab30:event_179_sa_subagent_002_18f099d9_s0_turn_8 skipping — predecessor failed
2026-09-03 16:23:44,786 - inference_perf.datagen.replay.replay_graph_session_datagen - INFO - Event wekatrace3_05658118df5d398eec4703ce4fafe679ab30:event_180_sa_subagent_002_18f099d9_s0_turn_9 skipping — predecessor failed
2026-09-03 16:23:44,786 - inference_perf.datagen.replay.replay_graph_session_datagen - INFO - Event wekatrace3_05658118df5d398eec4703ce4fafe679ab30:event_181_sa_subagent_002_18f099d9_s0_turn_10 skipping — predecessor failed
2026-09-03 16:23:44,787 - inference_perf.datagen.replay.replay_graph_session_datagen - INFO - Event wekatrace3_05658118df5d398eec4703ce4fafe679ab30:event_182_sa_subagent_002_18f099d9_s0_turn_11 skipping — predecessor failed
2026-09-03 16:23:44,787 - inference_perf.datagen.replay.replay_graph_session_datagen - INFO - Event wekatrace3_05658118df5d398eec4703ce4fafe679ab30:event_183_sa_subagent_002_18f099d9_s0_turn_12 skipping — predecessor failed
2026-09-03 16:23:44,787 - inference_perf.datagen.replay.replay_graph_session_datagen - INFO - Event wekatrace3_05658118df5d398eec4703ce4fafe679ab30:event_184_sa_subagent_002_18f099d9_s0_turn_13 skipping — predecessor failed
2026-09-03 16:23:44,787 - inference_perf.datagen.replay.replay_graph_session_datagen - INFO - Event wekatrace3_05658118df5d398eec4703ce4fafe679ab30:event_185_sa_subagent_002_18f099d9_s0_turn_14 skipping — predecessor failed
2026-09-03 16:23:44,787 - inference_perf.datagen.replay.replay_graph_session_datagen - INFO - Event wekatrace3_05658118df5d398eec4703ce4fafe679ab30:event_186_sa_subagent_002_18f099d9_s0_turn_15 skipping — predecessor failed
2026-09-03 16:23:44,788 - inference_perf.datagen.replay.replay_graph_session_datagen - INFO - Event wekatrace3_05658118df5d398eec4703ce4fafe679ab30:event_187_sa_subagent_002_18f099d9_s0_turn_16 skipping — predecessor failed
2026-09-03 16:23:44,791 - inference_perf.datagen.replay.replay_graph_session_datagen - INFO - Event wekatrace3_05658118df5d398eec4703ce4fafe679ab30:event_188_sa_subagent_002_18f099d9_s0_turn_17 skipping — predecessor failed
2026-09-03 16:23:44,794 - inference_perf.datagen.replay.replay_graph_session_datagen - INFO - Event wekatrace3_05658118df5d398eec4703ce4fafe679ab30:event_189_sa_subagent_002_18f099d9_s0_turn_18 skipping — predecessor failed
2026-09-03 16:23:44,794 - inference_perf.datagen.replay.replay_graph_session_datagen - INFO - Event wekatrace3_05658118df5d398eec4703ce4fafe679ab30:event_190_sa_subagent_002_18f099d9_s0_turn_19 skipping — predecessor failed
2026-09-03 16:23:44,795 - inference_perf.datagen.replay.replay_graph_session_datagen - INFO - Event wekatrace3_05658118df5d398eec4703ce4fafe679ab30:event_191_sa_subagent_002_18f099d9_s0_turn_20 skipping — predecessor failed
2026-09-03 16:23:44,795 - inference_perf.datagen.replay.replay_graph_session_datagen - INFO - Event wekatrace3_05658118df5d398eec4703ce4fafe679ab30:event_192_sa_subagent_002_18f099d9_s0_turn_21 skipping — predecessor failed
2026-09-03 16:23:44,796 - inference_perf.datagen.replay.replay_graph_session_datagen - INFO - Event wekatrace3_05658118df5d398eec4703ce4fafe679ab30:event_193_sa_subagent_002_18f099d9_s0_turn_22 skipping — predecessor failed
2026-09-03 16:23:44,797 - inference_perf.datagen.replay.replay_graph_session_datagen - INFO - Event wekatrace3_05658118df5d398eec4703ce4fafe679ab30:event_194_sa_subagent_002_18f099d9_s0_turn_23 skipping — predecessor failed
2026-09-03 16:23:44,798 - inference_perf.datagen.replay.replay_graph_session_datagen - INFO - Event wekatrace3_05658118df5d398eec4703ce4fafe679ab30:event_195_sa_subagent_002_18f099d9_s0_turn_24 skipping — predecessor failed
2026-09-03 16:23:44,798 - inference_perf.datagen.replay.replay_graph_session_datagen - INFO - Event wekatrace3_05658118df5d398eec4703ce4fafe679ab30:event_196_sa_subagent_002_18f099d9_s0_turn_25 skipping — predecessor failed
2026-09-03 16:23:44,799 - inference_perf.datagen.replay.replay_graph_session_datagen - INFO - Event wekatrace3_05658118df5d398eec4703ce4fafe679ab30:event_197_sa_subagent_002_18f099d9_s0_turn_26 skipping — predecessor failed
2026-09-03 16:23:44,799 - inference_perf.datagen.replay.replay_graph_session_datagen - INFO - Event wekatrace3_05658118df5d398eec4703ce4fafe679ab30:event_198_sa_subagent_002_18f099d9_s0_turn_27 skipping — predecessor failed
2026-09-03 16:23:44,799 - inference_perf.datagen.replay.replay_graph_session_datagen - INFO - Event wekatrace3_05658118df5d398eec4703ce4fafe679ab30:event_199_sa_subagent_002_18f099d9_s0_turn_28 skipping — predecessor failed
2026-09-03 16:23:44,800 - inference_perf.datagen.replay.replay_graph_session_datagen - INFO - Event wekatrace3_05658118df5d398eec4703ce4fafe679ab30:event_200_sa_subagent_002_18f099d9_s0_turn_29 skipping — predecessor failed
2026-09-03 16:23:44,800 - inference_perf.datagen.replay.replay_graph_session_datagen - INFO - Event wekatrace3_05658118df5d398eec4703ce4fafe679ab30:event_201_sa_subagent_002_18f099d9_s0_turn_30 skipping — predecessor failed
2026-09-03 16:23:44,800 - inference_perf.datagen.replay.replay_graph_session_datagen - INFO - Event wekatrace3_05658118df5d398eec4703ce4fafe679ab30:event_202_sa_subagent_002_18f099d9_s0_turn_31 skipping — predecessor failed
2026-09-03 16:23:44,800 - inference_perf.datagen.replay.replay_graph_session_datagen - INFO - Event wekatrace3_05658118df5d398eec4703ce4fafe679ab30:event_203_sa_subagent_002_18f099d9_s0_turn_32 skipping — predecessor failed
2026-09-03 16:23:44,801 - inference_perf.datagen.replay.replay_graph_session_datagen - INFO - Event wekatrace3_05658118df5d398eec4703ce4fafe679ab30:event_204_sa_subagent_002_18f099d9_s0_turn_33 skipping — predecessor failed
2026-09-03 16:23:44,801 - inference_perf.datagen.replay.replay_graph_session_datagen - INFO - Event wekatrace3_05658118df5d398eec4703ce4fafe679ab30:event_205_sa_subagent_002_18f099d9_s0_turn_34 skipping — predecessor failed
2026-09-03 16:23:44,801 - inference_perf.datagen.replay.replay_graph_session_datagen - INFO - Event wekatrace3_05658118df5d398eec4703ce4fafe679ab30:event_206_sa_subagent_002_18f099d9_s0_turn_35 skipping — predecessor failed
2026-09-03 16:23:44,801 - inference_perf.datagen.replay.replay_graph_session_datagen - INFO - Event wekatrace3_05658118df5d398eec4703ce4fafe679ab30:event_207_sa_subagent_002_18f099d9_s0_turn_36 skipping — predecessor failed
2026-09-03 16:23:44,802 - inference_perf.datagen.replay.replay_graph_session_datagen - INFO - Event wekatrace3_05658118df5d398eec4703ce4fafe679ab30:event_208_sa_subagent_002_18f099d9_s0_turn_37 skipping — predecessor failed
2026-09-03 16:23:44,802 - inference_perf.datagen.replay.replay_graph_session_datagen - INFO - Event wekatrace3_05658118df5d398eec4703ce4fafe679ab30:event_209_sa_subagent_002_18f099d9_s0_turn_38 skipping — predecessor failed
2026-09-03 16:23:44,802 - inference_perf.datagen.replay.replay_graph_session_datagen - INFO - Event wekatrace3_05658118df5d398eec4703ce4fafe679ab30:event_210_sa_subagent_002_18f099d9_s0_turn_39 skipping — predecessor failed
2026-09-03 16:23:44,802 - inference_perf.datagen.replay.replay_graph_session_datagen - INFO - Event wekatrace3_05658118df5d398eec4703ce4fafe679ab30:event_211_sa_subagent_002_18f099d9_s0_turn_40 skipping — predecessor failed
2026-09-03 16:23:44,803 - inference_perf.datagen.replay.replay_graph_session_datagen - INFO - Event wekatrace3_05658118df5d398eec4703ce4fafe679ab30:event_212_sa_subagent_002_18f099d9_s0_turn_41 skipping — predecessor failed
2026-09-03 16:23:44,804 - inference_perf.datagen.replay.replay_graph_session_datagen - INFO - Event wekatrace3_05658118df5d398eec4703ce4fafe679ab30:event_213_sa_subagent_002_18f099d9_s0_turn_42 skipping — predecessor failed
2026-09-03 16:23:44,804 - inference_perf.datagen.replay.replay_graph_session_datagen - INFO - Event wekatrace3_05658118df5d398eec4703ce4fafe679ab30:event_214_sa_subagent_002_18f099d9_s0_turn_43 skipping — predecessor failed
2026-09-03 16:23:44,805 - inference_perf.datagen.replay.replay_graph_session_datagen - INFO - Event wekatrace3_05658118df5d398eec4703ce4fafe679ab30:event_215_sa_subagent_002_18f099d9_s0_turn_44 skipping — predecessor failed
2026-09-03 16:23:44,806 - inference_perf.datagen.replay.replay_graph_session_datagen - INFO - Event wekatrace3_05658118df5d398eec4703ce4fafe679ab30:event_216_sa_subagent_002_18f099d9_s0_turn_45 skipping — predecessor failed
2026-09-03 16:23:44,806 - inference_perf.datagen.replay.replay_graph_session_datagen - INFO - Event wekatrace3_05658118df5d398eec4703ce4fafe679ab30:event_217_sa_subagent_002_18f099d9_s0_turn_46 skipping — predecessor failed
2026-09-03 16:23:44,811 - inference_perf.datagen.replay.replay_graph_session_datagen - INFO - Event wekatrace21_1c51f458e8b542059f13268dfd08554de56a:event_057_sa_subagent_003_f5c3f188_s0_turn_19 skipping — predecessor wait failed: TimeoutError
2026-09-03 16:23:44,812 - inference_perf.datagen.replay.replay_graph_session_datagen - INFO - Event wekatrace21_1c51f458e8b542059f13268dfd08554de56a:event_058_sa_subagent_003_f5c3f188_s0_turn_20 skipping — predecessor failed
2026-09-03 16:23:44,812 - inference_perf.datagen.replay.replay_graph_session_datagen - INFO - Event wekatrace21_1c51f458e8b542059f13268dfd08554de56a:event_059_sa_subagent_004_c60f1539_s0_turn_0 skipping — predecessor failed
2026-09-03 16:23:44,812 - inference_perf.datagen.replay.replay_graph_session_datagen - INFO - Event wekatrace21_1c51f458e8b542059f13268dfd08554de56a:event_064_sa_subagent_004_c60f1539_s0_turn_5 skipping — predecessor failed
2026-09-03 16:23:44,813 - inference_perf.datagen.replay.replay_graph_session_datagen - INFO - Event wekatrace21_1c51f458e8b542059f13268dfd08554de56a:event_060_sa_subagent_004_c60f1539_s0_turn_1 skipping — predecessor failed
2026-09-03 16:23:44,813 - inference_perf.datagen.replay.replay_graph_session_datagen - INFO - Event wekatrace21_1c51f458e8b542059f13268dfd08554de56a:event_065_sa_subagent_004_c60f1539_s0_turn_6 skipping — predecessor failed
2026-09-03 16:23:44,813 - inference_perf.datagen.replay.replay_graph_session_datagen - INFO - Event wekatrace21_1c51f458e8b542059f13268dfd08554de56a:event_061_sa_subagent_004_c60f1539_s0_turn_2 skipping — predecessor failed
2026-09-03 16:23:44,813 - inference_perf.datagen.replay.replay_graph_session_datagen - INFO - Event wekatrace21_1c51f458e8b542059f13268dfd08554de56a:event_066_sa_subagent_004_c60f1539_s0_turn_7 skipping — predecessor failed
2026-09-03 16:23:44,813 - inference_perf.datagen.replay.replay_graph_session_datagen - INFO - Event wekatrace21_1c51f458e8b542059f13268dfd08554de56a:event_062_sa_subagent_004_c60f1539_s0_turn_3 skipping — predecessor failed
2026-09-03 16:23:44,814 - inference_perf.datagen.replay.replay_graph_session_datagen - INFO - Event wekatrace21_1c51f458e8b542059f13268dfd08554de56a:event_063_sa_subagent_004_c60f1539_s0_turn_4 skipping — predecessor failed
2026-09-03 16:23:44,814 - inference_perf.datagen.replay.replay_graph_session_datagen - INFO - Event wekatrace21_1c51f458e8b542059f13268dfd08554de56a:event_067_sa_subagent_004_c60f1539_s0_turn_8 skipping — predecessor failed
2026-09-03 16:23:44,815 - inference_perf.datagen.replay.replay_graph_session_datagen - INFO - Event wekatrace21_1c51f458e8b542059f13268dfd08554de56a:event_139_parent_turn_30 skipping — predecessor failed
2026-09-03 16:23:44,815 - inference_perf.datagen.replay.replay_graph_session_datagen - INFO - Event wekatrace21_1c51f458e8b542059f13268dfd08554de56a:event_068_sa_subagent_004_c60f1539_s0_turn_9 skipping — predecessor failed
2026-09-03 16:23:44,815 - inference_perf.datagen.replay.replay_graph_session_datagen - INFO - Event wekatrace21_1c51f458e8b542059f13268dfd08554de56a:event_140_parent_turn_31 skipping — predecessor failed
2026-09-03 16:23:44,815 - inference_perf.datagen.replay.replay_graph_session_datagen - INFO - Event wekatrace21_1c51f458e8b542059f13268dfd08554de56a:event_069_sa_subagent_004_c60f1539_s0_turn_10 skipping — predecessor failed
2026-09-03 16:23:44,816 - inference_perf.datagen.replay.replay_graph_session_datagen - INFO - Event wekatrace21_1c51f458e8b542059f13268dfd08554de56a:event_141_parent_turn_32 skipping — predecessor failed
2026-09-03 16:23:44,816 - inference_perf.datagen.replay.replay_graph_session_datagen - INFO - Event wekatrace21_1c51f458e8b542059f13268dfd08554de56a:event_070_sa_subagent_004_c60f1539_s0_turn_11 skipping — predecessor failed
2026-09-03 16:23:44,816 - inference_perf.datagen.replay.replay_graph_session_datagen - INFO - Event wekatrace21_1c51f458e8b542059f13268dfd08554de56a:event_142_parent_turn_33 skipping — predecessor failed
2026-09-03 16:23:44,816 - inference_perf.datagen.replay.replay_graph_session_datagen - INFO - Event wekatrace21_1c51f458e8b542059f13268dfd08554de56a:event_071_sa_subagent_004_c60f1539_s0_turn_12 skipping — predecessor failed
2026-09-03 16:23:44,816 - inference_perf.datagen.replay.replay_graph_session_datagen - INFO - Event wekatrace21_1c51f458e8b542059f13268dfd08554de56a:event_143_parent_turn_34 skipping — predecessor failed
2026-09-03 16:23:44,816 - inference_perf.datagen.replay.replay_graph_session_datagen - INFO - Event wekatrace21_1c51f458e8b542059f13268dfd08554de56a:event_072_sa_subagent_004_c60f1539_s0_turn_13 skipping — predecessor failed
2026-09-03 16:23:44,816 - inference_perf.datagen.replay.replay_graph_session_datagen - INFO - Event wekatrace21_1c51f458e8b542059f13268dfd08554de56a:event_144_parent_turn_35 skipping — predecessor failed
2026-09-03 16:23:44,816 - inference_perf.datagen.replay.replay_graph_session_datagen - INFO - Event wekatrace21_1c51f458e8b542059f13268dfd08554de56a:event_073_sa_subagent_004_c60f1539_s0_turn_14 skipping — predecessor failed
2026-09-03 16:23:44,816 - inference_perf.datagen.replay.replay_graph_session_datagen - INFO - Event wekatrace21_1c51f458e8b542059f13268dfd08554de56a:event_145_parent_turn_36 skipping — predecessor failed
2026-09-03 16:23:44,817 - inference_perf.datagen.replay.replay_graph_session_datagen - INFO - Event wekatrace21_1c51f458e8b542059f13268dfd08554de56a:event_074_sa_subagent_004_c60f1539_s0_turn_15 skipping — predecessor failed
2026-09-03 16:23:44,817 - inference_perf.datagen.replay.replay_graph_session_datagen - INFO - Event wekatrace21_1c51f458e8b542059f13268dfd08554de56a:event_146_parent_turn_37 skipping — predecessor failed
2026-09-03 16:23:44,817 - inference_perf.datagen.replay.replay_graph_session_datagen - INFO - Event wekatrace21_1c51f458e8b542059f13268dfd08554de56a:event_075_sa_subagent_004_c60f1539_s0_turn_16 skipping — predecessor failed
2026-09-03 16:23:44,817 - inference_perf.datagen.replay.replay_graph_session_datagen - INFO - Event wekatrace21_1c51f458e8b542059f13268dfd08554de56a:event_147_parent_turn_38 skipping — predecessor failed
2026-09-03 16:23:44,817 - inference_perf.datagen.replay.replay_graph_session_datagen - INFO - Event wekatrace21_1c51f458e8b542059f13268dfd08554de56a:event_076_sa_subagent_004_c60f1539_s0_turn_17 skipping — predecessor failed
2026-09-03 16:23:44,817 - inference_perf.datagen.replay.replay_graph_session_datagen - INFO - Event wekatrace21_1c51f458e8b542059f13268dfd08554de56a:event_148_parent_turn_39 skipping — predecessor failed
2026-09-03 16:23:44,817 - inference_perf.datagen.replay.replay_graph_session_datagen - INFO - Event wekatrace21_1c51f458e8b542059f13268dfd08554de56a:event_077_sa_subagent_004_c60f1539_s0_turn_18 skipping — predecessor failed
2026-09-03 16:23:44,817 - inference_perf.datagen.replay.replay_graph_session_datagen - INFO - Event wekatrace21_1c51f458e8b542059f13268dfd08554de56a:event_078_sa_subagent_005_00c86d57_s0_turn_0 skipping — predecessor failed
2026-09-03 16:23:44,817 - inference_perf.datagen.replay.replay_graph_session_datagen - INFO - Event wekatrace21_1c51f458e8b542059f13268dfd08554de56a:event_083_sa_subagent_005_00c86d57_s0_turn_5 skipping — predecessor failed
2026-09-03 16:23:44,817 - inference_perf.datagen.replay.replay_graph_session_datagen - INFO - Event wekatrace21_1c51f458e8b542059f13268dfd08554de56a:event_149_parent_turn_40 skipping — predecessor failed
2026-09-03 16:23:44,818 - inference_perf.datagen.replay.replay_graph_session_datagen - INFO - Event wekatrace21_1c51f458e8b542059f13268dfd08554de56a:event_079_sa_subagent_005_00c86d57_s0_turn_1 skipping — predecessor failed
2026-09-03 16:23:44,818 - inference_perf.datagen.replay.replay_graph_session_datagen - INFO - Event wekatrace21_1c51f458e8b542059f13268dfd08554de56a:event_084_sa_subagent_005_00c86d57_s0_turn_6 skipping — predecessor failed
2026-09-03 16:23:44,818 - inference_perf.datagen.replay.replay_graph_session_datagen - INFO - Event wekatrace21_1c51f458e8b542059f13268dfd08554de56a:event_150_parent_turn_41 skipping — predecessor failed
2026-09-03 16:23:44,818 - inference_perf.datagen.replay.replay_graph_session_datagen - INFO - Event wekatrace21_1c51f458e8b542059f13268dfd08554de56a:event_151_parent_turn_42 skipping — predecessor failed
2026-09-03 16:23:44,818 - inference_perf.datagen.replay.replay_graph_session_datagen - INFO - Event wekatrace21_1c51f458e8b542059f13268dfd08554de56a:event_080_sa_subagent_005_00c86d57_s0_turn_2 skipping — predecessor failed
2026-09-03 16:23:44,818 - inference_perf.datagen.replay.replay_graph_session_datagen - INFO - Event wekatrace21_1c51f458e8b542059f13268dfd08554de56a:event_085_sa_subagent_005_00c86d57_s0_turn_7 skipping — predecessor failed
2026-09-03 16:23:44,818 - inference_perf.datagen.replay.replay_graph_session_datagen - INFO - Event wekatrace21_1c51f458e8b542059f13268dfd08554de56a:event_152_parent_turn_43 skipping — predecessor failed
2026-09-03 16:23:44,818 - inference_perf.datagen.replay.replay_graph_session_datagen - INFO - Event wekatrace21_1c51f458e8b542059f13268dfd08554de56a:event_081_sa_subagent_005_00c86d57_s0_turn_3 skipping — predecessor failed
2026-09-03 16:23:44,818 - inference_perf.datagen.replay.replay_graph_session_datagen - INFO - Event wekatrace21_1c51f458e8b542059f13268dfd08554de56a:event_086_sa_subagent_005_00c86d57_s0_turn_8 skipping — predecessor failed
2026-09-03 16:23:44,818 - inference_perf.datagen.replay.replay_graph_session_datagen - INFO - Event wekatrace21_1c51f458e8b542059f13268dfd08554de56a:event_153_parent_turn_44 skipping — predecessor failed
2026-09-03 16:23:44,819 - inference_perf.datagen.replay.replay_graph_session_datagen - INFO - Event wekatrace21_1c51f458e8b542059f13268dfd08554de56a:event_082_sa_subagent_005_00c86d57_s0_turn_4 skipping — predecessor failed
2026-09-03 16:23:44,819 - inference_perf.datagen.replay.replay_graph_session_datagen - INFO - Event wekatrace21_1c51f458e8b542059f13268dfd08554de56a:event_087_sa_subagent_005_00c86d57_s0_turn_9 skipping — predecessor failed
2026-09-03 16:23:44,819 - inference_perf.datagen.replay.replay_graph_session_datagen - INFO - Event wekatrace21_1c51f458e8b542059f13268dfd08554de56a:event_154_parent_turn_45 skipping — predecessor failed
2026-09-03 16:23:44,819 - inference_perf.datagen.replay.replay_graph_session_datagen - INFO - Event wekatrace21_1c51f458e8b542059f13268dfd08554de56a:event_088_sa_subagent_005_00c86d57_s0_turn_10 skipping — predecessor failed
2026-09-03 16:23:44,819 - inference_perf.datagen.replay.replay_graph_session_datagen - INFO - Event wekatrace21_1c51f458e8b542059f13268dfd08554de56a:event_089_sa_subagent_005_00c86d57_s0_turn_11 skipping — predecessor failed
2026-09-03 16:23:44,819 - inference_perf.datagen.replay.replay_graph_session_datagen - INFO - Event wekatrace21_1c51f458e8b542059f13268dfd08554de56a:event_090_sa_subagent_005_00c86d57_s0_turn_12 skipping — predecessor failed
2026-09-03 16:23:44,819 - inference_perf.datagen.replay.replay_graph_session_datagen - INFO - Event wekatrace21_1c51f458e8b542059f13268dfd08554de56a:event_091_sa_subagent_005_00c86d57_s0_turn_13 skipping — predecessor failed
2026-09-03 16:23:44,819 - inference_perf.datagen.replay.replay_graph_session_datagen - INFO - Event wekatrace21_1c51f458e8b542059f13268dfd08554de56a:event_092_sa_subagent_005_00c86d57_s0_turn_14 skipping — predecessor failed
2026-09-03 16:23:44,820 - inference_perf.datagen.replay.replay_graph_session_datagen - INFO - Event wekatrace21_1c51f458e8b542059f13268dfd08554de56a:event_093_sa_subagent_005_00c86d57_s0_turn_15 skipping — predecessor failed
2026-09-03 16:23:44,820 - inference_perf.datagen.replay.replay_graph_session_datagen - INFO - Event wekatrace21_1c51f458e8b542059f13268dfd08554de56a:event_094_sa_subagent_005_00c86d57_s0_turn_16 skipping — predecessor failed
2026-09-03 16:23:44,820 - inference_perf.datagen.replay.replay_graph_session_datagen - INFO - Event wekatrace21_1c51f458e8b542059f13268dfd08554de56a:event_095_sa_subagent_005_00c86d57_s0_turn_17 skipping — predecessor failed
2026-09-03 16:23:44,820 - inference_perf.datagen.replay.replay_graph_session_datagen - INFO - Event wekatrace21_1c51f458e8b542059f13268dfd08554de56a:event_096_sa_subagent_005_00c86d57_s0_turn_18 skipping — predecessor failed
2026-09-03 16:23:44,820 - inference_perf.datagen.replay.replay_graph_session_datagen - INFO - Event wekatrace21_1c51f458e8b542059f13268dfd08554de56a:event_097_sa_subagent_005_00c86d57_s0_turn_19 skipping — predecessor failed
2026-09-03 16:23:44,820 - inference_perf.datagen.replay.replay_graph_session_datagen - INFO - Event wekatrace21_1c51f458e8b542059f13268dfd08554de56a:event_098_sa_subagent_005_00c86d57_s0_turn_20 skipping — predecessor failed
2026-09-03 16:23:44,820 - inference_perf.datagen.replay.replay_graph_session_datagen - INFO - Event wekatrace21_1c51f458e8b542059f13268dfd08554de56a:event_099_sa_subagent_006_7a668a8b_s0_turn_0 skipping — predecessor failed
2026-09-03 16:23:44,820 - inference_perf.datagen.replay.replay_graph_session_datagen - INFO - Event wekatrace21_1c51f458e8b542059f13268dfd08554de56a:event_103_sa_subagent_006_7a668a8b_s0_turn_4 skipping — predecessor failed
2026-09-03 16:23:44,820 - inference_perf.datagen.replay.replay_graph_session_datagen - INFO - Event wekatrace21_1c51f458e8b542059f13268dfd08554de56a:event_100_sa_subagent_006_7a668a8b_s0_turn_1 skipping — predecessor failed
2026-09-03 16:23:44,821 - inference_perf.datagen.replay.replay_graph_session_datagen - INFO - Event wekatrace21_1c51f458e8b542059f13268dfd08554de56a:event_104_sa_subagent_006_7a668a8b_s0_turn_5 skipping — predecessor failed
2026-09-03 16:23:44,821 - inference_perf.datagen.replay.replay_graph_session_datagen - INFO - Event wekatrace21_1c51f458e8b542059f13268dfd08554de56a:event_101_sa_subagent_006_7a668a8b_s0_turn_2 skipping — predecessor failed
2026-09-03 16:23:44,822 - inference_perf.datagen.replay.replay_graph_session_datagen - INFO - Event wekatrace21_1c51f458e8b542059f13268dfd08554de56a:event_105_sa_subagent_006_7a668a8b_s0_turn_6 skipping — predecessor failed
2026-09-03 16:23:44,822 - inference_perf.datagen.replay.replay_graph_session_datagen - INFO - Event wekatrace21_1c51f458e8b542059f13268dfd08554de56a:event_102_sa_subagent_006_7a668a8b_s0_turn_3 skipping — predecessor failed
2026-09-03 16:23:44,823 - inference_perf.datagen.replay.replay_graph_session_datagen - INFO - Event wekatrace21_1c51f458e8b542059f13268dfd08554de56a:event_106_sa_subagent_006_7a668a8b_s0_turn_7 skipping — predecessor failed
2026-09-03 16:23:44,823 - inference_perf.datagen.replay.replay_graph_session_datagen - INFO - Event wekatrace21_1c51f458e8b542059f13268dfd08554de56a:event_107_sa_subagent_006_7a668a8b_s0_turn_8 skipping — predecessor failed
2026-09-03 16:23:44,823 - inference_perf.datagen.replay.replay_graph_session_datagen - INFO - Event wekatrace21_1c51f458e8b542059f13268dfd08554de56a:event_108_sa_subagent_006_7a668a8b_s0_turn_9 skipping — predecessor failed
2026-09-03 16:23:44,823 - inference_perf.datagen.replay.replay_graph_session_datagen - INFO - Event wekatrace21_1c51f458e8b542059f13268dfd08554de56a:event_109_sa_subagent_006_7a668a8b_s0_turn_10 skipping — predecessor failed
2026-09-03 16:23:44,823 - inference_perf.datagen.replay.replay_graph_session_datagen - INFO - Event wekatrace21_1c51f458e8b542059f13268dfd08554de56a:event_110_sa_subagent_006_7a668a8b_s0_turn_11 skipping — predecessor failed
2026-09-03 16:23:44,823 - inference_perf.datagen.replay.replay_graph_session_datagen - INFO - Event wekatrace21_1c51f458e8b542059f13268dfd08554de56a:event_111_sa_subagent_006_7a668a8b_s0_turn_12 skipping — predecessor failed
2026-09-03 16:23:44,824 - inference_perf.datagen.replay.replay_graph_session_datagen - INFO - Event wekatrace21_1c51f458e8b542059f13268dfd08554de56a:event_112_sa_subagent_006_7a668a8b_s0_turn_13 skipping — predecessor failed
2026-09-03 16:23:44,824 - inference_perf.datagen.replay.replay_graph_session_datagen - INFO - Event wekatrace21_1c51f458e8b542059f13268dfd08554de56a:event_113_parent_turn_4 skipping — predecessor failed
2026-09-03 16:23:44,824 - inference_perf.datagen.replay.replay_graph_session_datagen - INFO - Event wekatrace21_1c51f458e8b542059f13268dfd08554de56a:event_114_parent_turn_5 skipping — predecessor failed
2026-09-03 16:23:44,824 - inference_perf.datagen.replay.replay_graph_session_datagen - INFO - Event wekatrace21_1c51f458e8b542059f13268dfd08554de56a:event_115_parent_turn_6 skipping — predecessor failed
2026-09-03 16:23:44,824 - inference_perf.datagen.replay.replay_graph_session_datagen - INFO - Event wekatrace21_1c51f458e8b542059f13268dfd08554de56a:event_116_parent_turn_7 skipping — predecessor failed
2026-09-03 16:23:44,824 - inference_perf.datagen.replay.replay_graph_session_datagen - INFO - Event wekatrace21_1c51f458e8b542059f13268dfd08554de56a:event_117_parent_turn_8 skipping — predecessor failed
2026-09-03 16:23:44,824 - inference_perf.datagen.replay.replay_graph_session_datagen - INFO - Event wekatrace21_1c51f458e8b542059f13268dfd08554de56a:event_118_parent_turn_9 skipping — predecessor failed
2026-09-03 16:23:44,824 - inference_perf.datagen.replay.replay_graph_session_datagen - INFO - Event wekatrace21_1c51f458e8b542059f13268dfd08554de56a:event_119_parent_turn_10 skipping — predecessor failed
2026-09-03 16:23:44,824 - inference_perf.datagen.replay.replay_graph_session_datagen - INFO - Event wekatrace21_1c51f458e8b542059f13268dfd08554de56a:event_120_parent_turn_11 skipping — predecessor failed
2026-09-03 16:23:44,824 - inference_perf.datagen.replay.replay_graph_session_datagen - INFO - Event wekatrace21_1c51f458e8b542059f13268dfd08554de56a:event_121_parent_turn_12 skipping — predecessor failed
2026-09-03 16:23:44,825 - inference_perf.datagen.replay.replay_graph_session_datagen - INFO - Event wekatrace21_1c51f458e8b542059f13268dfd08554de56a:event_122_parent_turn_13 skipping — predecessor failed
2026-09-03 16:23:44,825 - inference_perf.datagen.replay.replay_graph_session_datagen - INFO - Event wekatrace21_1c51f458e8b542059f13268dfd08554de56a:event_123_parent_turn_14 skipping — predecessor failed
2026-09-03 16:23:44,825 - inference_perf.datagen.replay.replay_graph_session_datagen - INFO - Event wekatrace21_1c51f458e8b542059f13268dfd08554de56a:event_124_parent_turn_15 skipping — predecessor failed
2026-09-03 16:23:44,825 - inference_perf.datagen.replay.replay_graph_session_datagen - INFO - Event wekatrace21_1c51f458e8b542059f13268dfd08554de56a:event_125_parent_turn_16 skipping — predecessor failed
2026-09-03 16:23:44,825 - inference_perf.datagen.replay.replay_graph_session_datagen - INFO - Event wekatrace21_1c51f458e8b542059f13268dfd08554de56a:event_126_parent_turn_17 skipping — predecessor failed
2026-09-03 16:23:44,825 - inference_perf.datagen.replay.replay_graph_session_datagen - INFO - Event wekatrace21_1c51f458e8b542059f13268dfd08554de56a:event_127_parent_turn_18 skipping — predecessor failed
2026-09-03 16:23:44,825 - inference_perf.datagen.replay.replay_graph_session_datagen - INFO - Event wekatrace21_1c51f458e8b542059f13268dfd08554de56a:event_128_parent_turn_19 skipping — predecessor failed
2026-09-03 16:23:44,825 - inference_perf.datagen.replay.replay_graph_session_datagen - INFO - Event wekatrace21_1c51f458e8b542059f13268dfd08554de56a:event_129_parent_turn_20 skipping — predecessor failed
2026-09-03 16:23:44,826 - inference_perf.datagen.replay.replay_graph_session_datagen - INFO - Event wekatrace21_1c51f458e8b542059f13268dfd08554de56a:event_130_parent_turn_21 skipping — predecessor failed
2026-09-03 16:23:44,826 - inference_perf.datagen.replay.replay_graph_session_datagen - INFO - Event wekatrace21_1c51f458e8b542059f13268dfd08554de56a:event_131_parent_turn_22 skipping — predecessor failed
2026-09-03 16:23:44,826 - inference_perf.datagen.replay.replay_graph_session_datagen - INFO - Event wekatrace21_1c51f458e8b542059f13268dfd08554de56a:event_132_parent_turn_23 skipping — predecessor failed
2026-09-03 16:23:44,826 - inference_perf.datagen.replay.replay_graph_session_datagen - INFO - Event wekatrace21_1c51f458e8b542059f13268dfd08554de56a:event_133_parent_turn_24 skipping — predecessor failed
2026-09-03 16:23:44,826 - inference_perf.datagen.replay.replay_graph_session_datagen - INFO - Event wekatrace21_1c51f458e8b542059f13268dfd08554de56a:event_134_parent_turn_25 skipping — predecessor failed
2026-09-03 16:23:44,826 - inference_perf.datagen.replay.replay_graph_session_datagen - INFO - Event wekatrace21_1c51f458e8b542059f13268dfd08554de56a:event_135_parent_turn_26 skipping — predecessor failed
2026-09-03 16:23:44,826 - inference_perf.datagen.replay.replay_graph_session_datagen - INFO - Event wekatrace21_1c51f458e8b542059f13268dfd08554de56a:event_136_parent_turn_27 skipping — predecessor failed
2026-09-03 16:23:44,826 - inference_perf.datagen.replay.replay_graph_session_datagen - INFO - Event wekatrace21_1c51f458e8b542059f13268dfd08554de56a:event_137_parent_turn_28 skipping — predecessor failed
2026-09-03 16:23:44,826 - inference_perf.datagen.replay.replay_graph_session_datagen - INFO - Event wekatrace21_1c51f458e8b542059f13268dfd08554de56a:event_138_parent_turn_29 skipping — predecessor failed
2026-09-03 16:23:45,710 - inference_perf.datagen.replay.replay_graph_session_datagen - INFO - Event wekatrace14_0f9870e68e496146a60b68dd3f0aba9aced2:event_046_parent_turn_46 skipping — predecessor wait failed: TimeoutError
2026-09-03 16:23:45,712 - inference_perf.datagen.replay.replay_graph_session_datagen - INFO - Event wekatrace14_0f9870e68e496146a60b68dd3f0aba9aced2:event_047_parent_turn_47 skipping — predecessor failed
2026-09-03 16:23:45,713 - inference_perf.datagen.replay.replay_graph_session_datagen - INFO - Event wekatrace14_0f9870e68e496146a60b68dd3f0aba9aced2:event_048_parent_turn_48 skipping — predecessor failed
2026-09-03 16:23:45,713 - inference_perf.datagen.replay.replay_graph_session_datagen - INFO - Event wekatrace14_0f9870e68e496146a60b68dd3f0aba9aced2:event_049_parent_turn_49 skipping — predecessor failed
2026-09-03 16:23:45,713 - inference_perf.datagen.replay.replay_graph_session_datagen - INFO - Event wekatrace14_0f9870e68e496146a60b68dd3f0aba9aced2:event_050_parent_turn_50 skipping — predecessor failed
2026-09-03 16:23:45,714 - inference_perf.datagen.replay.replay_graph_session_datagen - INFO - Event wekatrace14_0f9870e68e496146a60b68dd3f0aba9aced2:event_051_parent_turn_51 skipping — predecessor failed
2026-09-03 16:23:45,714 - inference_perf.datagen.replay.replay_graph_session_datagen - INFO - Event wekatrace14_0f9870e68e496146a60b68dd3f0aba9aced2:event_052_parent_turn_52 skipping — predecessor failed
2026-09-03 16:23:45,714 - inference_perf.datagen.replay.replay_graph_session_datagen - INFO - Event wekatrace14_0f9870e68e496146a60b68dd3f0aba9aced2:event_053_parent_turn_53 skipping — predecessor failed
2026-09-03 16:23:45,715 - inference_perf.datagen.replay.replay_graph_session_datagen - INFO - Event wekatrace14_0f9870e68e496146a60b68dd3f0aba9aced2:event_054_parent_turn_54 skipping — predecessor failed
2026-09-03 16:23:45,715 - inference_perf.datagen.replay.replay_graph_session_datagen - INFO - Event wekatrace14_0f9870e68e496146a60b68dd3f0aba9aced2:event_055_parent_turn_55 skipping — predecessor failed
2026-09-03 16:23:45,715 - inference_perf.datagen.replay.replay_graph_session_datagen - INFO - Event wekatrace14_0f9870e68e496146a60b68dd3f0aba9aced2:event_056_parent_turn_56 skipping — predecessor failed
2026-09-03 16:23:45,715 - inference_perf.datagen.replay.replay_graph_session_datagen - INFO - Event wekatrace14_0f9870e68e496146a60b68dd3f0aba9aced2:event_057_parent_turn_57 skipping — predecessor failed
2026-09-03 16:23:45,716 - inference_perf.datagen.replay.replay_graph_session_datagen - INFO - Event wekatrace14_0f9870e68e496146a60b68dd3f0aba9aced2:event_058_parent_turn_58 skipping — predecessor failed
2026-09-03 16:23:45,716 - inference_perf.datagen.replay.replay_graph_session_datagen - INFO - Event wekatrace14_0f9870e68e496146a60b68dd3f0aba9aced2:event_059_parent_turn_59 skipping — predecessor failed
2026-09-03 16:23:45,716 - inference_perf.datagen.replay.replay_graph_session_datagen - INFO - Event wekatrace14_0f9870e68e496146a60b68dd3f0aba9aced2:event_060_parent_turn_60 skipping — predecessor failed
2026-09-03 16:23:45,717 - inference_perf.datagen.replay.replay_graph_session_datagen - INFO - Event wekatrace14_0f9870e68e496146a60b68dd3f0aba9aced2:event_061_parent_turn_61 skipping — predecessor failed
2026-09-03 16:23:45,717 - inference_perf.datagen.replay.replay_graph_session_datagen - INFO - Event wekatrace14_0f9870e68e496146a60b68dd3f0aba9aced2:event_062_parent_turn_62 skipping — predecessor failed
2026-09-03 16:23:45,717 - inference_perf.datagen.replay.replay_graph_session_datagen - INFO - Event wekatrace14_0f9870e68e496146a60b68dd3f0aba9aced2:event_063_parent_turn_63 skipping — predecessor failed
2026-09-03 16:23:45,717 - inference_perf.datagen.replay.replay_graph_session_datagen - INFO - Event wekatrace14_0f9870e68e496146a60b68dd3f0aba9aced2:event_064_parent_turn_64 skipping — predecessor failed
2026-09-03 16:23:45,717 - inference_perf.datagen.replay.replay_graph_session_datagen - INFO - Event wekatrace14_0f9870e68e496146a60b68dd3f0aba9aced2:event_065_parent_turn_65 skipping — predecessor failed
2026-09-03 16:23:45,718 - inference_perf.datagen.replay.replay_graph_session_datagen - INFO - Event wekatrace14_0f9870e68e496146a60b68dd3f0aba9aced2:event_066_parent_turn_66 skipping — predecessor failed
2026-09-03 16:23:45,718 - inference_perf.datagen.replay.replay_graph_session_datagen - INFO - Event wekatrace14_0f9870e68e496146a60b68dd3f0aba9aced2:event_067_parent_turn_67 skipping — predecessor failed
2026-09-03 16:23:45,718 - inference_perf.datagen.replay.replay_graph_session_datagen - INFO - Event wekatrace14_0f9870e68e496146a60b68dd3f0aba9aced2:event_068_parent_turn_68 skipping — predecessor failed
2026-09-03 16:23:45,718 - inference_perf.datagen.replay.replay_graph_session_datagen - INFO - Event wekatrace14_0f9870e68e496146a60b68dd3f0aba9aced2:event_069_parent_turn_69 skipping — predecessor failed
2026-09-03 16:23:45,718 - inference_perf.datagen.replay.replay_graph_session_datagen - INFO - Event wekatrace14_0f9870e68e496146a60b68dd3f0aba9aced2:event_070_parent_turn_70 skipping — predecessor failed
2026-09-03 16:23:45,718 - inference_perf.datagen.replay.replay_graph_session_datagen - INFO - Event wekatrace14_0f9870e68e496146a60b68dd3f0aba9aced2:event_071_parent_turn_71 skipping — predecessor failed
2026-09-03 16:23:45,718 - inference_perf.datagen.replay.replay_graph_session_datagen - INFO - Event wekatrace14_0f9870e68e496146a60b68dd3f0aba9aced2:event_072_parent_turn_72 skipping — predecessor failed
2026-09-03 16:23:45,719 - inference_perf.datagen.replay.replay_graph_session_datagen - INFO - Event wekatrace14_0f9870e68e496146a60b68dd3f0aba9aced2:event_073_parent_turn_73 skipping — predecessor failed
2026-09-03 16:23:45,719 - inference_perf.datagen.replay.replay_graph_session_datagen - INFO - Event wekatrace14_0f9870e68e496146a60b68dd3f0aba9aced2:event_074_parent_turn_74 skipping — predecessor failed
2026-09-03 16:23:45,719 - inference_perf.datagen.replay.replay_graph_session_datagen - INFO - Event wekatrace14_0f9870e68e496146a60b68dd3f0aba9aced2:event_075_parent_turn_75 skipping — predecessor failed
2026-09-03 16:23:45,719 - inference_perf.datagen.replay.replay_graph_session_datagen - INFO - Event wekatrace14_0f9870e68e496146a60b68dd3f0aba9aced2:event_076_parent_turn_76 skipping — predecessor failed
2026-09-03 16:23:45,719 - inference_perf.datagen.replay.replay_graph_session_datagen - INFO - Event wekatrace14_0f9870e68e496146a60b68dd3f0aba9aced2:event_077_parent_turn_77 skipping — predecessor failed
2026-09-03 16:23:45,720 - inference_perf.datagen.replay.replay_graph_session_datagen - INFO - Event wekatrace14_0f9870e68e496146a60b68dd3f0aba9aced2:event_078_parent_turn_78 skipping — predecessor failed
2026-09-03 16:23:45,720 - inference_perf.datagen.replay.replay_graph_session_datagen - INFO - Event wekatrace14_0f9870e68e496146a60b68dd3f0aba9aced2:event_079_parent_turn_79 skipping — predecessor failed
2026-09-03 16:23:46,219 - inference_perf.datagen.replay.replay_graph_session_datagen - INFO - Event wekatrace13_0d9c99c3f96c2bcac0f9dec0987d5f411bcd:event_051_parent_turn_51 skipping — predecessor wait failed: TimeoutError
2026-09-03 16:23:46,221 - inference_perf.datagen.replay.replay_graph_session_datagen - INFO - Event wekatrace13_0d9c99c3f96c2bcac0f9dec0987d5f411bcd:event_052_parent_turn_52 skipping — predecessor failed
2026-09-03 16:23:46,221 - inference_perf.datagen.replay.replay_graph_session_datagen - INFO - Event wekatrace13_0d9c99c3f96c2bcac0f9dec0987d5f411bcd:event_053_parent_turn_53 skipping — predecessor failed
2026-09-03 16:23:46,221 - inference_perf.datagen.replay.replay_graph_session_datagen - INFO - Event wekatrace13_0d9c99c3f96c2bcac0f9dec0987d5f411bcd:event_054_parent_turn_54 skipping — predecessor failed
2026-09-03 16:23:46,222 - inference_perf.datagen.replay.replay_graph_session_datagen - INFO - Event wekatrace13_0d9c99c3f96c2bcac0f9dec0987d5f411bcd:event_055_parent_turn_55 skipping — predecessor failed
2026-09-03 16:23:46,222 - inference_perf.datagen.replay.replay_graph_session_datagen - INFO - Event wekatrace13_0d9c99c3f96c2bcac0f9dec0987d5f411bcd:event_056_parent_turn_56 skipping — predecessor failed
2026-09-03 16:23:46,222 - inference_perf.datagen.replay.replay_graph_session_datagen - INFO - Event wekatrace13_0d9c99c3f96c2bcac0f9dec0987d5f411bcd:event_057_parent_turn_57 skipping — predecessor failed
2026-09-03 16:23:46,222 - inference_perf.datagen.replay.replay_graph_session_datagen - INFO - Event wekatrace13_0d9c99c3f96c2bcac0f9dec0987d5f411bcd:event_058_parent_turn_58 skipping — predecessor failed
2026-09-03 16:23:46,222 - inference_perf.datagen.replay.replay_graph_session_datagen - INFO - Event wekatrace13_0d9c99c3f96c2bcac0f9dec0987d5f411bcd:event_059_parent_turn_59 skipping — predecessor failed
2026-09-03 16:23:46,222 - inference_perf.datagen.replay.replay_graph_session_datagen - INFO - Event wekatrace13_0d9c99c3f96c2bcac0f9dec0987d5f411bcd:event_060_parent_turn_60 skipping — predecessor failed
2026-09-03 16:23:46,223 - inference_perf.datagen.replay.replay_graph_session_datagen - INFO - Event wekatrace13_0d9c99c3f96c2bcac0f9dec0987d5f411bcd:event_061_parent_turn_61 skipping — predecessor failed
2026-09-03 16:23:46,223 - inference_perf.datagen.replay.replay_graph_session_datagen - INFO - Event wekatrace13_0d9c99c3f96c2bcac0f9dec0987d5f411bcd:event_062_parent_turn_62 skipping — predecessor failed
2026-09-03 16:23:46,223 - inference_perf.datagen.replay.replay_graph_session_datagen - INFO - Event wekatrace13_0d9c99c3f96c2bcac0f9dec0987d5f411bcd:event_063_parent_turn_63 skipping — predecessor failed
2026-09-03 16:23:46,224 - inference_perf.datagen.replay.replay_graph_session_datagen - INFO - Event wekatrace13_0d9c99c3f96c2bcac0f9dec0987d5f411bcd:event_064_parent_turn_64 skipping — predecessor failed
2026-09-03 16:23:46,224 - inference_perf.datagen.replay.replay_graph_session_datagen - INFO - Event wekatrace13_0d9c99c3f96c2bcac0f9dec0987d5f411bcd:event_065_parent_turn_65 skipping — predecessor failed
2026-09-03 16:23:46,224 - inference_perf.datagen.replay.replay_graph_session_datagen - INFO - Event wekatrace13_0d9c99c3f96c2bcac0f9dec0987d5f411bcd:event_066_parent_turn_66 skipping — predecessor failed
2026-09-03 16:23:46,224 - inference_perf.datagen.replay.replay_graph_session_datagen - INFO - Event wekatrace13_0d9c99c3f96c2bcac0f9dec0987d5f411bcd:event_067_parent_turn_67 skipping — predecessor failed
2026-09-03 16:23:46,225 - inference_perf.datagen.replay.replay_graph_session_datagen - INFO - Event wekatrace13_0d9c99c3f96c2bcac0f9dec0987d5f411bcd:event_068_parent_turn_68 skipping — predecessor failed
2026-09-03 16:23:46,225 - inference_perf.datagen.replay.replay_graph_session_datagen - INFO - Event wekatrace13_0d9c99c3f96c2bcac0f9dec0987d5f411bcd:event_069_parent_turn_69 skipping — predecessor failed
2026-09-03 16:23:46,225 - inference_perf.datagen.replay.replay_graph_session_datagen - INFO - Event wekatrace13_0d9c99c3f96c2bcac0f9dec0987d5f411bcd:event_070_parent_turn_70 skipping — predecessor failed
2026-09-03 16:23:46,225 - inference_perf.datagen.replay.replay_graph_session_datagen - INFO - Event wekatrace13_0d9c99c3f96c2bcac0f9dec0987d5f411bcd:event_071_parent_turn_71 skipping — predecessor failed
2026-09-03 16:23:46,226 - inference_perf.datagen.replay.replay_graph_session_datagen - INFO - Event wekatrace13_0d9c99c3f96c2bcac0f9dec0987d5f411bcd:event_072_parent_turn_72 skipping — predecessor failed
2026-09-03 16:23:46,226 - inference_perf.datagen.replay.replay_graph_session_datagen - INFO - Event wekatrace13_0d9c99c3f96c2bcac0f9dec0987d5f411bcd:event_073_parent_turn_73 skipping — predecessor failed
2026-09-03 16:23:46,226 - inference_perf.datagen.replay.replay_graph_session_datagen - INFO - Event wekatrace13_0d9c99c3f96c2bcac0f9dec0987d5f411bcd:event_074_parent_turn_74 skipping — predecessor failed
2026-09-03 16:23:46,227 - inference_perf.datagen.replay.replay_graph_session_datagen - INFO - Event wekatrace13_0d9c99c3f96c2bcac0f9dec0987d5f411bcd:event_075_parent_turn_75 skipping — predecessor failed
2026-09-03 16:23:46,227 - inference_perf.datagen.replay.replay_graph_session_datagen - INFO - Event wekatrace13_0d9c99c3f96c2bcac0f9dec0987d5f411bcd:event_076_parent_turn_76 skipping — predecessor failed
2026-09-03 16:23:46,227 - inference_perf.datagen.replay.replay_graph_session_datagen - INFO - Event wekatrace13_0d9c99c3f96c2bcac0f9dec0987d5f411bcd:event_077_parent_turn_77 skipping — predecessor failed
2026-09-03 16:23:46,227 - inference_perf.datagen.replay.replay_graph_session_datagen - INFO - Event wekatrace13_0d9c99c3f96c2bcac0f9dec0987d5f411bcd:event_078_parent_turn_78 skipping — predecessor failed
2026-09-03 16:23:46,228 - inference_perf.datagen.replay.replay_graph_session_datagen - INFO - Event wekatrace13_0d9c99c3f96c2bcac0f9dec0987d5f411bcd:event_079_parent_turn_79 skipping — predecessor failed
2026-09-03 16:23:46,228 - inference_perf.datagen.replay.replay_graph_session_datagen - INFO - Event wekatrace13_0d9c99c3f96c2bcac0f9dec0987d5f411bcd:event_080_parent_turn_80 skipping — predecessor failed
2026-09-03 16:23:46,228 - inference_perf.datagen.replay.replay_graph_session_datagen - INFO - Event wekatrace13_0d9c99c3f96c2bcac0f9dec0987d5f411bcd:event_081_parent_turn_81 skipping — predecessor failed
2026-09-03 16:23:46,229 - inference_perf.datagen.replay.replay_graph_session_datagen - INFO - Event wekatrace13_0d9c99c3f96c2bcac0f9dec0987d5f411bcd:event_082_parent_turn_82 skipping — predecessor failed
2026-09-03 16:23:46,702 - inference_perf.datagen.replay.replay_graph_session_datagen - INFO - Event wekatrace12_0d75185d4e958ad360c16451eaa95d508edf:event_049_parent_turn_49 skipping — predecessor wait failed: TimeoutError
2026-09-03 16:23:46,703 - inference_perf.datagen.replay.replay_graph_session_datagen - INFO - Event wekatrace12_0d75185d4e958ad360c16451eaa95d508edf:event_050_parent_turn_50 skipping — predecessor failed
2026-09-03 16:23:46,704 - inference_perf.datagen.replay.replay_graph_session_datagen - INFO - Event wekatrace12_0d75185d4e958ad360c16451eaa95d508edf:event_051_parent_turn_51 skipping — predecessor failed
2026-09-03 16:23:46,704 - inference_perf.datagen.replay.replay_graph_session_datagen - INFO - Event wekatrace12_0d75185d4e958ad360c16451eaa95d508edf:event_052_parent_turn_52 skipping — predecessor failed
2026-09-03 16:23:46,704 - inference_perf.datagen.replay.replay_graph_session_datagen - INFO - Event wekatrace12_0d75185d4e958ad360c16451eaa95d508edf:event_053_parent_turn_53 skipping — predecessor failed
2026-09-03 16:23:46,704 - inference_perf.datagen.replay.replay_graph_session_datagen - INFO - Event wekatrace12_0d75185d4e958ad360c16451eaa95d508edf:event_054_parent_turn_54 skipping — predecessor failed
2026-09-03 16:23:46,705 - inference_perf.datagen.replay.replay_graph_session_datagen - INFO - Event wekatrace12_0d75185d4e958ad360c16451eaa95d508edf:event_055_parent_turn_55 skipping — predecessor failed
2026-09-03 16:23:46,705 - inference_perf.datagen.replay.replay_graph_session_datagen - INFO - Event wekatrace12_0d75185d4e958ad360c16451eaa95d508edf:event_056_parent_turn_56 skipping — predecessor failed
2026-09-03 16:23:46,705 - inference_perf.datagen.replay.replay_graph_session_datagen - INFO - Event wekatrace12_0d75185d4e958ad360c16451eaa95d508edf:event_057_parent_turn_57 skipping — predecessor failed
2026-09-03 16:23:46,705 - inference_perf.datagen.replay.replay_graph_session_datagen - INFO - Event wekatrace12_0d75185d4e958ad360c16451eaa95d508edf:event_058_parent_turn_58 skipping — predecessor failed
2026-09-03 16:23:46,706 - inference_perf.datagen.replay.replay_graph_session_datagen - INFO - Event wekatrace12_0d75185d4e958ad360c16451eaa95d508edf:event_059_parent_turn_59 skipping — predecessor failed
2026-09-03 16:23:46,706 - inference_perf.datagen.replay.replay_graph_session_datagen - INFO - Event wekatrace12_0d75185d4e958ad360c16451eaa95d508edf:event_060_parent_turn_60 skipping — predecessor failed
2026-09-03 16:23:46,706 - inference_perf.datagen.replay.replay_graph_session_datagen - INFO - Event wekatrace12_0d75185d4e958ad360c16451eaa95d508edf:event_061_parent_turn_61 skipping — predecessor failed
2026-09-03 16:23:46,707 - inference_perf.datagen.replay.replay_graph_session_datagen - INFO - Event wekatrace12_0d75185d4e958ad360c16451eaa95d508edf:event_062_parent_turn_62 skipping — predecessor failed
2026-09-03 16:23:46,707 - inference_perf.datagen.replay.replay_graph_session_datagen - INFO - Event wekatrace12_0d75185d4e958ad360c16451eaa95d508edf:event_063_parent_turn_63 skipping — predecessor failed
2026-09-03 16:23:46,707 - inference_perf.datagen.replay.replay_graph_session_datagen - INFO - Event wekatrace12_0d75185d4e958ad360c16451eaa95d508edf:event_064_parent_turn_64 skipping — predecessor failed
2026-09-03 16:23:46,708 - inference_perf.datagen.replay.replay_graph_session_datagen - INFO - Event wekatrace12_0d75185d4e958ad360c16451eaa95d508edf:event_065_parent_turn_65 skipping — predecessor failed
2026-09-03 16:23:46,709 - inference_perf.datagen.replay.replay_graph_session_datagen - INFO - Event wekatrace12_0d75185d4e958ad360c16451eaa95d508edf:event_066_parent_turn_66 skipping — predecessor failed
2026-09-03 16:23:46,709 - inference_perf.datagen.replay.replay_graph_session_datagen - INFO - Event wekatrace12_0d75185d4e958ad360c16451eaa95d508edf:event_067_parent_turn_67 skipping — predecessor failed
2026-09-03 16:23:46,709 - inference_perf.datagen.replay.replay_graph_session_datagen - INFO - Event wekatrace12_0d75185d4e958ad360c16451eaa95d508edf:event_068_parent_turn_68 skipping — predecessor failed
2026-09-03 16:23:46,710 - inference_perf.datagen.replay.replay_graph_session_datagen - INFO - Event wekatrace12_0d75185d4e958ad360c16451eaa95d508edf:event_069_parent_turn_69 skipping — predecessor failed
2026-09-03 16:23:46,710 - inference_perf.datagen.replay.replay_graph_session_datagen - INFO - Event wekatrace12_0d75185d4e958ad360c16451eaa95d508edf:event_070_parent_turn_70 skipping — predecessor failed
2026-09-03 16:23:46,710 - inference_perf.datagen.replay.replay_graph_session_datagen - INFO - Event wekatrace12_0d75185d4e958ad360c16451eaa95d508edf:event_071_parent_turn_71 skipping — predecessor failed
2026-09-03 16:23:46,710 - inference_perf.datagen.replay.replay_graph_session_datagen - INFO - Event wekatrace12_0d75185d4e958ad360c16451eaa95d508edf:event_072_parent_turn_72 skipping — predecessor failed
2026-09-03 16:23:46,711 - inference_perf.datagen.replay.replay_graph_session_datagen - INFO - Event wekatrace12_0d75185d4e958ad360c16451eaa95d508edf:event_073_parent_turn_73 skipping — predecessor failed
2026-09-03 16:23:46,711 - inference_perf.datagen.replay.replay_graph_session_datagen - INFO - Event wekatrace12_0d75185d4e958ad360c16451eaa95d508edf:event_074_parent_turn_74 skipping — predecessor failed
2026-09-03 16:23:46,711 - inference_perf.datagen.replay.replay_graph_session_datagen - INFO - Event wekatrace12_0d75185d4e958ad360c16451eaa95d508edf:event_075_parent_turn_75 skipping — predecessor failed
2026-09-03 16:23:46,711 - inference_perf.datagen.replay.replay_graph_session_datagen - INFO - Event wekatrace12_0d75185d4e958ad360c16451eaa95d508edf:event_076_parent_turn_76 skipping — predecessor failed
2026-09-03 16:23:46,711 - inference_perf.datagen.replay.replay_graph_session_datagen - INFO - Event wekatrace12_0d75185d4e958ad360c16451eaa95d508edf:event_077_parent_turn_77 skipping — predecessor failed
2026-09-03 16:23:46,712 - inference_perf.datagen.replay.replay_graph_session_datagen - INFO - Event wekatrace12_0d75185d4e958ad360c16451eaa95d508edf:event_078_parent_turn_78 skipping — predecessor failed
2026-09-03 16:23:46,712 - inference_perf.datagen.replay.replay_graph_session_datagen - INFO - Event wekatrace12_0d75185d4e958ad360c16451eaa95d508edf:event_079_parent_turn_79 skipping — predecessor failed
2026-09-03 16:23:46,712 - inference_perf.datagen.replay.replay_graph_session_datagen - INFO - Event wekatrace12_0d75185d4e958ad360c16451eaa95d508edf:event_080_parent_turn_80 skipping — predecessor failed
2026-09-03 16:23:46,713 - inference_perf.datagen.replay.replay_graph_session_datagen - INFO - Event wekatrace12_0d75185d4e958ad360c16451eaa95d508edf:event_081_parent_turn_81 skipping — predecessor failed
2026-09-03 16:23:46,713 - inference_perf.datagen.replay.replay_graph_session_datagen - INFO - Event wekatrace12_0d75185d4e958ad360c16451eaa95d508edf:event_082_parent_turn_82 skipping — predecessor failed
2026-09-03 16:23:46,713 - inference_perf.datagen.replay.replay_graph_session_datagen - INFO - Event wekatrace12_0d75185d4e958ad360c16451eaa95d508edf:event_083_parent_turn_83 skipping — predecessor failed
2026-09-03 16:23:46,713 - inference_perf.datagen.replay.replay_graph_session_datagen - INFO - Event wekatrace12_0d75185d4e958ad360c16451eaa95d508edf:event_084_parent_turn_84 skipping — predecessor failed
2026-09-03 16:23:46,714 - inference_perf.datagen.replay.replay_graph_session_datagen - INFO - Event wekatrace12_0d75185d4e958ad360c16451eaa95d508edf:event_085_parent_turn_85 skipping — predecessor failed
2026-09-03 16:23:46,714 - inference_perf.datagen.replay.replay_graph_session_datagen - INFO - Event wekatrace12_0d75185d4e958ad360c16451eaa95d508edf:event_086_parent_turn_86 skipping — predecessor failed
2026-09-03 16:23:46,715 - inference_perf.datagen.replay.replay_graph_session_datagen - INFO - Event wekatrace12_0d75185d4e958ad360c16451eaa95d508edf:event_087_parent_turn_87 skipping — predecessor failed
2026-09-03 16:23:46,715 - inference_perf.datagen.replay.replay_graph_session_datagen - INFO - Event wekatrace12_0d75185d4e958ad360c16451eaa95d508edf:event_088_parent_turn_88 skipping — predecessor failed
2026-09-03 16:23:46,715 - inference_perf.datagen.replay.replay_graph_session_datagen - INFO - Event wekatrace12_0d75185d4e958ad360c16451eaa95d508edf:event_089_parent_turn_89 skipping — predecessor failed
2026-09-03 16:23:46,715 - inference_perf.datagen.replay.replay_graph_session_datagen - INFO - Event wekatrace12_0d75185d4e958ad360c16451eaa95d508edf:event_090_parent_turn_90 skipping — predecessor failed
2026-09-03 16:23:46,715 - inference_perf.datagen.replay.replay_graph_session_datagen - INFO - Event wekatrace12_0d75185d4e958ad360c16451eaa95d508edf:event_091_parent_turn_91 skipping — predecessor failed
2026-09-03 16:23:46,716 - inference_perf.datagen.replay.replay_graph_session_datagen - INFO - Event wekatrace12_0d75185d4e958ad360c16451eaa95d508edf:event_092_parent_turn_92 skipping — predecessor failed
2026-09-03 16:23:46,716 - inference_perf.datagen.replay.replay_graph_session_datagen - INFO - Event wekatrace12_0d75185d4e958ad360c16451eaa95d508edf:event_093_parent_turn_93 skipping — predecessor failed
2026-09-03 16:23:46,716 - inference_perf.datagen.replay.replay_graph_session_datagen - INFO - Event wekatrace12_0d75185d4e958ad360c16451eaa95d508edf:event_094_parent_turn_94 skipping — predecessor failed
2026-09-03 16:23:46,716 - inference_perf.datagen.replay.replay_graph_session_datagen - INFO - Event wekatrace12_0d75185d4e958ad360c16451eaa95d508edf:event_095_parent_turn_95 skipping — predecessor failed
2026-09-03 16:23:46,716 - inference_perf.datagen.replay.replay_graph_session_datagen - INFO - Event wekatrace12_0d75185d4e958ad360c16451eaa95d508edf:event_096_parent_turn_96 skipping — predecessor failed
2026-09-03 16:23:46,717 - inference_perf.datagen.replay.replay_graph_session_datagen - INFO - Event wekatrace12_0d75185d4e958ad360c16451eaa95d508edf:event_097_parent_turn_97 skipping — predecessor failed
2026-09-03 16:23:46,717 - inference_perf.datagen.replay.replay_graph_session_datagen - INFO - Event wekatrace12_0d75185d4e958ad360c16451eaa95d508edf:event_098_parent_turn_98 skipping — predecessor failed
2026-09-03 16:23:46,718 - inference_perf.datagen.replay.replay_graph_session_datagen - INFO - Event wekatrace12_0d75185d4e958ad360c16451eaa95d508edf:event_099_parent_turn_99 skipping — predecessor failed
2026-09-03 16:23:46,718 - inference_perf.datagen.replay.replay_graph_session_datagen - INFO - Event wekatrace12_0d75185d4e958ad360c16451eaa95d508edf:event_100_parent_turn_100 skipping — predecessor failed
2026-09-03 16:23:46,718 - inference_perf.datagen.replay.replay_graph_session_datagen - INFO - Event wekatrace12_0d75185d4e958ad360c16451eaa95d508edf:event_101_parent_turn_101 skipping — predecessor failed
2026-09-03 16:23:46,718 - inference_perf.datagen.replay.replay_graph_session_datagen - INFO - Event wekatrace12_0d75185d4e958ad360c16451eaa95d508edf:event_102_parent_turn_102 skipping — predecessor failed
2026-09-03 16:23:46,718 - inference_perf.datagen.replay.replay_graph_session_datagen - INFO - Event wekatrace12_0d75185d4e958ad360c16451eaa95d508edf:event_103_parent_turn_103 skipping — predecessor failed
2026-09-03 16:23:46,719 - inference_perf.datagen.replay.replay_graph_session_datagen - INFO - Event wekatrace12_0d75185d4e958ad360c16451eaa95d508edf:event_104_parent_turn_104 skipping — predecessor failed
2026-09-03 16:23:46,719 - inference_perf.datagen.replay.replay_graph_session_datagen - INFO - Event wekatrace12_0d75185d4e958ad360c16451eaa95d508edf:event_105_parent_turn_105 skipping — predecessor failed
2026-09-03 16:23:46,719 - inference_perf.datagen.replay.replay_graph_session_datagen - INFO - Event wekatrace12_0d75185d4e958ad360c16451eaa95d508edf:event_106_parent_turn_106 skipping — predecessor failed
2026-09-03 16:23:46,719 - inference_perf.datagen.replay.replay_graph_session_datagen - INFO - Event wekatrace12_0d75185d4e958ad360c16451eaa95d508edf:event_107_parent_turn_107 skipping — predecessor failed
2026-09-03 16:23:46,720 - inference_perf.datagen.replay.replay_graph_session_datagen - INFO - Event wekatrace12_0d75185d4e958ad360c16451eaa95d508edf:event_108_parent_turn_108 skipping — predecessor failed
2026-09-03 16:23:46,720 - inference_perf.datagen.replay.replay_graph_session_datagen - INFO - Event wekatrace12_0d75185d4e958ad360c16451eaa95d508edf:event_109_parent_turn_109 skipping — predecessor failed
2026-09-03 16:23:46,721 - inference_perf.datagen.replay.replay_graph_session_datagen - INFO - Event wekatrace12_0d75185d4e958ad360c16451eaa95d508edf:event_110_parent_turn_110 skipping — predecessor failed
2026-09-03 16:23:46,721 - inference_perf.datagen.replay.replay_graph_session_datagen - INFO - Event wekatrace12_0d75185d4e958ad360c16451eaa95d508edf:event_111_parent_turn_111 skipping — predecessor failed
2026-09-03 16:23:46,721 - inference_perf.datagen.replay.replay_graph_session_datagen - INFO - Event wekatrace12_0d75185d4e958ad360c16451eaa95d508edf:event_112_parent_turn_112 skipping — predecessor failed
2026-09-03 16:23:46,722 - inference_perf.datagen.replay.replay_graph_session_datagen - INFO - Event wekatrace12_0d75185d4e958ad360c16451eaa95d508edf:event_113_parent_turn_113 skipping — predecessor failed
2026-09-03 16:23:46,722 - inference_perf.datagen.replay.replay_graph_session_datagen - INFO - Event wekatrace12_0d75185d4e958ad360c16451eaa95d508edf:event_114_parent_turn_114 skipping — predecessor failed
2026-09-03 16:23:46,722 - inference_perf.datagen.replay.replay_graph_session_datagen - INFO - Event wekatrace12_0d75185d4e958ad360c16451eaa95d508edf:event_115_parent_turn_115 skipping — predecessor failed
2026-09-03 16:23:46,722 - inference_perf.datagen.replay.replay_graph_session_datagen - INFO - Event wekatrace12_0d75185d4e958ad360c16451eaa95d508edf:event_116_parent_turn_116 skipping — predecessor failed
2026-09-03 16:23:46,723 - inference_perf.datagen.replay.replay_graph_session_datagen - INFO - Event wekatrace12_0d75185d4e958ad360c16451eaa95d508edf:event_117_parent_turn_117 skipping — predecessor failed
2026-09-03 16:23:46,723 - inference_perf.datagen.replay.replay_graph_session_datagen - INFO - Event wekatrace12_0d75185d4e958ad360c16451eaa95d508edf:event_118_parent_turn_118 skipping — predecessor failed
2026-09-03 16:23:46,723 - inference_perf.datagen.replay.replay_graph_session_datagen - INFO - Event wekatrace12_0d75185d4e958ad360c16451eaa95d508edf:event_119_parent_turn_119 skipping — predecessor failed
2026-09-03 16:23:46,723 - inference_perf.datagen.replay.replay_graph_session_datagen - INFO - Event wekatrace12_0d75185d4e958ad360c16451eaa95d508edf:event_120_parent_turn_120 skipping — predecessor failed
2026-09-03 16:23:46,723 - inference_perf.datagen.replay.replay_graph_session_datagen - INFO - Event wekatrace12_0d75185d4e958ad360c16451eaa95d508edf:event_121_parent_turn_121 skipping — predecessor failed
2026-09-03 16:23:46,724 - inference_perf.datagen.replay.replay_graph_session_datagen - INFO - Event wekatrace12_0d75185d4e958ad360c16451eaa95d508edf:event_122_parent_turn_122 skipping — predecessor failed
2026-09-03 16:23:46,724 - inference_perf.datagen.replay.replay_graph_session_datagen - INFO - Event wekatrace12_0d75185d4e958ad360c16451eaa95d508edf:event_123_parent_turn_123 skipping — predecessor failed
2026-09-03 16:23:46,724 - inference_perf.datagen.replay.replay_graph_session_datagen - INFO - Event wekatrace12_0d75185d4e958ad360c16451eaa95d508edf:event_124_parent_turn_124 skipping — predecessor failed
2026-09-03 16:23:46,724 - inference_perf.datagen.replay.replay_graph_session_datagen - INFO - Event wekatrace12_0d75185d4e958ad360c16451eaa95d508edf:event_125_parent_turn_125 skipping — predecessor failed
2026-09-03 16:23:46,725 - inference_perf.datagen.replay.replay_graph_session_datagen - INFO - Event wekatrace12_0d75185d4e958ad360c16451eaa95d508edf:event_126_parent_turn_126 skipping — predecessor failed
2026-09-03 16:23:46,725 - inference_perf.datagen.replay.replay_graph_session_datagen - INFO - Event wekatrace12_0d75185d4e958ad360c16451eaa95d508edf:event_127_parent_turn_127 skipping — predecessor failed
2026-09-03 16:23:46,725 - inference_perf.datagen.replay.replay_graph_session_datagen - INFO - Event wekatrace12_0d75185d4e958ad360c16451eaa95d508edf:event_128_parent_turn_128 skipping — predecessor failed
2026-09-03 16:23:46,726 - inference_perf.datagen.replay.replay_graph_session_datagen - INFO - Event wekatrace12_0d75185d4e958ad360c16451eaa95d508edf:event_129_parent_turn_129 skipping — predecessor failed
2026-09-03 16:23:46,726 - inference_perf.datagen.replay.replay_graph_session_datagen - INFO - Event wekatrace12_0d75185d4e958ad360c16451eaa95d508edf:event_130_parent_turn_130 skipping — predecessor failed
2026-09-03 16:23:46,726 - inference_perf.datagen.replay.replay_graph_session_datagen - INFO - Event wekatrace12_0d75185d4e958ad360c16451eaa95d508edf:event_131_parent_turn_131 skipping — predecessor failed
2026-09-03 16:23:46,726 - inference_perf.datagen.replay.replay_graph_session_datagen - INFO - Event wekatrace12_0d75185d4e958ad360c16451eaa95d508edf:event_132_parent_turn_132 skipping — predecessor failed
2026-09-03 16:23:46,727 - inference_perf.datagen.replay.replay_graph_session_datagen - INFO - Event wekatrace12_0d75185d4e958ad360c16451eaa95d508edf:event_133_parent_turn_133 skipping — predecessor failed
2026-09-03 16:23:46,727 - inference_perf.datagen.replay.replay_graph_session_datagen - INFO - Event wekatrace12_0d75185d4e958ad360c16451eaa95d508edf:event_134_parent_turn_134 skipping — predecessor failed
2026-09-03 16:23:46,728 - inference_perf.datagen.replay.replay_graph_session_datagen - INFO - Event wekatrace12_0d75185d4e958ad360c16451eaa95d508edf:event_135_parent_turn_135 skipping — predecessor failed
2026-09-03 16:23:46,729 - inference_perf.datagen.replay.replay_graph_session_datagen - INFO - Event wekatrace12_0d75185d4e958ad360c16451eaa95d508edf:event_136_parent_turn_136 skipping — predecessor failed
2026-09-03 16:23:46,730 - inference_perf.datagen.replay.replay_graph_session_datagen - INFO - Event wekatrace12_0d75185d4e958ad360c16451eaa95d508edf:event_137_parent_turn_137 skipping — predecessor failed
2026-09-03 16:23:46,731 - inference_perf.datagen.replay.replay_graph_session_datagen - INFO - Event wekatrace12_0d75185d4e958ad360c16451eaa95d508edf:event_138_parent_turn_138 skipping — predecessor failed
2026-09-03 16:23:46,731 - inference_perf.datagen.replay.replay_graph_session_datagen - INFO - Event wekatrace12_0d75185d4e958ad360c16451eaa95d508edf:event_139_parent_turn_139 skipping — predecessor failed
2026-09-03 16:23:46,731 - inference_perf.datagen.replay.replay_graph_session_datagen - INFO - Event wekatrace12_0d75185d4e958ad360c16451eaa95d508edf:event_140_parent_turn_140 skipping — predecessor failed
2026-09-03 16:23:46,731 - inference_perf.datagen.replay.replay_graph_session_datagen - INFO - Event wekatrace12_0d75185d4e958ad360c16451eaa95d508edf:event_141_parent_turn_141 skipping — predecessor failed
2026-09-03 16:23:46,732 - inference_perf.datagen.replay.replay_graph_session_datagen - INFO - Event wekatrace12_0d75185d4e958ad360c16451eaa95d508edf:event_142_parent_turn_142 skipping — predecessor failed
2026-09-03 16:23:46,733 - inference_perf.datagen.replay.replay_graph_session_datagen - INFO - Event wekatrace12_0d75185d4e958ad360c16451eaa95d508edf:event_143_parent_turn_143 skipping — predecessor failed
2026-09-03 16:23:46,733 - inference_perf.datagen.replay.replay_graph_session_datagen - INFO - Event wekatrace12_0d75185d4e958ad360c16451eaa95d508edf:event_144_parent_turn_144 skipping — predecessor failed
2026-09-03 16:23:46,734 - inference_perf.datagen.replay.replay_graph_session_datagen - INFO - Event wekatrace12_0d75185d4e958ad360c16451eaa95d508edf:event_145_parent_turn_145 skipping — predecessor failed
2026-09-03 16:23:46,734 - inference_perf.datagen.replay.replay_graph_session_datagen - INFO - Event wekatrace12_0d75185d4e958ad360c16451eaa95d508edf:event_146_parent_turn_146 skipping — predecessor failed
2026-09-03 16:23:46,735 - inference_perf.datagen.replay.replay_graph_session_datagen - INFO - Event wekatrace12_0d75185d4e958ad360c16451eaa95d508edf:event_147_parent_turn_147 skipping — predecessor failed
2026-09-03 16:23:46,735 - inference_perf.datagen.replay.replay_graph_session_datagen - INFO - Event wekatrace12_0d75185d4e958ad360c16451eaa95d508edf:event_148_parent_turn_148 skipping — predecessor failed
2026-09-03 16:23:46,736 - inference_perf.datagen.replay.replay_graph_session_datagen - INFO - Event wekatrace12_0d75185d4e958ad360c16451eaa95d508edf:event_149_parent_turn_149 skipping — predecessor failed
2026-09-03 16:23:46,736 - inference_perf.datagen.replay.replay_graph_session_datagen - INFO - Event wekatrace12_0d75185d4e958ad360c16451eaa95d508edf:event_150_parent_turn_150 skipping — predecessor failed
2026-09-03 16:23:46,736 - inference_perf.datagen.replay.replay_graph_session_datagen - INFO - Event wekatrace12_0d75185d4e958ad360c16451eaa95d508edf:event_151_parent_turn_151 skipping — predecessor failed
2026-09-03 16:23:46,736 - inference_perf.datagen.replay.replay_graph_session_datagen - INFO - Event wekatrace12_0d75185d4e958ad360c16451eaa95d508edf:event_152_sa_subagent_001_a0cde3b2_s0_turn_0 skipping — predecessor failed
2026-09-03 16:23:46,736 - inference_perf.datagen.replay.replay_graph_session_datagen - INFO - Event wekatrace12_0d75185d4e958ad360c16451eaa95d508edf:event_178_parent_turn_152 skipping — predecessor failed
2026-09-03 16:23:46,737 - inference_perf.datagen.replay.replay_graph_session_datagen - INFO - Event wekatrace12_0d75185d4e958ad360c16451eaa95d508edf:event_153_sa_subagent_001_a0cde3b2_s0_turn_1 skipping — predecessor failed
2026-09-03 16:23:46,737 - inference_perf.datagen.replay.replay_graph_session_datagen - INFO - Event wekatrace12_0d75185d4e958ad360c16451eaa95d508edf:event_179_parent_turn_153 skipping — predecessor failed
2026-09-03 16:23:46,737 - inference_perf.datagen.replay.replay_graph_session_datagen - INFO - Event wekatrace12_0d75185d4e958ad360c16451eaa95d508edf:event_154_sa_subagent_001_a0cde3b2_s0_turn_2 skipping — predecessor failed
2026-09-03 16:23:46,737 - inference_perf.datagen.replay.replay_graph_session_datagen - INFO - Event wekatrace12_0d75185d4e958ad360c16451eaa95d508edf:event_180_parent_turn_154 skipping — predecessor failed
2026-09-03 16:23:46,737 - inference_perf.datagen.replay.replay_graph_session_datagen - INFO - Event wekatrace12_0d75185d4e958ad360c16451eaa95d508edf:event_155_sa_subagent_001_a0cde3b2_s0_turn_3 skipping — predecessor failed
2026-09-03 16:23:46,737 - inference_perf.datagen.replay.replay_graph_session_datagen - INFO - Event wekatrace12_0d75185d4e958ad360c16451eaa95d508edf:event_181_parent_turn_155 skipping — predecessor failed
2026-09-03 16:23:46,738 - inference_perf.datagen.replay.replay_graph_session_datagen - INFO - Event wekatrace12_0d75185d4e958ad360c16451eaa95d508edf:event_156_sa_subagent_001_a0cde3b2_s0_turn_4 skipping — predecessor failed
2026-09-03 16:23:46,738 - inference_perf.datagen.replay.replay_graph_session_datagen - INFO - Event wekatrace12_0d75185d4e958ad360c16451eaa95d508edf:event_182_parent_turn_156 skipping — predecessor failed
2026-09-03 16:23:46,738 - inference_perf.datagen.replay.replay_graph_session_datagen - INFO - Event wekatrace12_0d75185d4e958ad360c16451eaa95d508edf:event_157_sa_subagent_001_a0cde3b2_s0_turn_5 skipping — predecessor failed
2026-09-03 16:23:46,738 - inference_perf.datagen.replay.replay_graph_session_datagen - INFO - Event wekatrace12_0d75185d4e958ad360c16451eaa95d508edf:event_183_parent_turn_157 skipping — predecessor failed
2026-09-03 16:23:46,738 - inference_perf.datagen.replay.replay_graph_session_datagen - INFO - Event wekatrace12_0d75185d4e958ad360c16451eaa95d508edf:event_158_sa_subagent_001_a0cde3b2_s0_turn_6 skipping — predecessor failed
2026-09-03 16:23:46,738 - inference_perf.datagen.replay.replay_graph_session_datagen - INFO - Event wekatrace12_0d75185d4e958ad360c16451eaa95d508edf:event_184_parent_turn_158 skipping — predecessor failed
2026-09-03 16:23:46,739 - inference_perf.datagen.replay.replay_graph_session_datagen - INFO - Event wekatrace12_0d75185d4e958ad360c16451eaa95d508edf:event_159_sa_subagent_001_a0cde3b2_s0_turn_7 skipping — predecessor failed
2026-09-03 16:23:46,739 - inference_perf.datagen.replay.replay_graph_session_datagen - INFO - Event wekatrace12_0d75185d4e958ad360c16451eaa95d508edf:event_185_parent_turn_159 skipping — predecessor failed
2026-09-03 16:23:46,739 - inference_perf.datagen.replay.replay_graph_session_datagen - INFO - Event wekatrace12_0d75185d4e958ad360c16451eaa95d508edf:event_160_sa_subagent_001_a0cde3b2_s0_turn_8 skipping — predecessor failed
2026-09-03 16:23:46,739 - inference_perf.datagen.replay.replay_graph_session_datagen - INFO - Event wekatrace12_0d75185d4e958ad360c16451eaa95d508edf:event_186_parent_turn_160 skipping — predecessor failed
2026-09-03 16:23:46,739 - inference_perf.datagen.replay.replay_graph_session_datagen - INFO - Event wekatrace12_0d75185d4e958ad360c16451eaa95d508edf:event_161_sa_subagent_001_a0cde3b2_s0_turn_9 skipping — predecessor failed
2026-09-03 16:23:46,740 - inference_perf.datagen.replay.replay_graph_session_datagen - INFO - Event wekatrace12_0d75185d4e958ad360c16451eaa95d508edf:event_187_parent_turn_161 skipping — predecessor failed
2026-09-03 16:23:46,740 - inference_perf.datagen.replay.replay_graph_session_datagen - INFO - Event wekatrace12_0d75185d4e958ad360c16451eaa95d508edf:event_162_sa_subagent_001_a0cde3b2_s0_turn_10 skipping — predecessor failed
2026-09-03 16:23:46,740 - inference_perf.datagen.replay.replay_graph_session_datagen - INFO - Event wekatrace12_0d75185d4e958ad360c16451eaa95d508edf:event_188_parent_turn_162 skipping — predecessor failed
2026-09-03 16:23:46,740 - inference_perf.datagen.replay.replay_graph_session_datagen - INFO - Event wekatrace12_0d75185d4e958ad360c16451eaa95d508edf:event_163_sa_subagent_001_a0cde3b2_s0_turn_11 skipping — predecessor failed
2026-09-03 16:23:46,741 - inference_perf.datagen.replay.replay_graph_session_datagen - INFO - Event wekatrace12_0d75185d4e958ad360c16451eaa95d508edf:event_189_parent_turn_163 skipping — predecessor failed
2026-09-03 16:23:46,741 - inference_perf.datagen.replay.replay_graph_session_datagen - INFO - Event wekatrace12_0d75185d4e958ad360c16451eaa95d508edf:event_164_sa_subagent_001_a0cde3b2_s0_turn_12 skipping — predecessor failed
2026-09-03 16:23:46,742 - inference_perf.datagen.replay.replay_graph_session_datagen - INFO - Event wekatrace12_0d75185d4e958ad360c16451eaa95d508edf:event_190_parent_turn_164 skipping — predecessor failed
2026-09-03 16:23:46,742 - inference_perf.datagen.replay.replay_graph_session_datagen - INFO - Event wekatrace12_0d75185d4e958ad360c16451eaa95d508edf:event_165_sa_subagent_001_a0cde3b2_s0_turn_13 skipping — predecessor failed
2026-09-03 16:23:46,742 - inference_perf.datagen.replay.replay_graph_session_datagen - INFO - Event wekatrace12_0d75185d4e958ad360c16451eaa95d508edf:event_191_parent_turn_165 skipping — predecessor failed
2026-09-03 16:23:46,743 - inference_perf.datagen.replay.replay_graph_session_datagen - INFO - Event wekatrace12_0d75185d4e958ad360c16451eaa95d508edf:event_166_sa_subagent_001_a0cde3b2_s0_turn_14 skipping — predecessor failed
2026-09-03 16:23:46,743 - inference_perf.datagen.replay.replay_graph_session_datagen - INFO - Event wekatrace12_0d75185d4e958ad360c16451eaa95d508edf:event_192_parent_turn_166 skipping — predecessor failed
2026-09-03 16:23:46,743 - inference_perf.datagen.replay.replay_graph_session_datagen - INFO - Event wekatrace12_0d75185d4e958ad360c16451eaa95d508edf:event_167_sa_subagent_001_a0cde3b2_s0_turn_15 skipping — predecessor failed
2026-09-03 16:23:46,744 - inference_perf.datagen.replay.replay_graph_session_datagen - INFO - Event wekatrace12_0d75185d4e958ad360c16451eaa95d508edf:event_193_parent_turn_167 skipping — predecessor failed
2026-09-03 16:23:46,744 - inference_perf.datagen.replay.replay_graph_session_datagen - INFO - Event wekatrace12_0d75185d4e958ad360c16451eaa95d508edf:event_168_sa_subagent_001_a0cde3b2_s0_turn_16 skipping — predecessor failed
2026-09-03 16:23:46,744 - inference_perf.datagen.replay.replay_graph_session_datagen - INFO - Event wekatrace12_0d75185d4e958ad360c16451eaa95d508edf:event_194_parent_turn_168 skipping — predecessor failed
2026-09-03 16:23:46,744 - inference_perf.datagen.replay.replay_graph_session_datagen - INFO - Event wekatrace12_0d75185d4e958ad360c16451eaa95d508edf:event_169_sa_subagent_001_a0cde3b2_s0_turn_17 skipping — predecessor failed
2026-09-03 16:23:46,744 - inference_perf.datagen.replay.replay_graph_session_datagen - INFO - Event wekatrace12_0d75185d4e958ad360c16451eaa95d508edf:event_195_parent_turn_169 skipping — predecessor failed
2026-09-03 16:23:46,744 - inference_perf.datagen.replay.replay_graph_session_datagen - INFO - Event wekatrace12_0d75185d4e958ad360c16451eaa95d508edf:event_170_sa_subagent_001_a0cde3b2_s0_turn_18 skipping — predecessor failed
2026-09-03 16:23:46,745 - inference_perf.datagen.replay.replay_graph_session_datagen - INFO - Event wekatrace12_0d75185d4e958ad360c16451eaa95d508edf:event_196_parent_turn_170 skipping — predecessor failed
2026-09-03 16:23:46,745 - inference_perf.datagen.replay.replay_graph_session_datagen - INFO - Event wekatrace12_0d75185d4e958ad360c16451eaa95d508edf:event_171_sa_subagent_001_a0cde3b2_s0_turn_19 skipping — predecessor failed
2026-09-03 16:23:46,745 - inference_perf.datagen.replay.replay_graph_session_datagen - INFO - Event wekatrace12_0d75185d4e958ad360c16451eaa95d508edf:event_197_parent_turn_171 skipping — predecessor failed
2026-09-03 16:23:46,745 - inference_perf.datagen.replay.replay_graph_session_datagen - INFO - Event wekatrace12_0d75185d4e958ad360c16451eaa95d508edf:event_172_sa_subagent_001_a0cde3b2_s0_turn_20 skipping — predecessor failed
2026-09-03 16:23:46,745 - inference_perf.datagen.replay.replay_graph_session_datagen - INFO - Event wekatrace12_0d75185d4e958ad360c16451eaa95d508edf:event_198_parent_turn_172 skipping — predecessor failed
2026-09-03 16:23:46,745 - inference_perf.datagen.replay.replay_graph_session_datagen - INFO - Event wekatrace12_0d75185d4e958ad360c16451eaa95d508edf:event_173_sa_subagent_001_a0cde3b2_s0_turn_21 skipping — predecessor failed
2026-09-03 16:23:46,746 - inference_perf.datagen.replay.replay_graph_session_datagen - INFO - Event wekatrace12_0d75185d4e958ad360c16451eaa95d508edf:event_199_parent_turn_173 skipping — predecessor failed
2026-09-03 16:23:46,746 - inference_perf.datagen.replay.replay_graph_session_datagen - INFO - Event wekatrace12_0d75185d4e958ad360c16451eaa95d508edf:event_174_sa_subagent_001_a0cde3b2_s0_turn_22 skipping — predecessor failed
2026-09-03 16:23:46,746 - inference_perf.datagen.replay.replay_graph_session_datagen - INFO - Event wekatrace12_0d75185d4e958ad360c16451eaa95d508edf:event_200_parent_turn_174 skipping — predecessor failed
2026-09-03 16:23:46,746 - inference_perf.datagen.replay.replay_graph_session_datagen - INFO - Event wekatrace12_0d75185d4e958ad360c16451eaa95d508edf:event_175_sa_subagent_001_a0cde3b2_s0_turn_23 skipping — predecessor failed
2026-09-03 16:23:46,746 - inference_perf.datagen.replay.replay_graph_session_datagen - INFO - Event wekatrace12_0d75185d4e958ad360c16451eaa95d508edf:event_201_parent_turn_175 skipping — predecessor failed
2026-09-03 16:23:46,747 - inference_perf.datagen.replay.replay_graph_session_datagen - INFO - Event wekatrace12_0d75185d4e958ad360c16451eaa95d508edf:event_176_sa_subagent_001_a0cde3b2_s0_turn_24 skipping — predecessor failed
2026-09-03 16:23:46,747 - inference_perf.datagen.replay.replay_graph_session_datagen - INFO - Event wekatrace12_0d75185d4e958ad360c16451eaa95d508edf:event_202_parent_turn_176 skipping — predecessor failed
2026-09-03 16:23:46,747 - inference_perf.datagen.replay.replay_graph_session_datagen - INFO - Event wekatrace12_0d75185d4e958ad360c16451eaa95d508edf:event_177_sa_subagent_001_a0cde3b2_s0_turn_25 skipping — predecessor failed
2026-09-03 16:23:46,747 - inference_perf.datagen.replay.replay_graph_session_datagen - INFO - Event wekatrace12_0d75185d4e958ad360c16451eaa95d508edf:event_203_parent_turn_177 skipping — predecessor failed
2026-09-03 16:23:46,748 - inference_perf.datagen.replay.replay_graph_session_datagen - INFO - Event wekatrace12_0d75185d4e958ad360c16451eaa95d508edf:event_204_parent_turn_178 skipping — predecessor failed
2026-09-03 16:23:46,748 - inference_perf.datagen.replay.replay_graph_session_datagen - INFO - Event wekatrace12_0d75185d4e958ad360c16451eaa95d508edf:event_205_parent_turn_179 skipping — predecessor failed
2026-09-03 16:23:46,749 - inference_perf.datagen.replay.replay_graph_session_datagen - INFO - Event wekatrace12_0d75185d4e958ad360c16451eaa95d508edf:event_206_parent_turn_180 skipping — predecessor failed
2026-09-03 16:23:46,749 - inference_perf.datagen.replay.replay_graph_session_datagen - INFO - Event wekatrace12_0d75185d4e958ad360c16451eaa95d508edf:event_207_parent_turn_181 skipping — predecessor failed
2026-09-03 16:23:46,749 - inference_perf.datagen.replay.replay_graph_session_datagen - INFO - Event wekatrace12_0d75185d4e958ad360c16451eaa95d508edf:event_208_parent_turn_182 skipping — predecessor failed
2026-09-03 16:23:46,750 - inference_perf.datagen.replay.replay_graph_session_datagen - INFO - Event wekatrace12_0d75185d4e958ad360c16451eaa95d508edf:event_209_parent_turn_183 skipping — predecessor failed
2026-09-03 16:23:47,458 - inference_perf.datagen.replay.replay_graph_session_datagen - INFO - Event wekatrace15_1186d32070428ea303de493d61ee3effd467:event_036_parent_turn_36 skipping — predecessor wait failed: TimeoutError
2026-09-03 16:23:47,459 - inference_perf.datagen.replay.replay_graph_session_datagen - INFO - Event wekatrace15_1186d32070428ea303de493d61ee3effd467:event_037_parent_turn_37 skipping — predecessor failed
2026-09-03 16:23:47,460 - inference_perf.datagen.replay.replay_graph_session_datagen - INFO - Event wekatrace15_1186d32070428ea303de493d61ee3effd467:event_038_parent_turn_38 skipping — predecessor failed
2026-09-03 16:23:47,713 - inference_perf.datagen.replay.replay_graph_session_datagen - INFO - Event wekatrace17_1770548ae8e30555e62d6d6296c0166d6074:event_036_parent_turn_36 skipping — predecessor wait failed: TimeoutError
2026-09-03 16:23:47,715 - inference_perf.datagen.replay.replay_graph_session_datagen - INFO - Event wekatrace17_1770548ae8e30555e62d6d6296c0166d6074:event_037_parent_turn_37 skipping — predecessor failed
2026-09-03 16:23:48,050 - inference_perf.datagen.replay.replay_graph_session_datagen - INFO - Event wekatrace18_1ac9d045056424d98ec4b5725460ca2b6120:event_066_parent_turn_38 skipping — predecessor wait failed: TimeoutError
2026-09-03 16:23:48,051 - inference_perf.datagen.replay.replay_graph_session_datagen - INFO - Event wekatrace18_1ac9d045056424d98ec4b5725460ca2b6120:event_067_parent_turn_39 skipping — predecessor failed
2026-09-03 16:23:48,052 - inference_perf.datagen.replay.replay_graph_session_datagen - INFO - Event wekatrace18_1ac9d045056424d98ec4b5725460ca2b6120:event_068_parent_turn_40 skipping — predecessor failed
2026-09-03 16:23:48,052 - inference_perf.datagen.replay.replay_graph_session_datagen - INFO - Event wekatrace18_1ac9d045056424d98ec4b5725460ca2b6120:event_069_parent_turn_41 skipping — predecessor failed
2026-09-03 16:23:48,053 - inference_perf.datagen.replay.replay_graph_session_datagen - INFO - Event wekatrace18_1ac9d045056424d98ec4b5725460ca2b6120:event_070_parent_turn_42 skipping — predecessor failed
2026-09-03 16:23:48,053 - inference_perf.datagen.replay.replay_graph_session_datagen - INFO - Event wekatrace18_1ac9d045056424d98ec4b5725460ca2b6120:event_071_parent_turn_43 skipping — predecessor failed
2026-09-03 16:23:48,508 - inference_perf.datagen.replay.replay_graph_session_datagen - INFO - Event wekatrace7_09c188c8b9201ec2046cc2df702623fef33e:event_039_parent_turn_39 skipping — predecessor wait failed: TimeoutError
2026-09-03 16:23:48,510 - inference_perf.datagen.replay.replay_graph_session_datagen - INFO - Event wekatrace7_09c188c8b9201ec2046cc2df702623fef33e:event_040_parent_turn_40 skipping — predecessor wait failed: TimeoutError
2026-09-03 16:23:48,510 - inference_perf.datagen.replay.replay_graph_session_datagen - INFO - Event wekatrace7_09c188c8b9201ec2046cc2df702623fef33e:event_041_parent_turn_41 skipping — predecessor failed
2026-09-03 16:23:48,511 - inference_perf.datagen.replay.replay_graph_session_datagen - INFO - Event wekatrace7_09c188c8b9201ec2046cc2df702623fef33e:event_042_parent_turn_42 skipping — predecessor failed
2026-09-03 16:23:48,511 - inference_perf.datagen.replay.replay_graph_session_datagen - INFO - Event wekatrace7_09c188c8b9201ec2046cc2df702623fef33e:event_043_parent_turn_43 skipping — predecessor failed
2026-09-03 16:23:48,512 - inference_perf.datagen.replay.replay_graph_session_datagen - INFO - Event wekatrace7_09c188c8b9201ec2046cc2df702623fef33e:event_044_parent_turn_44 skipping — predecessor failed
2026-09-03 16:23:48,512 - inference_perf.datagen.replay.replay_graph_session_datagen - INFO - Event wekatrace7_09c188c8b9201ec2046cc2df702623fef33e:event_045_parent_turn_45 skipping — predecessor failed
2026-09-03 16:23:48,512 - inference_perf.datagen.replay.replay_graph_session_datagen - INFO - Event wekatrace7_09c188c8b9201ec2046cc2df702623fef33e:event_046_parent_turn_46 skipping — predecessor failed
2026-09-03 16:23:48,512 - inference_perf.datagen.replay.replay_graph_session_datagen - INFO - Event wekatrace7_09c188c8b9201ec2046cc2df702623fef33e:event_047_parent_turn_47 skipping — predecessor failed
2026-09-03 16:23:48,512 - inference_perf.datagen.replay.replay_graph_session_datagen - INFO - Event wekatrace7_09c188c8b9201ec2046cc2df702623fef33e:event_048_parent_turn_48 skipping — predecessor failed
2026-09-03 16:23:48,513 - inference_perf.datagen.replay.replay_graph_session_datagen - INFO - Event wekatrace7_09c188c8b9201ec2046cc2df702623fef33e:event_049_parent_turn_49 skipping — predecessor failed
2026-09-03 16:23:48,513 - inference_perf.datagen.replay.replay_graph_session_datagen - INFO - Event wekatrace7_09c188c8b9201ec2046cc2df702623fef33e:event_050_parent_turn_50 skipping — predecessor failed
2026-09-03 16:23:48,513 - inference_perf.datagen.replay.replay_graph_session_datagen - INFO - Event wekatrace7_09c188c8b9201ec2046cc2df702623fef33e:event_051_parent_turn_51 skipping — predecessor failed
2026-09-03 16:23:48,513 - inference_perf.datagen.replay.replay_graph_session_datagen - INFO - Event wekatrace7_09c188c8b9201ec2046cc2df702623fef33e:event_052_parent_turn_52 skipping — predecessor failed
2026-09-03 16:23:48,513 - inference_perf.datagen.replay.replay_graph_session_datagen - INFO - Event wekatrace7_09c188c8b9201ec2046cc2df702623fef33e:event_053_parent_turn_53 skipping — predecessor failed
2026-09-03 16:23:48,513 - inference_perf.datagen.replay.replay_graph_session_datagen - INFO - Event wekatrace7_09c188c8b9201ec2046cc2df702623fef33e:event_054_parent_turn_54 skipping — predecessor failed
2026-09-03 16:23:48,514 - inference_perf.datagen.replay.replay_graph_session_datagen - INFO - Event wekatrace7_09c188c8b9201ec2046cc2df702623fef33e:event_055_parent_turn_55 skipping — predecessor failed
2026-09-03 16:23:48,514 - inference_perf.datagen.replay.replay_graph_session_datagen - INFO - Event wekatrace7_09c188c8b9201ec2046cc2df702623fef33e:event_056_parent_turn_56 skipping — predecessor failed
2026-09-03 16:23:48,514 - inference_perf.datagen.replay.replay_graph_session_datagen - INFO - Event wekatrace7_09c188c8b9201ec2046cc2df702623fef33e:event_057_parent_turn_57 skipping — predecessor failed
2026-09-03 16:23:48,514 - inference_perf.datagen.replay.replay_graph_session_datagen - INFO - Event wekatrace7_09c188c8b9201ec2046cc2df702623fef33e:event_058_parent_turn_58 skipping — predecessor failed
2026-09-03 16:23:48,514 - inference_perf.datagen.replay.replay_graph_session_datagen - INFO - Event wekatrace7_09c188c8b9201ec2046cc2df702623fef33e:event_059_parent_turn_59 skipping — predecessor failed
2026-09-03 16:23:49,165 - inference_perf.datagen.replay.replay_graph_session_datagen - INFO - Event wekatrace2_04b25fe5b2ffa5e7ec9890426cce59838a05:event_026_parent_turn_26 skipping — predecessor wait failed: TimeoutError
2026-09-03 16:23:49,166 - inference_perf.datagen.replay.replay_graph_session_datagen - INFO - Event wekatrace2_04b25fe5b2ffa5e7ec9890426cce59838a05:event_027_parent_turn_27 skipping — predecessor failed
2026-09-03 16:23:49,167 - inference_perf.datagen.replay.replay_graph_session_datagen - INFO - Event wekatrace2_04b25fe5b2ffa5e7ec9890426cce59838a05:event_028_parent_turn_28 skipping — predecessor failed
2026-09-03 16:23:49,167 - inference_perf.datagen.replay.replay_graph_session_datagen - INFO - Event wekatrace2_04b25fe5b2ffa5e7ec9890426cce59838a05:event_029_parent_turn_29 skipping — predecessor failed
2026-09-03 16:23:49,168 - inference_perf.datagen.replay.replay_graph_session_datagen - INFO - Event wekatrace2_04b25fe5b2ffa5e7ec9890426cce59838a05:event_030_parent_turn_30 skipping — predecessor failed
2026-09-03 16:23:49,169 - inference_perf.datagen.replay.replay_graph_session_datagen - INFO - Event wekatrace2_04b25fe5b2ffa5e7ec9890426cce59838a05:event_031_parent_turn_31 skipping — predecessor failed
2026-09-03 16:23:49,169 - inference_perf.datagen.replay.replay_graph_session_datagen - INFO - Event wekatrace2_04b25fe5b2ffa5e7ec9890426cce59838a05:event_032_parent_turn_32 skipping — predecessor failed
2026-09-03 16:23:49,169 - inference_perf.datagen.replay.replay_graph_session_datagen - INFO - Event wekatrace2_04b25fe5b2ffa5e7ec9890426cce59838a05:event_033_parent_turn_33 skipping — predecessor failed
2026-09-03 16:23:49,170 - inference_perf.datagen.replay.replay_graph_session_datagen - INFO - Event wekatrace2_04b25fe5b2ffa5e7ec9890426cce59838a05:event_034_parent_turn_34 skipping — predecessor failed
2026-09-03 16:23:49,171 - inference_perf.datagen.replay.replay_graph_session_datagen - INFO - Event wekatrace2_04b25fe5b2ffa5e7ec9890426cce59838a05:event_035_parent_turn_35 skipping — predecessor failed
2026-09-03 16:23:49,178 - inference_perf.datagen.replay.replay_graph_session_datagen - INFO - Event wekatrace2_04b25fe5b2ffa5e7ec9890426cce59838a05:event_036_parent_turn_36 skipping — predecessor failed
2026-09-03 16:23:49,179 - inference_perf.datagen.replay.replay_graph_session_datagen - INFO - Event wekatrace2_04b25fe5b2ffa5e7ec9890426cce59838a05:event_037_parent_turn_37 skipping — predecessor failed
2026-09-03 16:23:49,179 - inference_perf.datagen.replay.replay_graph_session_datagen - INFO - Event wekatrace2_04b25fe5b2ffa5e7ec9890426cce59838a05:event_038_parent_turn_38 skipping — predecessor failed
2026-09-03 16:23:49,180 - inference_perf.datagen.replay.replay_graph_session_datagen - INFO - Event wekatrace2_04b25fe5b2ffa5e7ec9890426cce59838a05:event_039_parent_turn_39 skipping — predecessor failed
2026-09-03 16:23:49,181 - inference_perf.datagen.replay.replay_graph_session_datagen - INFO - Event wekatrace2_04b25fe5b2ffa5e7ec9890426cce59838a05:event_040_parent_turn_40 skipping — predecessor failed
2026-09-03 16:23:49,181 - inference_perf.datagen.replay.replay_graph_session_datagen - INFO - Event wekatrace2_04b25fe5b2ffa5e7ec9890426cce59838a05:event_041_parent_turn_41 skipping — predecessor failed
2026-09-03 16:23:49,182 - inference_perf.datagen.replay.replay_graph_session_datagen - INFO - Event wekatrace2_04b25fe5b2ffa5e7ec9890426cce59838a05:event_042_parent_turn_42 skipping — predecessor failed
2026-09-03 16:23:49,182 - inference_perf.datagen.replay.replay_graph_session_datagen - INFO - Event wekatrace2_04b25fe5b2ffa5e7ec9890426cce59838a05:event_043_parent_turn_43 skipping — predecessor failed
2026-09-03 16:23:49,182 - inference_perf.datagen.replay.replay_graph_session_datagen - INFO - Event wekatrace2_04b25fe5b2ffa5e7ec9890426cce59838a05:event_044_parent_turn_44 skipping — predecessor failed
2026-09-03 16:23:49,183 - inference_perf.datagen.replay.replay_graph_session_datagen - INFO - Event wekatrace2_04b25fe5b2ffa5e7ec9890426cce59838a05:event_045_parent_turn_45 skipping — predecessor failed
2026-09-03 16:23:49,183 - inference_perf.datagen.replay.replay_graph_session_datagen - INFO - Event wekatrace2_04b25fe5b2ffa5e7ec9890426cce59838a05:event_046_parent_turn_46 skipping — predecessor failed
2026-09-03 16:23:49,183 - inference_perf.datagen.replay.replay_graph_session_datagen - INFO - Event wekatrace2_04b25fe5b2ffa5e7ec9890426cce59838a05:event_047_parent_turn_47 skipping — predecessor failed
2026-09-03 16:23:49,183 - inference_perf.datagen.replay.replay_graph_session_datagen - INFO - Event wekatrace2_04b25fe5b2ffa5e7ec9890426cce59838a05:event_048_parent_turn_48 skipping — predecessor failed
2026-09-03 16:23:49,184 - inference_perf.datagen.replay.replay_graph_session_datagen - INFO - Event wekatrace2_04b25fe5b2ffa5e7ec9890426cce59838a05:event_049_parent_turn_49 skipping — predecessor failed
2026-09-03 16:23:49,184 - inference_perf.datagen.replay.replay_graph_session_datagen - INFO - Event wekatrace2_04b25fe5b2ffa5e7ec9890426cce59838a05:event_050_parent_turn_50 skipping — predecessor failed
2026-09-03 16:23:49,184 - inference_perf.datagen.replay.replay_graph_session_datagen - INFO - Event wekatrace2_04b25fe5b2ffa5e7ec9890426cce59838a05:event_051_parent_turn_51 skipping — predecessor failed
2026-09-03 16:23:49,184 - inference_perf.datagen.replay.replay_graph_session_datagen - INFO - Event wekatrace2_04b25fe5b2ffa5e7ec9890426cce59838a05:event_052_parent_turn_52 skipping — predecessor failed
2026-09-03 16:23:49,185 - inference_perf.datagen.replay.replay_graph_session_datagen - INFO - Event wekatrace2_04b25fe5b2ffa5e7ec9890426cce59838a05:event_053_parent_turn_53 skipping — predecessor failed
2026-09-03 16:23:49,185 - inference_perf.datagen.replay.replay_graph_session_datagen - INFO - Event wekatrace2_04b25fe5b2ffa5e7ec9890426cce59838a05:event_054_parent_turn_54 skipping — predecessor failed
2026-09-03 16:23:49,185 - inference_perf.datagen.replay.replay_graph_session_datagen - INFO - Event wekatrace2_04b25fe5b2ffa5e7ec9890426cce59838a05:event_055_parent_turn_55 skipping — predecessor failed
2026-09-03 16:23:49,186 - inference_perf.datagen.replay.replay_graph_session_datagen - INFO - Event wekatrace2_04b25fe5b2ffa5e7ec9890426cce59838a05:event_056_parent_turn_56 skipping — predecessor failed
2026-09-03 16:23:49,186 - inference_perf.datagen.replay.replay_graph_session_datagen - INFO - Event wekatrace2_04b25fe5b2ffa5e7ec9890426cce59838a05:event_057_parent_turn_57 skipping — predecessor failed
2026-09-03 16:23:49,186 - inference_perf.datagen.replay.replay_graph_session_datagen - INFO - Event wekatrace2_04b25fe5b2ffa5e7ec9890426cce59838a05:event_058_parent_turn_58 skipping — predecessor failed
2026-09-03 16:23:49,187 - inference_perf.datagen.replay.replay_graph_session_datagen - INFO - Event wekatrace2_04b25fe5b2ffa5e7ec9890426cce59838a05:event_059_parent_turn_59 skipping — predecessor failed
2026-09-03 16:23:49,187 - inference_perf.datagen.replay.replay_graph_session_datagen - INFO - Event wekatrace2_04b25fe5b2ffa5e7ec9890426cce59838a05:event_060_parent_turn_60 skipping — predecessor failed
2026-09-03 16:23:49,187 - inference_perf.datagen.replay.replay_graph_session_datagen - INFO - Event wekatrace2_04b25fe5b2ffa5e7ec9890426cce59838a05:event_061_parent_turn_61 skipping — predecessor failed
2026-09-03 16:23:49,188 - inference_perf.datagen.replay.replay_graph_session_datagen - INFO - Event wekatrace2_04b25fe5b2ffa5e7ec9890426cce59838a05:event_062_parent_turn_62 skipping — predecessor failed
2026-09-03 16:23:49,189 - inference_perf.datagen.replay.replay_graph_session_datagen - INFO - Event wekatrace2_04b25fe5b2ffa5e7ec9890426cce59838a05:event_063_parent_turn_63 skipping — predecessor failed
2026-09-03 16:23:49,189 - inference_perf.datagen.replay.replay_graph_session_datagen - INFO - Event wekatrace2_04b25fe5b2ffa5e7ec9890426cce59838a05:event_064_parent_turn_64 skipping — predecessor failed
2026-09-03 16:23:49,190 - inference_perf.datagen.replay.replay_graph_session_datagen - INFO - Event wekatrace2_04b25fe5b2ffa5e7ec9890426cce59838a05:event_065_parent_turn_65 skipping — predecessor failed
2026-09-03 16:23:49,190 - inference_perf.datagen.replay.replay_graph_session_datagen - INFO - Event wekatrace2_04b25fe5b2ffa5e7ec9890426cce59838a05:event_066_parent_turn_66 skipping — predecessor failed
2026-09-03 16:23:49,190 - inference_perf.datagen.replay.replay_graph_session_datagen - INFO - Event wekatrace2_04b25fe5b2ffa5e7ec9890426cce59838a05:event_067_parent_turn_67 skipping — predecessor failed
2026-09-03 16:23:49,191 - inference_perf.datagen.replay.replay_graph_session_datagen - INFO - Event wekatrace2_04b25fe5b2ffa5e7ec9890426cce59838a05:event_068_parent_turn_68 skipping — predecessor failed
2026-09-03 16:23:49,191 - inference_perf.datagen.replay.replay_graph_session_datagen - INFO - Event wekatrace2_04b25fe5b2ffa5e7ec9890426cce59838a05:event_069_parent_turn_69 skipping — predecessor failed
2026-09-03 16:23:49,192 - inference_perf.datagen.replay.replay_graph_session_datagen - INFO - Event wekatrace2_04b25fe5b2ffa5e7ec9890426cce59838a05:event_070_parent_turn_70 skipping — predecessor failed
2026-09-03 16:23:49,192 - inference_perf.datagen.replay.replay_graph_session_datagen - INFO - Event wekatrace2_04b25fe5b2ffa5e7ec9890426cce59838a05:event_071_parent_turn_71 skipping — predecessor failed
2026-09-03 16:23:49,192 - inference_perf.datagen.replay.replay_graph_session_datagen - INFO - Event wekatrace2_04b25fe5b2ffa5e7ec9890426cce59838a05:event_072_parent_turn_72 skipping — predecessor failed
2026-09-03 16:23:49,193 - inference_perf.datagen.replay.replay_graph_session_datagen - INFO - Event wekatrace2_04b25fe5b2ffa5e7ec9890426cce59838a05:event_073_parent_turn_73 skipping — predecessor failed
2026-09-03 16:23:49,193 - inference_perf.datagen.replay.replay_graph_session_datagen - INFO - Event wekatrace2_04b25fe5b2ffa5e7ec9890426cce59838a05:event_074_parent_turn_74 skipping — predecessor failed
2026-09-03 16:23:49,193 - inference_perf.datagen.replay.replay_graph_session_datagen - INFO - Event wekatrace2_04b25fe5b2ffa5e7ec9890426cce59838a05:event_075_parent_turn_75 skipping — predecessor failed
2026-09-03 16:23:49,194 - inference_perf.datagen.replay.replay_graph_session_datagen - INFO - Event wekatrace2_04b25fe5b2ffa5e7ec9890426cce59838a05:event_076_parent_turn_76 skipping — predecessor failed
2026-09-03 16:23:49,194 - inference_perf.datagen.replay.replay_graph_session_datagen - INFO - Event wekatrace2_04b25fe5b2ffa5e7ec9890426cce59838a05:event_077_parent_turn_77 skipping — predecessor failed
2026-09-03 16:23:49,194 - inference_perf.datagen.replay.replay_graph_session_datagen - INFO - Event wekatrace2_04b25fe5b2ffa5e7ec9890426cce59838a05:event_078_parent_turn_78 skipping — predecessor failed
2026-09-03 16:23:49,195 - inference_perf.datagen.replay.replay_graph_session_datagen - INFO - Event wekatrace2_04b25fe5b2ffa5e7ec9890426cce59838a05:event_079_parent_turn_79 skipping — predecessor failed
2026-09-03 16:23:49,196 - inference_perf.datagen.replay.replay_graph_session_datagen - INFO - Event wekatrace2_04b25fe5b2ffa5e7ec9890426cce59838a05:event_080_parent_turn_80 skipping — predecessor failed
2026-09-03 16:23:49,196 - inference_perf.datagen.replay.replay_graph_session_datagen - INFO - Event wekatrace2_04b25fe5b2ffa5e7ec9890426cce59838a05:event_081_parent_turn_81 skipping — predecessor failed
2026-09-03 16:23:49,197 - inference_perf.datagen.replay.replay_graph_session_datagen - INFO - Event wekatrace2_04b25fe5b2ffa5e7ec9890426cce59838a05:event_082_parent_turn_82 skipping — predecessor failed
2026-09-03 16:23:49,197 - inference_perf.datagen.replay.replay_graph_session_datagen - INFO - Event wekatrace2_04b25fe5b2ffa5e7ec9890426cce59838a05:event_083_parent_turn_83 skipping — predecessor failed
2026-09-03 16:23:49,198 - inference_perf.datagen.replay.replay_graph_session_datagen - INFO - Event wekatrace2_04b25fe5b2ffa5e7ec9890426cce59838a05:event_084_parent_turn_84 skipping — predecessor failed
2026-09-03 16:23:49,198 - inference_perf.datagen.replay.replay_graph_session_datagen - INFO - Event wekatrace2_04b25fe5b2ffa5e7ec9890426cce59838a05:event_085_parent_turn_85 skipping — predecessor failed
2026-09-03 16:23:49,198 - inference_perf.datagen.replay.replay_graph_session_datagen - INFO - Event wekatrace2_04b25fe5b2ffa5e7ec9890426cce59838a05:event_086_parent_turn_86 skipping — predecessor failed
2026-09-03 16:23:49,199 - inference_perf.datagen.replay.replay_graph_session_datagen - INFO - Event wekatrace2_04b25fe5b2ffa5e7ec9890426cce59838a05:event_087_parent_turn_87 skipping — predecessor failed
2026-09-03 16:23:49,199 - inference_perf.datagen.replay.replay_graph_session_datagen - INFO - Event wekatrace2_04b25fe5b2ffa5e7ec9890426cce59838a05:event_088_parent_turn_88 skipping — predecessor failed
2026-09-03 16:23:49,199 - inference_perf.datagen.replay.replay_graph_session_datagen - INFO - Event wekatrace23_1e086b8be96979688eb61ba63e18745a8f82:event_056_parent_turn_56 skipping — predecessor wait failed: TimeoutError
2026-09-03 16:23:49,199 - inference_perf.datagen.replay.replay_graph_session_datagen - INFO - Event wekatrace2_04b25fe5b2ffa5e7ec9890426cce59838a05:event_089_parent_turn_89 skipping — predecessor failed
2026-09-03 16:23:49,200 - inference_perf.datagen.replay.replay_graph_session_datagen - INFO - Event wekatrace2_04b25fe5b2ffa5e7ec9890426cce59838a05:event_090_parent_turn_90 skipping — predecessor failed
2026-09-03 16:23:49,201 - inference_perf.datagen.replay.replay_graph_session_datagen - INFO - Event wekatrace23_1e086b8be96979688eb61ba63e18745a8f82:event_057_parent_turn_57 skipping — predecessor wait failed: TimeoutError
2026-09-03 16:23:49,201 - inference_perf.datagen.replay.replay_graph_session_datagen - INFO - Event wekatrace23_1e086b8be96979688eb61ba63e18745a8f82:event_058_parent_turn_58 skipping — predecessor wait failed: TimeoutError
2026-09-03 16:23:49,201 - inference_perf.datagen.replay.replay_graph_session_datagen - INFO - Event wekatrace2_04b25fe5b2ffa5e7ec9890426cce59838a05:event_091_sa_subagent_001_ea921d3b_s0_turn_0 skipping — predecessor failed
2026-09-03 16:23:49,201 - inference_perf.datagen.replay.replay_graph_session_datagen - INFO - Event wekatrace23_1e086b8be96979688eb61ba63e18745a8f82:event_059_parent_turn_59 skipping — predecessor failed
2026-09-03 16:23:49,201 - inference_perf.datagen.replay.replay_graph_session_datagen - INFO - Event wekatrace2_04b25fe5b2ffa5e7ec9890426cce59838a05:event_130_parent_turn_91 skipping — predecessor failed
2026-09-03 16:23:49,202 - inference_perf.datagen.replay.replay_graph_session_datagen - INFO - Event wekatrace2_04b25fe5b2ffa5e7ec9890426cce59838a05:event_092_sa_subagent_001_ea921d3b_s0_turn_1 skipping — predecessor failed
2026-09-03 16:23:49,202 - inference_perf.datagen.replay.replay_graph_session_datagen - INFO - Event wekatrace2_04b25fe5b2ffa5e7ec9890426cce59838a05:event_131_parent_turn_92 skipping — predecessor failed
2026-09-03 16:23:49,202 - inference_perf.datagen.replay.replay_graph_session_datagen - INFO - Event wekatrace23_1e086b8be96979688eb61ba63e18745a8f82:event_060_parent_turn_60 skipping — predecessor failed
2026-09-03 16:23:49,202 - inference_perf.datagen.replay.replay_graph_session_datagen - INFO - Event wekatrace23_1e086b8be96979688eb61ba63e18745a8f82:event_061_parent_turn_61 skipping — predecessor failed
2026-09-03 16:23:49,202 - inference_perf.datagen.replay.replay_graph_session_datagen - INFO - Event wekatrace2_04b25fe5b2ffa5e7ec9890426cce59838a05:event_093_sa_subagent_001_ea921d3b_s0_turn_2 skipping — predecessor failed
2026-09-03 16:23:49,202 - inference_perf.datagen.replay.replay_graph_session_datagen - INFO - Event wekatrace23_1e086b8be96979688eb61ba63e18745a8f82:event_062_parent_turn_62 skipping — predecessor failed
2026-09-03 16:23:49,203 - inference_perf.datagen.replay.replay_graph_session_datagen - INFO - Event wekatrace2_04b25fe5b2ffa5e7ec9890426cce59838a05:event_132_parent_turn_93 skipping — predecessor failed
2026-09-03 16:23:49,203 - inference_perf.datagen.replay.replay_graph_session_datagen - INFO - Event wekatrace23_1e086b8be96979688eb61ba63e18745a8f82:event_063_parent_turn_63 skipping — predecessor failed
2026-09-03 16:23:49,203 - inference_perf.datagen.replay.replay_graph_session_datagen - INFO - Event wekatrace2_04b25fe5b2ffa5e7ec9890426cce59838a05:event_094_sa_subagent_001_ea921d3b_s0_turn_3 skipping — predecessor failed
2026-09-03 16:23:49,204 - inference_perf.datagen.replay.replay_graph_session_datagen - INFO - Event wekatrace2_04b25fe5b2ffa5e7ec9890426cce59838a05:event_133_parent_turn_94 skipping — predecessor failed
2026-09-03 16:23:49,204 - inference_perf.datagen.replay.replay_graph_session_datagen - INFO - Event wekatrace2_04b25fe5b2ffa5e7ec9890426cce59838a05:event_134_parent_turn_95 skipping — predecessor failed
2026-09-03 16:23:49,205 - inference_perf.datagen.replay.replay_graph_session_datagen - INFO - Event wekatrace2_04b25fe5b2ffa5e7ec9890426cce59838a05:event_095_sa_subagent_001_ea921d3b_s0_turn_4 skipping — predecessor failed
2026-09-03 16:23:49,205 - inference_perf.datagen.replay.replay_graph_session_datagen - INFO - Event wekatrace2_04b25fe5b2ffa5e7ec9890426cce59838a05:event_135_parent_turn_96 skipping — predecessor failed
2026-09-03 16:23:49,206 - inference_perf.datagen.replay.replay_graph_session_datagen - INFO - Event wekatrace2_04b25fe5b2ffa5e7ec9890426cce59838a05:event_096_sa_subagent_001_ea921d3b_s0_turn_5 skipping — predecessor failed
2026-09-03 16:23:49,206 - inference_perf.datagen.replay.replay_graph_session_datagen - INFO - Event wekatrace2_04b25fe5b2ffa5e7ec9890426cce59838a05:event_136_parent_turn_97 skipping — predecessor failed
2026-09-03 16:23:49,206 - inference_perf.datagen.replay.replay_graph_session_datagen - INFO - Event wekatrace2_04b25fe5b2ffa5e7ec9890426cce59838a05:event_097_sa_subagent_001_ea921d3b_s0_turn_6 skipping — predecessor failed
2026-09-03 16:23:49,207 - inference_perf.datagen.replay.replay_graph_session_datagen - INFO - Event wekatrace2_04b25fe5b2ffa5e7ec9890426cce59838a05:event_137_parent_turn_98 skipping — predecessor failed
2026-09-03 16:23:49,208 - inference_perf.datagen.replay.replay_graph_session_datagen - INFO - Event wekatrace2_04b25fe5b2ffa5e7ec9890426cce59838a05:event_098_sa_subagent_001_ea921d3b_s0_turn_7 skipping — predecessor failed
2026-09-03 16:23:49,209 - inference_perf.datagen.replay.replay_graph_session_datagen - INFO - Event wekatrace2_04b25fe5b2ffa5e7ec9890426cce59838a05:event_099_sa_subagent_001_ea921d3b_s0_turn_8 skipping — predecessor failed
2026-09-03 16:23:49,210 - inference_perf.datagen.replay.replay_graph_session_datagen - INFO - Event wekatrace2_04b25fe5b2ffa5e7ec9890426cce59838a05:event_100_sa_subagent_001_ea921d3b_s0_turn_9 skipping — predecessor failed
2026-09-03 16:23:49,210 - inference_perf.datagen.replay.replay_graph_session_datagen - INFO - Event wekatrace2_04b25fe5b2ffa5e7ec9890426cce59838a05:event_101_sa_subagent_001_ea921d3b_s0_turn_10 skipping — predecessor failed
2026-09-03 16:23:49,221 - inference_perf.datagen.replay.replay_graph_session_datagen - INFO - Event wekatrace2_04b25fe5b2ffa5e7ec9890426cce59838a05:event_102_sa_subagent_001_ea921d3b_s0_turn_11 skipping — predecessor failed
2026-09-03 16:23:49,221 - inference_perf.datagen.replay.replay_graph_session_datagen - INFO - Event wekatrace2_04b25fe5b2ffa5e7ec9890426cce59838a05:event_103_sa_subagent_001_ea921d3b_s0_turn_12 skipping — predecessor failed
2026-09-03 16:23:49,222 - inference_perf.datagen.replay.replay_graph_session_datagen - INFO - Event wekatrace2_04b25fe5b2ffa5e7ec9890426cce59838a05:event_104_sa_subagent_001_ea921d3b_s0_turn_13 skipping — predecessor failed
2026-09-03 16:23:49,222 - inference_perf.datagen.replay.replay_graph_session_datagen - INFO - Event wekatrace2_04b25fe5b2ffa5e7ec9890426cce59838a05:event_105_sa_subagent_001_ea921d3b_s0_turn_14 skipping — predecessor failed
2026-09-03 16:23:49,222 - inference_perf.datagen.replay.replay_graph_session_datagen - INFO - Event wekatrace2_04b25fe5b2ffa5e7ec9890426cce59838a05:event_106_sa_subagent_001_ea921d3b_s0_turn_15 skipping — predecessor failed
2026-09-03 16:23:49,222 - inference_perf.datagen.replay.replay_graph_session_datagen - INFO - Event wekatrace2_04b25fe5b2ffa5e7ec9890426cce59838a05:event_107_sa_subagent_001_ea921d3b_s0_turn_16 skipping — predecessor failed
2026-09-03 16:23:49,223 - inference_perf.datagen.replay.replay_graph_session_datagen - INFO - Event wekatrace2_04b25fe5b2ffa5e7ec9890426cce59838a05:event_108_sa_subagent_001_ea921d3b_s0_turn_17 skipping — predecessor failed
2026-09-03 16:23:49,224 - inference_perf.datagen.replay.replay_graph_session_datagen - INFO - Event wekatrace2_04b25fe5b2ffa5e7ec9890426cce59838a05:event_109_sa_subagent_001_ea921d3b_s0_turn_18 skipping — predecessor failed
2026-09-03 16:23:49,224 - inference_perf.datagen.replay.replay_graph_session_datagen - INFO - Event wekatrace2_04b25fe5b2ffa5e7ec9890426cce59838a05:event_110_sa_subagent_001_ea921d3b_s0_turn_19 skipping — predecessor failed
2026-09-03 16:23:49,225 - inference_perf.datagen.replay.replay_graph_session_datagen - INFO - Event wekatrace2_04b25fe5b2ffa5e7ec9890426cce59838a05:event_111_sa_subagent_001_ea921d3b_s0_turn_20 skipping — predecessor failed
2026-09-03 16:23:49,226 - inference_perf.datagen.replay.replay_graph_session_datagen - INFO - Event wekatrace2_04b25fe5b2ffa5e7ec9890426cce59838a05:event_112_sa_subagent_001_ea921d3b_s0_turn_21 skipping — predecessor failed
2026-09-03 16:23:49,226 - inference_perf.datagen.replay.replay_graph_session_datagen - INFO - Event wekatrace2_04b25fe5b2ffa5e7ec9890426cce59838a05:event_113_sa_subagent_001_ea921d3b_s0_turn_22 skipping — predecessor failed
2026-09-03 16:23:49,227 - inference_perf.datagen.replay.replay_graph_session_datagen - INFO - Event wekatrace2_04b25fe5b2ffa5e7ec9890426cce59838a05:event_114_sa_subagent_001_ea921d3b_s0_turn_23 skipping — predecessor failed
2026-09-03 16:23:49,229 - inference_perf.datagen.replay.replay_graph_session_datagen - INFO - Event wekatrace2_04b25fe5b2ffa5e7ec9890426cce59838a05:event_115_sa_subagent_001_ea921d3b_s0_turn_24 skipping — predecessor failed
2026-09-03 16:23:49,229 - inference_perf.datagen.replay.replay_graph_session_datagen - INFO - Event wekatrace2_04b25fe5b2ffa5e7ec9890426cce59838a05:event_116_sa_subagent_001_ea921d3b_s0_turn_25 skipping — predecessor failed
2026-09-03 16:23:49,230 - inference_perf.datagen.replay.replay_graph_session_datagen - INFO - Event wekatrace2_04b25fe5b2ffa5e7ec9890426cce59838a05:event_117_sa_subagent_001_ea921d3b_s0_turn_26 skipping — predecessor failed
2026-09-03 16:23:49,232 - inference_perf.datagen.replay.replay_graph_session_datagen - INFO - Event wekatrace2_04b25fe5b2ffa5e7ec9890426cce59838a05:event_118_sa_subagent_001_ea921d3b_s0_turn_27 skipping — predecessor failed
2026-09-03 16:23:49,232 - inference_perf.datagen.replay.replay_graph_session_datagen - INFO - Event wekatrace2_04b25fe5b2ffa5e7ec9890426cce59838a05:event_119_sa_subagent_001_ea921d3b_s0_turn_28 skipping — predecessor failed
2026-09-03 16:23:49,232 - inference_perf.datagen.replay.replay_graph_session_datagen - INFO - Event wekatrace2_04b25fe5b2ffa5e7ec9890426cce59838a05:event_120_sa_subagent_001_ea921d3b_s0_turn_29 skipping — predecessor failed
2026-09-03 16:23:49,235 - inference_perf.datagen.replay.replay_graph_session_datagen - INFO - Event wekatrace2_04b25fe5b2ffa5e7ec9890426cce59838a05:event_121_sa_subagent_001_ea921d3b_s0_turn_30 skipping — predecessor failed
2026-09-03 16:23:49,236 - inference_perf.datagen.replay.replay_graph_session_datagen - INFO - Event wekatrace2_04b25fe5b2ffa5e7ec9890426cce59838a05:event_122_sa_subagent_001_ea921d3b_s0_turn_31 skipping — predecessor failed
2026-09-03 16:23:49,236 - inference_perf.datagen.replay.replay_graph_session_datagen - INFO - Event wekatrace2_04b25fe5b2ffa5e7ec9890426cce59838a05:event_123_sa_subagent_001_ea921d3b_s0_turn_32 skipping — predecessor failed
2026-09-03 16:23:49,237 - inference_perf.datagen.replay.replay_graph_session_datagen - INFO - Event wekatrace2_04b25fe5b2ffa5e7ec9890426cce59838a05:event_124_sa_subagent_001_ea921d3b_s0_turn_33 skipping — predecessor failed
2026-09-03 16:23:49,237 - inference_perf.datagen.replay.replay_graph_session_datagen - INFO - Event wekatrace2_04b25fe5b2ffa5e7ec9890426cce59838a05:event_125_sa_subagent_001_ea921d3b_s0_turn_34 skipping — predecessor failed
2026-09-03 16:23:49,237 - inference_perf.datagen.replay.replay_graph_session_datagen - INFO - Event wekatrace2_04b25fe5b2ffa5e7ec9890426cce59838a05:event_126_sa_subagent_001_ea921d3b_s0_turn_35 skipping — predecessor failed
2026-09-03 16:23:49,237 - inference_perf.datagen.replay.replay_graph_session_datagen - INFO - Event wekatrace2_04b25fe5b2ffa5e7ec9890426cce59838a05:event_127_sa_subagent_001_ea921d3b_s0_turn_36 skipping — predecessor failed
2026-09-03 16:23:49,238 - inference_perf.datagen.replay.replay_graph_session_datagen - INFO - Event wekatrace2_04b25fe5b2ffa5e7ec9890426cce59838a05:event_128_sa_subagent_001_ea921d3b_s0_turn_37 skipping — predecessor failed
2026-09-03 16:23:49,239 - inference_perf.datagen.replay.replay_graph_session_datagen - INFO - Event wekatrace2_04b25fe5b2ffa5e7ec9890426cce59838a05:event_129_sa_subagent_001_ea921d3b_s0_turn_38 skipping — predecessor failed
2026-09-03 16:23:51,626 - inference_perf.datagen.replay.replay_graph_session_datagen - INFO - Event wekatrace9_0b1cf5ad73920121aa53e1acb0851a8ecf32:event_057_parent_turn_57 skipping — predecessor wait failed: TimeoutError
2026-09-03 16:23:51,628 - inference_perf.datagen.replay.replay_graph_session_datagen - INFO - Event wekatrace9_0b1cf5ad73920121aa53e1acb0851a8ecf32:event_058_parent_turn_58 skipping — predecessor failed
2026-09-03 16:23:51,628 - inference_perf.datagen.replay.replay_graph_session_datagen - INFO - Event wekatrace9_0b1cf5ad73920121aa53e1acb0851a8ecf32:event_059_parent_turn_59 skipping — predecessor failed
2026-09-03 16:23:51,628 - inference_perf.datagen.replay.replay_graph_session_datagen - INFO - Event wekatrace9_0b1cf5ad73920121aa53e1acb0851a8ecf32:event_060_parent_turn_60 skipping — predecessor failed
2026-09-03 16:23:51,629 - inference_perf.datagen.replay.replay_graph_session_datagen - INFO - Event wekatrace9_0b1cf5ad73920121aa53e1acb0851a8ecf32:event_061_parent_turn_61 skipping — predecessor failed
2026-09-03 16:23:51,630 - inference_perf.datagen.replay.replay_graph_session_datagen - INFO - Event wekatrace9_0b1cf5ad73920121aa53e1acb0851a8ecf32:event_062_parent_turn_62 skipping — predecessor failed
2026-09-03 16:23:51,630 - inference_perf.datagen.replay.replay_graph_session_datagen - INFO - Event wekatrace9_0b1cf5ad73920121aa53e1acb0851a8ecf32:event_063_parent_turn_63 skipping — predecessor failed
2026-09-03 16:23:51,632 - inference_perf.datagen.replay.replay_graph_session_datagen - INFO - Event wekatrace9_0b1cf5ad73920121aa53e1acb0851a8ecf32:event_064_parent_turn_64 skipping — predecessor failed
2026-09-03 16:23:51,632 - inference_perf.datagen.replay.replay_graph_session_datagen - INFO - Event wekatrace9_0b1cf5ad73920121aa53e1acb0851a8ecf32:event_065_parent_turn_65 skipping — predecessor failed
2026-09-03 16:23:51,632 - inference_perf.datagen.replay.replay_graph_session_datagen - INFO - Event wekatrace9_0b1cf5ad73920121aa53e1acb0851a8ecf32:event_066_parent_turn_66 skipping — predecessor failed
2026-09-03 16:23:51,633 - inference_perf.datagen.replay.replay_graph_session_datagen - INFO - Event wekatrace9_0b1cf5ad73920121aa53e1acb0851a8ecf32:event_067_parent_turn_67 skipping — predecessor failed
2026-09-03 16:23:51,633 - inference_perf.datagen.replay.replay_graph_session_datagen - INFO - Event wekatrace9_0b1cf5ad73920121aa53e1acb0851a8ecf32:event_068_parent_turn_68 skipping — predecessor failed
2026-09-03 16:23:51,633 - inference_perf.datagen.replay.replay_graph_session_datagen - INFO - Event wekatrace9_0b1cf5ad73920121aa53e1acb0851a8ecf32:event_069_parent_turn_69 skipping — predecessor failed
2026-09-03 16:23:51,633 - inference_perf.datagen.replay.replay_graph_session_datagen - INFO - Event wekatrace9_0b1cf5ad73920121aa53e1acb0851a8ecf32:event_070_parent_turn_70 skipping — predecessor failed
2026-09-03 16:23:51,634 - inference_perf.datagen.replay.replay_graph_session_datagen - INFO - Event wekatrace9_0b1cf5ad73920121aa53e1acb0851a8ecf32:event_071_parent_turn_71 skipping — predecessor failed
2026-09-03 16:23:51,634 - inference_perf.datagen.replay.replay_graph_session_datagen - INFO - Event wekatrace9_0b1cf5ad73920121aa53e1acb0851a8ecf32:event_072_parent_turn_72 skipping — predecessor failed
2026-09-03 16:23:51,634 - inference_perf.datagen.replay.replay_graph_session_datagen - INFO - Event wekatrace9_0b1cf5ad73920121aa53e1acb0851a8ecf32:event_073_parent_turn_73 skipping — predecessor failed
2026-09-03 16:23:51,634 - inference_perf.datagen.replay.replay_graph_session_datagen - INFO - Event wekatrace9_0b1cf5ad73920121aa53e1acb0851a8ecf32:event_074_parent_turn_74 skipping — predecessor failed
2026-09-03 16:23:51,635 - inference_perf.datagen.replay.replay_graph_session_datagen - INFO - Event wekatrace9_0b1cf5ad73920121aa53e1acb0851a8ecf32:event_075_parent_turn_75 skipping — predecessor failed
2026-09-03 16:23:51,635 - inference_perf.datagen.replay.replay_graph_session_datagen - INFO - Event wekatrace9_0b1cf5ad73920121aa53e1acb0851a8ecf32:event_076_parent_turn_76 skipping — predecessor failed
2026-09-03 16:23:51,635 - inference_perf.datagen.replay.replay_graph_session_datagen - INFO - Event wekatrace9_0b1cf5ad73920121aa53e1acb0851a8ecf32:event_077_parent_turn_77 skipping — predecessor failed
2026-09-03 16:23:52,328 - inference_perf.datagen.replay.replay_graph_session_datagen - INFO - Event wekatrace22_1d52e24446ecdb36d1351d53094d8a67f621:event_063_parent_turn_42 skipping — predecessor wait failed: TimeoutError
2026-09-03 16:23:52,330 - inference_perf.datagen.replay.replay_graph_session_datagen - INFO - Event wekatrace22_1d52e24446ecdb36d1351d53094d8a67f621:event_064_parent_turn_43 skipping — predecessor failed
2026-09-03 16:23:52,330 - inference_perf.datagen.replay.replay_graph_session_datagen - INFO - Event wekatrace22_1d52e24446ecdb36d1351d53094d8a67f621:event_065_parent_turn_44 skipping — predecessor failed
2026-09-03 16:23:52,330 - inference_perf.datagen.replay.replay_graph_session_datagen - INFO - Event wekatrace22_1d52e24446ecdb36d1351d53094d8a67f621:event_066_parent_turn_45 skipping — predecessor failed
2026-09-03 16:23:52,331 - inference_perf.datagen.replay.replay_graph_session_datagen - INFO - Event wekatrace22_1d52e24446ecdb36d1351d53094d8a67f621:event_067_parent_turn_46 skipping — predecessor failed
2026-09-03 16:23:52,331 - inference_perf.loadgen.load_generator - INFO - All 24 sessions completed
2026-09-03 16:23:52,331 - inference_perf.datagen.replay.replay_graph_session_datagen - INFO - Event wekatrace22_1d52e24446ecdb36d1351d53094d8a67f621:event_068_parent_turn_47 skipping — predecessor failed
2026-09-03 16:23:52,332 - inference_perf.datagen.replay.replay_graph_session_datagen - INFO - Event wekatrace22_1d52e24446ecdb36d1351d53094d8a67f621:event_069_parent_turn_48 skipping — predecessor failed
2026-09-03 16:23:52,332 - inference_perf.datagen.replay.replay_graph_session_datagen - INFO - Event wekatrace22_1d52e24446ecdb36d1351d53094d8a67f621:event_070_parent_turn_49 skipping — predecessor failed
2026-09-03 16:23:52,332 - inference_perf.datagen.replay.replay_graph_session_datagen - INFO - Event wekatrace22_1d52e24446ecdb36d1351d53094d8a67f621:event_071_parent_turn_50 skipping — predecessor failed
2026-09-03 16:23:52,332 - inference_perf.datagen.replay.replay_graph_session_datagen - INFO - Event wekatrace22_1d52e24446ecdb36d1351d53094d8a67f621:event_072_parent_turn_51 skipping — predecessor failed
2026-09-03 16:23:52,332 - inference_perf.datagen.replay.replay_graph_session_datagen - INFO - Event wekatrace22_1d52e24446ecdb36d1351d53094d8a67f621:event_073_parent_turn_52 skipping — predecessor failed
2026-09-03 16:23:52,332 - inference_perf.datagen.replay.replay_graph_session_datagen - INFO - Event wekatrace22_1d52e24446ecdb36d1351d53094d8a67f621:event_074_parent_turn_53 skipping — predecessor failed
2026-09-03 16:23:52,333 - inference_perf.datagen.replay.replay_graph_session_datagen - INFO - Event wekatrace22_1d52e24446ecdb36d1351d53094d8a67f621:event_075_parent_turn_54 skipping — predecessor failed
2026-09-03 16:23:52,333 - inference_perf.datagen.replay.replay_graph_session_datagen - INFO - Event wekatrace22_1d52e24446ecdb36d1351d53094d8a67f621:event_076_parent_turn_55 skipping — predecessor failed
2026-09-03 16:23:52,334 - inference_perf.datagen.replay.replay_graph_session_datagen - INFO - Event wekatrace22_1d52e24446ecdb36d1351d53094d8a67f621:event_077_parent_turn_56 skipping — predecessor failed
2026-09-03 16:23:52,334 - inference_perf.datagen.replay.replay_graph_session_datagen - INFO - Event wekatrace22_1d52e24446ecdb36d1351d53094d8a67f621:event_078_parent_turn_57 skipping — predecessor failed
2026-09-03 16:23:52,335 - inference_perf.datagen.replay.replay_graph_session_datagen - INFO - Event wekatrace22_1d52e24446ecdb36d1351d53094d8a67f621:event_079_parent_turn_58 skipping — predecessor failed
2026-09-03 16:23:52,335 - inference_perf.datagen.replay.replay_graph_session_datagen - INFO - Event wekatrace22_1d52e24446ecdb36d1351d53094d8a67f621:event_080_parent_turn_59 skipping — predecessor failed
2026-09-03 16:23:52,335 - inference_perf.datagen.replay.replay_graph_session_datagen - INFO - Event wekatrace22_1d52e24446ecdb36d1351d53094d8a67f621:event_081_parent_turn_60 skipping — predecessor failed
2026-09-03 16:23:52,336 - inference_perf.datagen.replay.replay_graph_session_datagen - INFO - Event wekatrace22_1d52e24446ecdb36d1351d53094d8a67f621:event_082_parent_turn_61 skipping — predecessor failed
2026-09-03 16:23:52,336 - inference_perf.datagen.replay.replay_graph_session_datagen - INFO - Event wekatrace22_1d52e24446ecdb36d1351d53094d8a67f621:event_083_parent_turn_62 skipping — predecessor failed
2026-09-03 16:23:52,336 - inference_perf.datagen.replay.replay_graph_session_datagen - INFO - Event wekatrace22_1d52e24446ecdb36d1351d53094d8a67f621:event_084_parent_turn_63 skipping — predecessor failed
2026-09-03 16:23:52,336 - inference_perf.datagen.replay.replay_graph_session_datagen - INFO - Event wekatrace22_1d52e24446ecdb36d1351d53094d8a67f621:event_085_parent_turn_64 skipping — predecessor failed
2026-09-03 16:23:52,336 - inference_perf.datagen.replay.replay_graph_session_datagen - INFO - Event wekatrace22_1d52e24446ecdb36d1351d53094d8a67f621:event_086_parent_turn_65 skipping — predecessor failed
2026-09-03 16:23:52,337 - inference_perf.datagen.replay.replay_graph_session_datagen - INFO - Event wekatrace22_1d52e24446ecdb36d1351d53094d8a67f621:event_087_parent_turn_66 skipping — predecessor failed
2026-09-03 16:23:52,337 - inference_perf.datagen.replay.replay_graph_session_datagen - INFO - Event wekatrace22_1d52e24446ecdb36d1351d53094d8a67f621:event_088_parent_turn_67 skipping — predecessor failed
2026-09-03 16:23:52,337 - inference_perf.datagen.replay.replay_graph_session_datagen - INFO - Event wekatrace22_1d52e24446ecdb36d1351d53094d8a67f621:event_089_parent_turn_68 skipping — predecessor failed
2026-09-03 16:23:52,337 - inference_perf.datagen.replay.replay_graph_session_datagen - INFO - Event wekatrace22_1d52e24446ecdb36d1351d53094d8a67f621:event_090_parent_turn_69 skipping — predecessor failed
2026-09-03 16:23:52,337 - inference_perf.datagen.replay.replay_graph_session_datagen - INFO - Event wekatrace22_1d52e24446ecdb36d1351d53094d8a67f621:event_091_parent_turn_70 skipping — predecessor failed
2026-09-03 16:23:52,337 - inference_perf.datagen.replay.replay_graph_session_datagen - INFO - Event wekatrace22_1d52e24446ecdb36d1351d53094d8a67f621:event_092_parent_turn_71 skipping — predecessor failed
2026-09-03 16:23:52,337 - inference_perf.datagen.replay.replay_graph_session_datagen - INFO - Event wekatrace22_1d52e24446ecdb36d1351d53094d8a67f621:event_093_parent_turn_72 skipping — predecessor failed
2026-09-03 16:23:52,337 - inference_perf.datagen.replay.replay_graph_session_datagen - INFO - Event wekatrace22_1d52e24446ecdb36d1351d53094d8a67f621:event_094_parent_turn_73 skipping — predecessor failed
2026-09-03 16:23:52,338 - inference_perf.datagen.replay.replay_graph_session_datagen - INFO - Event wekatrace22_1d52e24446ecdb36d1351d53094d8a67f621:event_095_parent_turn_74 skipping — predecessor failed
2026-09-03 16:23:52,338 - inference_perf.datagen.replay.replay_graph_session_datagen - INFO - Event wekatrace22_1d52e24446ecdb36d1351d53094d8a67f621:event_096_parent_turn_75 skipping — predecessor failed
2026-09-03 16:23:52,338 - inference_perf.datagen.replay.replay_graph_session_datagen - INFO - Event wekatrace22_1d52e24446ecdb36d1351d53094d8a67f621:event_097_parent_turn_76 skipping — predecessor failed
2026-09-03 16:23:52,338 - inference_perf.datagen.replay.replay_graph_session_datagen - INFO - Event wekatrace22_1d52e24446ecdb36d1351d53094d8a67f621:event_098_parent_turn_77 skipping — predecessor failed
2026-09-03 16:23:52,338 - inference_perf.datagen.replay.replay_graph_session_datagen - INFO - Event wekatrace22_1d52e24446ecdb36d1351d53094d8a67f621:event_099_parent_turn_78 skipping — predecessor failed
2026-09-03 16:23:52,338 - inference_perf.datagen.replay.replay_graph_session_datagen - INFO - Event wekatrace22_1d52e24446ecdb36d1351d53094d8a67f621:event_100_parent_turn_79 skipping — predecessor failed
2026-09-03 16:23:52,338 - inference_perf.datagen.replay.replay_graph_session_datagen - INFO - Event wekatrace22_1d52e24446ecdb36d1351d53094d8a67f621:event_101_parent_turn_80 skipping — predecessor failed
2026-09-03 16:23:52,339 - inference_perf.datagen.replay.replay_graph_session_datagen - INFO - Event wekatrace22_1d52e24446ecdb36d1351d53094d8a67f621:event_102_parent_turn_81 skipping — predecessor failed
2026-09-03 16:23:52,339 - inference_perf.datagen.replay.replay_graph_session_datagen - INFO - Event wekatrace22_1d52e24446ecdb36d1351d53094d8a67f621:event_103_parent_turn_82 skipping — predecessor failed
2026-09-03 16:23:52,339 - inference_perf.datagen.replay.replay_graph_session_datagen - INFO - Event wekatrace22_1d52e24446ecdb36d1351d53094d8a67f621:event_104_parent_turn_83 skipping — predecessor failed
2026-09-03 16:23:52,339 - inference_perf.datagen.replay.replay_graph_session_datagen - INFO - Event wekatrace22_1d52e24446ecdb36d1351d53094d8a67f621:event_105_parent_turn_84 skipping — predecessor failed
2026-09-03 16:23:52,339 - inference_perf.datagen.replay.replay_graph_session_datagen - INFO - Event wekatrace22_1d52e24446ecdb36d1351d53094d8a67f621:event_106_parent_turn_85 skipping — predecessor failed
2026-09-03 16:23:52,339 - inference_perf.datagen.replay.replay_graph_session_datagen - INFO - Event wekatrace22_1d52e24446ecdb36d1351d53094d8a67f621:event_107_parent_turn_86 skipping — predecessor failed
2026-09-03 16:23:52,340 - inference_perf.datagen.replay.replay_graph_session_datagen - INFO - Event wekatrace22_1d52e24446ecdb36d1351d53094d8a67f621:event_108_parent_turn_87 skipping — predecessor failed
2026-09-03 16:23:52,340 - inference_perf.datagen.replay.replay_graph_session_datagen - INFO - Event wekatrace22_1d52e24446ecdb36d1351d53094d8a67f621:event_109_parent_turn_88 skipping — predecessor failed
2026-09-03 16:23:52,340 - inference_perf.datagen.replay.replay_graph_session_datagen - INFO - Event wekatrace22_1d52e24446ecdb36d1351d53094d8a67f621:event_110_parent_turn_89 skipping — predecessor failed
2026-09-03 16:23:52,340 - inference_perf.datagen.replay.replay_graph_session_datagen - INFO - Event wekatrace22_1d52e24446ecdb36d1351d53094d8a67f621:event_111_parent_turn_90 skipping — predecessor failed
2026-09-03 16:23:52,340 - inference_perf.datagen.replay.replay_graph_session_datagen - INFO - Event wekatrace22_1d52e24446ecdb36d1351d53094d8a67f621:event_112_parent_turn_91 skipping — predecessor failed
2026-09-03 16:23:52,340 - inference_perf.datagen.replay.replay_graph_session_datagen - INFO - Event wekatrace22_1d52e24446ecdb36d1351d53094d8a67f621:event_113_parent_turn_92 skipping — predecessor failed
2026-09-03 16:23:52,340 - inference_perf.datagen.replay.replay_graph_session_datagen - INFO - Event wekatrace22_1d52e24446ecdb36d1351d53094d8a67f621:event_114_parent_turn_93 skipping — predecessor failed
2026-09-03 16:23:52,341 - inference_perf.datagen.replay.replay_graph_session_datagen - INFO - Event wekatrace22_1d52e24446ecdb36d1351d53094d8a67f621:event_115_parent_turn_94 skipping — predecessor failed
2026-09-03 16:23:52,341 - inference_perf.datagen.replay.replay_graph_session_datagen - INFO - Event wekatrace22_1d52e24446ecdb36d1351d53094d8a67f621:event_116_parent_turn_95 skipping — predecessor failed
2026-09-03 16:23:52,341 - inference_perf.datagen.replay.replay_graph_session_datagen - INFO - Event wekatrace22_1d52e24446ecdb36d1351d53094d8a67f621:event_117_parent_turn_96 skipping — predecessor failed
2026-09-03 16:23:52,341 - inference_perf.datagen.replay.replay_graph_session_datagen - INFO - Event wekatrace22_1d52e24446ecdb36d1351d53094d8a67f621:event_118_parent_turn_97 skipping — predecessor failed
2026-09-03 16:23:52,341 - inference_perf.datagen.replay.replay_graph_session_datagen - INFO - Event wekatrace22_1d52e24446ecdb36d1351d53094d8a67f621:event_119_parent_turn_98 skipping — predecessor failed
2026-09-03 16:23:52,342 - inference_perf.datagen.replay.replay_graph_session_datagen - INFO - Event wekatrace22_1d52e24446ecdb36d1351d53094d8a67f621:event_120_parent_turn_99 skipping — predecessor failed
2026-09-03 16:23:52,342 - inference_perf.datagen.replay.replay_graph_session_datagen - INFO - Event wekatrace22_1d52e24446ecdb36d1351d53094d8a67f621:event_121_parent_turn_100 skipping — predecessor failed
2026-09-03 16:23:52,342 - inference_perf.datagen.replay.replay_graph_session_datagen - INFO - Event wekatrace22_1d52e24446ecdb36d1351d53094d8a67f621:event_122_parent_turn_101 skipping — predecessor failed
2026-09-03 16:23:52,342 - inference_perf.datagen.replay.replay_graph_session_datagen - INFO - Event wekatrace22_1d52e24446ecdb36d1351d53094d8a67f621:event_123_parent_turn_102 skipping — predecessor failed
2026-09-03 16:23:52,342 - inference_perf.datagen.replay.replay_graph_session_datagen - INFO - Event wekatrace22_1d52e24446ecdb36d1351d53094d8a67f621:event_124_parent_turn_103 skipping — predecessor failed
2026-09-03 16:23:52,342 - inference_perf.datagen.replay.replay_graph_session_datagen - INFO - Event wekatrace22_1d52e24446ecdb36d1351d53094d8a67f621:event_125_parent_turn_104 skipping — predecessor failed
2026-09-03 16:23:52,342 - inference_perf.datagen.replay.replay_graph_session_datagen - INFO - Event wekatrace22_1d52e24446ecdb36d1351d53094d8a67f621:event_126_parent_turn_105 skipping — predecessor failed
2026-09-03 16:23:52,343 - inference_perf.datagen.replay.replay_graph_session_datagen - INFO - Event wekatrace22_1d52e24446ecdb36d1351d53094d8a67f621:event_127_parent_turn_106 skipping — predecessor failed
2026-09-03 16:23:52,343 - inference_perf.datagen.replay.replay_graph_session_datagen - INFO - Event wekatrace22_1d52e24446ecdb36d1351d53094d8a67f621:event_128_parent_turn_107 skipping — predecessor failed
2026-09-03 16:23:52,343 - inference_perf.datagen.replay.replay_graph_session_datagen - INFO - Event wekatrace22_1d52e24446ecdb36d1351d53094d8a67f621:event_129_parent_turn_108 skipping — predecessor failed
2026-09-03 16:23:52,344 - inference_perf.datagen.replay.replay_graph_session_datagen - INFO - Event wekatrace22_1d52e24446ecdb36d1351d53094d8a67f621:event_130_parent_turn_109 skipping — predecessor failed
2026-09-03 16:23:52,344 - inference_perf.datagen.replay.replay_graph_session_datagen - INFO - Event wekatrace22_1d52e24446ecdb36d1351d53094d8a67f621:event_131_parent_turn_110 skipping — predecessor failed
2026-09-03 16:23:52,344 - inference_perf.datagen.replay.replay_graph_session_datagen - INFO - Event wekatrace22_1d52e24446ecdb36d1351d53094d8a67f621:event_132_parent_turn_111 skipping — predecessor failed
2026-09-03 16:23:52,344 - inference_perf.datagen.replay.replay_graph_session_datagen - INFO - Event wekatrace22_1d52e24446ecdb36d1351d53094d8a67f621:event_133_parent_turn_112 skipping — predecessor failed
2026-09-03 16:23:52,345 - inference_perf.datagen.replay.replay_graph_session_datagen - INFO - Event wekatrace22_1d52e24446ecdb36d1351d53094d8a67f621:event_134_parent_turn_113 skipping — predecessor failed
2026-09-03 16:23:52,345 - inference_perf.datagen.replay.replay_graph_session_datagen - INFO - Event wekatrace22_1d52e24446ecdb36d1351d53094d8a67f621:event_135_parent_turn_114 skipping — predecessor failed
2026-09-03 16:23:52,345 - inference_perf.datagen.replay.replay_graph_session_datagen - INFO - Event wekatrace22_1d52e24446ecdb36d1351d53094d8a67f621:event_136_parent_turn_115 skipping — predecessor failed
2026-09-03 16:23:52,345 - inference_perf.datagen.replay.replay_graph_session_datagen - INFO - Event wekatrace22_1d52e24446ecdb36d1351d53094d8a67f621:event_137_parent_turn_116 skipping — predecessor failed
2026-09-03 16:23:52,350 - inference_perf.datagen.replay.replay_graph_session_datagen - INFO - Event wekatrace22_1d52e24446ecdb36d1351d53094d8a67f621:event_138_parent_turn_117 skipping — predecessor failed
2026-09-03 16:23:52,351 - inference_perf.datagen.replay.replay_graph_session_datagen - INFO - Event wekatrace22_1d52e24446ecdb36d1351d53094d8a67f621:event_139_parent_turn_118 skipping — predecessor failed
2026-09-03 16:23:52,351 - inference_perf.datagen.replay.replay_graph_session_datagen - INFO - Event wekatrace22_1d52e24446ecdb36d1351d53094d8a67f621:event_140_parent_turn_119 skipping — predecessor failed
2026-09-03 16:23:52,351 - inference_perf.datagen.replay.replay_graph_session_datagen - INFO - Event wekatrace22_1d52e24446ecdb36d1351d53094d8a67f621:event_141_parent_turn_120 skipping — predecessor failed
2026-09-03 16:23:52,351 - inference_perf.datagen.replay.replay_graph_session_datagen - INFO - Event wekatrace22_1d52e24446ecdb36d1351d53094d8a67f621:event_142_parent_turn_121 skipping — predecessor failed
2026-09-03 16:24:57,556 - inference_perf.loadgen.load_generator - INFO - Stage 0 - session-based run completed
Overall Progress ━━━━━━━━━━━━━━━━━━━━━━━━━━━━━━━━━━━━━━ 100% 1/1 0:00:00 1:01:15
2026-09-03 16:24:58,567 - inference_perf.reportgen.base - INFO - Generating Reports...
2026-09-03 16:24:58,568 - inference_perf.utils.custom_tokenizer - INFO - Loading tokenizer 'Qwen/Qwen3-Coder-30B-A3B-Instruct-FP8'
2026-09-03 16:24:58,778 - httpx - INFO - HTTP Request: HEAD https://huggingface.co/Qwen/Qwen3-Coder-30B-A3B-Instruct-FP8/resolve/main/config.json "HTTP/1.1 307 Temporary Redirect"
2026-09-03 16:24:58,804 - httpx - INFO - HTTP Request: HEAD https://huggingface.co/api/resolve-cache/models/Qwen/Qwen3-Coder-30B-A3B-Instruct-FP8/dcaee4d4dfc5ee71ad501f01f530e5652438fde0/config.json "HTTP/1.1 200 OK"
2026-09-03 16:24:58,864 - httpx - INFO - HTTP Request: HEAD https://huggingface.co/Qwen/Qwen3-Coder-30B-A3B-Instruct-FP8/resolve/main/tokenizer_config.json "HTTP/1.1 307 Temporary Redirect"
2026-09-03 16:24:58,889 - httpx - INFO - HTTP Request: HEAD https://huggingface.co/api/resolve-cache/models/Qwen/Qwen3-Coder-30B-A3B-Instruct-FP8/dcaee4d4dfc5ee71ad501f01f530e5652438fde0/tokenizer_config.json "HTTP/1.1 200 OK"
2026-09-03 16:24:58,953 - httpx - INFO - HTTP Request: GET https://huggingface.co/api/models/Qwen/Qwen3-Coder-30B-A3B-Instruct-FP8/tree/main/additional_chat_templates?recursive=false&expand=false "HTTP/1.1 404 Not Found"
2026-09-03 16:24:59,015 - httpx - INFO - HTTP Request: GET https://huggingface.co/api/models/Qwen/Qwen3-Coder-30B-A3B-Instruct-FP8/tree/main?recursive=true&expand=false "HTTP/1.1 200 OK"
2026-09-03 16:25:00,368 - httpx - INFO - HTTP Request: GET https://huggingface.co/api/models/Qwen/Qwen3-Coder-30B-A3B-Instruct-FP8 "HTTP/1.1 200 OK"
2026-09-03 16:28:52,180 - inference_perf.reportgen.base - WARNING - Prometheus Metrics Client is not configured or not of type PrometheusMetricsClient
2026-09-03 16:28:52,900 - inference_perf.client.filestorage.local - INFO - Report saved to: /work/reports/summary_lifecycle_metrics.json
2026-09-03 16:28:52,901 - inference_perf.client.filestorage.local - INFO - Report saved to: /work/reports/stage_0_lifecycle_metrics.json
2026-09-03 16:28:58,844 - inference_perf.client.filestorage.local - INFO - Report saved to: /work/reports/per_request_lifecycle_metrics.json
2026-09-03 16:28:58,852 - inference_perf.client.filestorage.local - INFO - Report saved to: /work/reports/inference-perf.partial.stage_0.yaml
2026-09-03 16:28:58,853 - inference_perf.client.filestorage.local - INFO - Report saved to: /work/reports/summary_session_lifecycle_metrics.json
2026-09-03 16:28:58,854 - inference_perf.client.filestorage.local - INFO - Report saved to: /work/reports/stage_0_session_lifecycle_metrics.json
2026-09-03 16:28:58,860 - inference_perf.client.filestorage.local - INFO - Report saved to: /work/reports/config.yaml
=== START_SUMMARY ===
{
  "benchmark_time_seconds": 3675.6415540790185,
  "load_summary": {
    "count": 1307,
    "schedule_delay": {
      "mean": 1158.3228976942453,
      "min": 0.03238963056355715,
      "max": 3602.924812939018,
      "p0.1": 0.041577204491943125,
      "p1": 2.024688503332436,
      "p5": 42.71033759452402,
      "p10": 91.19938482567667,
      "p25": 285.52477691182867,
      "median": 851.3177583385259,
      "p75": 1693.6662842147052,
      "p90": 3061.7428894964987,
      "p95": 3360.038996419404,
      "p99": 3567.4022643436306,
      "p99.9": 3599.9864083096936
    }
  },
  "successes": {
    "count": 1307,
    "latency": {
      "request_latency": {
        "mean": 63.8526583544186,
        "min": 0.21630913391709328,
        "max": 1287.3299024440348,
        "p0.1": 0.5538369727320969,
        "p1": 0.89976878028363,
        "p5": 3.1633558801375328,
        "p10": 4.236347570642828,
        "p25": 8.10374520951882,
        "median": 27.486202100291848,
        "p75": 67.7467789798975,
        "p90": 159.4447193967179,
        "p95": 242.3472220758908,
        "p99": 597.2377734239622,
        "p99.9": 1073.2170643037261
      },
      "normalized_time_per_output_token": {
        "mean": 0.07990488950152595,
        "min": 0.020018364538499367,
        "max": 3.0763543182983994,
        "p0.1": 0.02370246461380915,
        "p1": 0.025793528329031083,
        "p5": 0.029090158784543522,
        "p10": 0.03112200907226881,
        "p25": 0.03669454450547331,
        "median": 0.04342410119383463,
        "p75": 0.07064193728553292,
        "p90": 0.14452201793668706,
        "p95": 0.20047157170864302,
        "p99": 0.5615507625011107,
        "p99.9": 1.7744620348392157
      },
      "time_per_output_token": {
        "mean": 0.05599006286538989,
        "min": 0.010527176189829002,
        "max": 1.2444622196257114,
        "p0.1": 0.015868968587747397,
        "p1": 0.023997856922862704,
        "p5": 0.027227738264047167,
        "p10": 0.029378118033267762,
        "p25": 0.034929411791065894,
        "median": 0.041699056373207116,
        "p75": 0.0580373899916361,
        "p90": 0.10385152489634984,
        "p95": 0.11908871186379838,
        "p99": 0.24573178779547308,
        "p99.9": 0.5636279549797362
      },
      "time_to_first_token": {
        "mean": 5.627588805561571,
        "min": 0.04385403264313936,
        "max": 68.35525830090046,
        "p0.1": 0.056078661838546394,
        "p1": 0.08857727790251374,
        "p5": 0.12521844115108252,
        "p10": 0.1700696051120758,
        "p25": 0.25501793110743165,
        "median": 0.4451666595414281,
        "p75": 3.456154935993254,
        "p90": 21.84907660316676,
        "p95": 33.87696495605633,
        "p99": 52.75107490824537,
        "p99.9": 59.73447707489397
      },
      "inter_token_latency": {
        "mean": 0.06163079147019741,
        "min": 0.0,
        "max": 22.425749546848238,
        "p0.1": 1.1309981346130371e-05,
        "p1": 1.703016459941864e-05,
        "p5": 0.0013407105579972267,
        "p10": 0.015563345979899168,
        "p25": 0.028816886944696307,
        "median": 0.0378576572984457,
        "p75": 0.04412025539204478,
        "p90": 0.04989441344514489,
        "p95": 0.07820316473953426,
        "p99": 0.3059139964170848,
        "p99.9": 6.521804074845503
      }
    },
    "throughput": {
      "input_tokens_per_sec": 26503.803911970277,
      "output_tokens_per_sec": 350.36223773530526,
      "total_tokens_per_sec": 26854.166149705583,
      "requests_per_sec": 0.3555841832698745,
      "images_per_sec": 0.0,
      "videos_per_sec": 0.0,
      "audios_per_sec": 0.0
    },
    "request_size_bytes": {
      "mean": 302073.8875286917,
      "min": 953.0,
      "max": 991348.0,
      "p0.1": 1637.474,
      "p1": 1978.48,
      "p5": 11820.1,
      "p10": 39892.799999999996,
      "p25": 181005.0,
      "median": 274554.0,
      "p75": 400814.0,
      "p90": 561816.4000000003,
      "p95": 692424.6,
      "p99": 915699.6000000004,
      "p99.9": 979295.2900000006
    },
    "image": {
      "count": {
        "mean": 0.0,
        "min": 0.0,
        "max": 0.0,
        "p0.1": 0.0,
        "p1": 0.0,
        "p5": 0.0,
        "p10": 0.0,
        "p25": 0.0,
        "median": 0.0,
        "p75": 0.0,
        "p90": 0.0,
        "p95": 0.0,
        "p99": 0.0,
        "p99.9": 0.0
      },
      "pixels": null,
      "bytes": null,
      "aspect_ratio": null
    },
    "video": {
      "count": {
        "mean": 0.0,
        "min": 0.0,
        "max": 0.0,
        "p0.1": 0.0,
        "p1": 0.0,
        "p5": 0.0,
        "p10": 0.0,
        "p25": 0.0,
        "median": 0.0,
        "p75": 0.0,
        "p90": 0.0,
        "p95": 0.0,
        "p99": 0.0,
        "p99.9": 0.0
      },
      "frames": null,
      "pixels": null,
      "bytes": null,
      "aspect_ratio": null
    },
    "audio": {
      "count": {
        "mean": 0.0,
        "min": 0.0,
        "max": 0.0,
        "p0.1": 0.0,
        "p1": 0.0,
        "p5": 0.0,
        "p10": 0.0,
        "p25": 0.0,
        "median": 0.0,
        "p75": 0.0,
        "p90": 0.0,
        "p95": 0.0,
        "p99": 0.0,
        "p99.9": 0.0
      },
      "seconds": null,
      "bytes": null
    },
    "prompt_tokens": {
      "total": 97418483.0,
      "cached": 65229482.0,
      "uncached": 32189001.0,
      "mean": 74535.94720734506,
      "min": 139.0,
      "max": 246552.0,
      "p0.1": 355.3,
      "p1": 455.0,
      "p5": 2892.3,
      "p10": 9905.4,
      "p25": 45586.0,
      "median": 68827.0,
      "p75": 98866.5,
      "p90": 131991.2,
      "p95": 168023.1,
      "p99": 227596.0400000001,
      "p99.9": 245698.42200000002
    },
    "output_len": {
      "mean": 985.3144605967865,
      "min": 2.0,
      "max": 15793.0,
      "p0.1": 6.612,
      "p1": 14.0,
      "p5": 77.0,
      "p10": 98.0,
      "p25": 167.5,
      "median": 510.0,
      "p75": 1168.0,
      "p90": 2331.400000000002,
      "p95": 3467.300000000001,
      "p99": 7369.2600000000075,
      "p99.9": 14794.774000000529
    },
    "output_tokens": {
      "total": 1287806.0,
      "mean": 985.3144605967865,
      "min": 2.0,
      "max": 15793.0,
      "p0.1": 6.612,
      "p1": 14.0,
      "p5": 77.0,
      "p10": 98.0,
      "p25": 167.5,
      "median": 510.0,
      "p75": 1168.0,
      "p90": 2331.400000000002,
      "p95": 3467.300000000001,
      "p99": 7369.2600000000075,
      "p99.9": 14794.774000000529
    },
    "token_count_mismatches": 624,
    "client_fallback_requests": {
      "prompt": 0,
      "output": 0
    }
  },
  "failures": {
    "count": 0,
    "request_latency": null,
    "prompt_tokens": {
      "total": 0.0,
      "cached": 0.0,
      "uncached": 0.0
    },
    "by_label": {}
  }
}
=== END_SUMMARY ===
=== START_STAGE_0 ===
{
  "benchmark_time_seconds": 3675.6415540790185,
  "load_summary": {
    "count": 1307,
    "schedule_delay": {
      "mean": 1158.3228976942453,
      "min": 0.03238963056355715,
      "max": 3602.924812939018,
      "p0.1": 0.041577204491943125,
      "p1": 2.024688503332436,
      "p5": 42.71033759452402,
      "p10": 91.19938482567667,
      "p25": 285.52477691182867,
      "median": 851.3177583385259,
      "p75": 1693.6662842147052,
      "p90": 3061.7428894964987,
      "p95": 3360.038996419404,
      "p99": 3567.4022643436306,
      "p99.9": 3599.9864083096936
    },
    "send_duration": 3602.8912337664515,
    "requested_rate": 0.0,
    "achieved_rate": 0.3627642121834653,
    "concurrency": 24
  },
  "successes": {
    "count": 1307,
    "latency": {
      "request_latency": {
        "mean": 63.8526583544186,
        "min": 0.21630913391709328,
        "max": 1287.3299024440348,
        "p0.1": 0.5538369727320969,
        "p1": 0.89976878028363,
        "p5": 3.1633558801375328,
        "p10": 4.236347570642828,
        "p25": 8.10374520951882,
        "median": 27.486202100291848,
        "p75": 67.7467789798975,
        "p90": 159.4447193967179,
        "p95": 242.3472220758908,
        "p99": 597.2377734239622,
        "p99.9": 1073.2170643037261
      },
      "normalized_time_per_output_token": {
        "mean": 0.07990488950152595,
        "min": 0.020018364538499367,
        "max": 3.0763543182983994,
        "p0.1": 0.02370246461380915,
        "p1": 0.025793528329031083,
        "p5": 0.029090158784543522,
        "p10": 0.03112200907226881,
        "p25": 0.03669454450547331,
        "median": 0.04342410119383463,
        "p75": 0.07064193728553292,
        "p90": 0.14452201793668706,
        "p95": 0.20047157170864302,
        "p99": 0.5615507625011107,
        "p99.9": 1.7744620348392157
      },
      "time_per_output_token": {
        "mean": 0.05599006286538989,
        "min": 0.010527176189829002,
        "max": 1.2444622196257114,
        "p0.1": 0.015868968587747397,
        "p1": 0.023997856922862704,
        "p5": 0.027227738264047167,
        "p10": 0.029378118033267762,
        "p25": 0.034929411791065894,
        "median": 0.041699056373207116,
        "p75": 0.0580373899916361,
        "p90": 0.10385152489634984,
        "p95": 0.11908871186379838,
        "p99": 0.24573178779547308,
        "p99.9": 0.5636279549797362
      },
      "time_to_first_token": {
        "mean": 5.627588805561571,
        "min": 0.04385403264313936,
        "max": 68.35525830090046,
        "p0.1": 0.056078661838546394,
        "p1": 0.08857727790251374,
        "p5": 0.12521844115108252,
        "p10": 0.1700696051120758,
        "p25": 0.25501793110743165,
        "median": 0.4451666595414281,
        "p75": 3.456154935993254,
        "p90": 21.84907660316676,
        "p95": 33.87696495605633,
        "p99": 52.75107490824537,
        "p99.9": 59.73447707489397
      },
      "inter_token_latency": {
        "mean": 0.06163079147019741,
        "min": 0.0,
        "max": 22.425749546848238,
        "p0.1": 1.1309981346130371e-05,
        "p1": 1.703016459941864e-05,
        "p5": 0.0013407105579972267,
        "p10": 0.015563345979899168,
        "p25": 0.028816886944696307,
        "median": 0.0378576572984457,
        "p75": 0.04412025539204478,
        "p90": 0.04989441344514489,
        "p95": 0.07820316473953426,
        "p99": 0.3059139964170848,
        "p99.9": 6.521804074845503
      }
    },
    "throughput": {
      "input_tokens_per_sec": 26503.803911970277,
      "output_tokens_per_sec": 350.36223773530526,
      "total_tokens_per_sec": 26854.166149705583,
      "requests_per_sec": 0.3555841832698745,
      "images_per_sec": 0.0,
      "videos_per_sec": 0.0,
      "audios_per_sec": 0.0
    },
    "request_size_bytes": {
      "mean": 302073.8875286917,
      "min": 953.0,
      "max": 991348.0,
      "p0.1": 1637.474,
      "p1": 1978.48,
      "p5": 11820.1,
      "p10": 39892.799999999996,
      "p25": 181005.0,
      "median": 274554.0,
      "p75": 400814.0,
      "p90": 561816.4000000003,
      "p95": 692424.6,
      "p99": 915699.6000000004,
      "p99.9": 979295.2900000006
    },
    "image": {
      "count": {
        "mean": 0.0,
        "min": 0.0,
        "max": 0.0,
        "p0.1": 0.0,
        "p1": 0.0,
        "p5": 0.0,
        "p10": 0.0,
        "p25": 0.0,
        "median": 0.0,
        "p75": 0.0,
        "p90": 0.0,
        "p95": 0.0,
        "p99": 0.0,
        "p99.9": 0.0
      },
      "pixels": null,
      "bytes": null,
      "aspect_ratio": null
    },
    "video": {
      "count": {
        "mean": 0.0,
        "min": 0.0,
        "max": 0.0,
        "p0.1": 0.0,
        "p1": 0.0,
        "p5": 0.0,
        "p10": 0.0,
        "p25": 0.0,
        "median": 0.0,
        "p75": 0.0,
        "p90": 0.0,
        "p95": 0.0,
        "p99": 0.0,
        "p99.9": 0.0
      },
      "frames": null,
      "pixels": null,
      "bytes": null,
      "aspect_ratio": null
    },
    "audio": {
      "count": {
        "mean": 0.0,
        "min": 0.0,
        "max": 0.0,
        "p0.1": 0.0,
        "p1": 0.0,
        "p5": 0.0,
        "p10": 0.0,
        "p25": 0.0,
        "median": 0.0,
        "p75": 0.0,
        "p90": 0.0,
        "p95": 0.0,
        "p99": 0.0,
        "p99.9": 0.0
      },
      "seconds": null,
      "bytes": null
    },
    "prompt_tokens": {
      "total": 97418483.0,
      "cached": 65229482.0,
      "uncached": 32189001.0,
      "mean": 74535.94720734506,
      "min": 139.0,
      "max": 246552.0,
      "p0.1": 355.3,
      "p1": 455.0,
      "p5": 2892.3,
      "p10": 9905.4,
      "p25": 45586.0,
      "median": 68827.0,
      "p75": 98866.5,
      "p90": 131991.2,
      "p95": 168023.1,
      "p99": 227596.0400000001,
      "p99.9": 245698.42200000002
    },
    "output_len": {
      "mean": 985.3144605967865,
      "min": 2.0,
      "max": 15793.0,
      "p0.1": 6.612,
      "p1": 14.0,
      "p5": 77.0,
      "p10": 98.0,
      "p25": 167.5,
      "median": 510.0,
      "p75": 1168.0,
      "p90": 2331.400000000002,
      "p95": 3467.300000000001,
      "p99": 7369.2600000000075,
      "p99.9": 14794.774000000529
    },
    "output_tokens": {
      "total": 1287806.0,
      "mean": 985.3144605967865,
      "min": 2.0,
      "max": 15793.0,
      "p0.1": 6.612,
      "p1": 14.0,
      "p5": 77.0,
      "p10": 98.0,
      "p25": 167.5,
      "median": 510.0,
      "p75": 1168.0,
      "p90": 2331.400000000002,
      "p95": 3467.300000000001,
      "p99": 7369.2600000000075,
      "p99.9": 14794.774000000529
    },
    "token_count_mismatches": 624,
    "client_fallback_requests": {
      "prompt": 0,
      "output": 0
    }
  },
  "failures": {
    "count": 0,
    "request_latency": null,
    "prompt_tokens": {
      "total": 0.0,
      "cached": 0.0,
      "uncached": 0.0
    },
    "by_label": {}
  }
}
=== END_STAGE_0 ===
=== START_PARTIAL_BR_V0_2_STAGE_0 ===
version: 0.2.1
run:
  uid: inference-perf-stage-0-d0dcd7c9
  eid: inference-perf-experiment-c2c6d077
  time:
    start: '2026-09-03T15:23:41.616683Z'
    end: '2026-09-03T16:23:52.331568Z'
    duration: PT3610.715S
results:
  request_performance:
    aggregate:
      requests:
        total: 1307
        failures: 0
        input_length:
          units: count
          mean: 74535.94720734506
          stddev: 47517.56847976564
          min: 139.0
          p0p1: 355.3
          p1: 455.0
          p5: 2892.3
          p10: 9905.4
          p25: 45586.0
          p50: 68827.0
          p75: 98866.5
          p90: 131991.2
          p95: 168023.1
          p99: 227596.0400000001
          p99p9: 245698.42200000002
          max: 246552.0
        output_length:
          units: count
          mean: 985.3144605967865
          stddev: 1500.0687002533778
          min: 2.0
          p0p1: 6.612
          p1: 14.0
          p5: 77.0
          p10: 98.0
          p25: 167.5
          p50: 510.0
          p75: 1168.0
          p90: 2331.400000000002
          p95: 3467.300000000001
          p99: 7369.2600000000075
          p99p9: 14794.774000000529
          max: 15793.0
      latency:
        time_to_first_token:
          units: s
          mean: 5.627588805561571
          stddev: 11.3601945063991
          min: 0.04385403264313936
          p0p1: 0.056078661838546394
          p1: 0.08857727790251374
          p5: 0.12521844115108252
          p10: 0.1700696051120758
          p25: 0.25501793110743165
          p50: 0.4451666595414281
          p75: 3.456154935993254
          p90: 21.84907660316676
          p95: 33.87696495605633
          p99: 52.75107490824537
          p99p9: 59.73447707489397
          max: 68.35525830090046
        normalized_time_per_output_token:
          units: s/token
          mean: 0.07990488950152595
          stddev: 0.1429129691882098
          min: 0.020018364538499367
          p0p1: 0.02370246461380915
          p1: 0.025793528329031083
          p5: 0.029090158784543522
          p10: 0.03112200907226881
          p25: 0.03669454450547331
          p50: 0.04342410119383463
          p75: 0.07064193728553292
          p90: 0.14452201793668706
          p95: 0.20047157170864302
          p99: 0.5615507625011107
          p99p9: 1.7744620348392157
          max: 3.0763543182983994
        time_per_output_token:
          units: s/token
          mean: 0.05599006286538989
          stddev: 0.052181151654109956
          min: 0.010527176189829002
          p0p1: 0.015868968587747397
          p1: 0.023997856922862704
          p5: 0.027227738264047167
          p10: 0.029378118033267762
          p25: 0.034929411791065894
          p50: 0.041699056373207116
          p75: 0.0580373899916361
          p90: 0.10385152489634984
          p95: 0.11908871186379838
          p99: 0.24573178779547308
          p99p9: 0.5636279549797362
          max: 1.2444622196257114
        inter_token_latency:
          units: s/token
          mean: 0.06163079147019741
          stddev: 0.4230578187061168
          min: 0.0
          p0p1: 1.1309981346130371e-05
          p1: 1.703016459941864e-05
          p5: 0.0013407105579972267
          p10: 0.015563345979899168
          p25: 0.028816886944696307
          p50: 0.0378576572984457
          p75: 0.04412025539204478
          p90: 0.04989441344514489
          p95: 0.07820316473953426
          p99: 0.3059139964170848
          p99p9: 6.521804074845503
          max: 22.425749546848238
        request_latency:
          units: s
          mean: 63.8526583544186
          stddev: 113.84100941000777
          min: 0.21630913391709328
          p0p1: 0.5538369727320969
          p1: 0.89976878028363
          p5: 3.1633558801375328
          p10: 4.236347570642828
          p25: 8.10374520951882
          p50: 27.486202100291848
          p75: 67.7467789798975
          p90: 159.4447193967179
          p95: 242.3472220758908
          p99: 597.2377734239622
          p99p9: 1073.2170643037261
          max: 1287.3299024440348
      throughput:
        input_token_rate:
          units: tokens/s
          mean: 26503.803911970277
        output_token_rate:
          units: tokens/s
          mean: 350.36223773530526
        total_token_rate:
          units: tokens/s
          mean: 26854.166149705583
        request_rate:
          units: queries/s
          mean: 0.3555841832698745

=== END_PARTIAL_BR_V0_2_STAGE_0 ===
=== START_STAGE_0 ===
{
  "stage_metadata": {
    "stage_id": 0,
    "status": "COMPLETED",
    "timeout_configured": 4800.0,
    "actual_duration": 3610.714884996414,
    "teardown_duration": 65.22453113272786,
    "dropped_requests": 0,
    "concurrent_sessions": 24,
    "session_rate": null
  },
  "num_sessions": 24,
  "num_sessions_succeeded": 3,
  "num_sessions_failed": 21,
  "total_events": 2826,
  "total_events_completed": 1287,
  "total_events_cancelled": 1518,
  "sessions_with_recorded_substitution": 0,
  "total_recorded_substitutions": {
    "count": 0,
    "messages": []
  },
  "sessions_per_second": 0.0066468870904822334,
  "session_duration_sec": {
    "mean": 3407.5707174142203,
    "min": 447.9826362133026,
    "max": 3610.6397292613983,
    "p0.1": 496.1352904946804,
    "p1": 929.5091790270806,
    "p5": 2625.592802000046,
    "p10": 3251.264069247246,
    "p25": 3600.7059475183487,
    "median": 3603.1304602622986,
    "p75": 3606.145808517933,
    "p90": 3607.5091420173644,
    "p95": 3609.5784615516664,
    "p99": 3610.479290719032,
    "p99.9": 3610.6236854071617
  },
  "num_events": {
    "mean": 117.75,
    "min": 32.0,
    "max": 517.0,
    "p0.1": 32.069,
    "p1": 32.69,
    "p5": 35.45,
    "p10": 38.3,
    "p25": 57.5,
    "median": 79.0,
    "p75": 146.0,
    "p90": 217.7,
    "p95": 239.69999999999996,
    "p99": 453.9799999999999,
    "p99.9": 510.69800000000106
  },
  "num_events_cancelled": {
    "mean": 63.25,
    "min": 0.0,
    "max": 424.0,
    "p0.1": 0.0,
    "p1": 0.0,
    "p5": 0.0,
    "p10": 0.6000000000000005,
    "p25": 2.75,
    "median": 26.5,
    "p75": 93.5,
    "p90": 154.1,
    "p95": 165.25,
    "p99": 364.6599999999999,
    "p99.9": 418.066000000001
  },
  "total_input_tokens": {
    "mean": 4059103.4583333335,
    "min": 1044212.0,
    "max": 9272956.0,
    "p0.1": 1067303.586,
    "p1": 1275127.86,
    "p5": 2069647.9,
    "p10": 2210009.6,
    "p25": 2799530.5,
    "median": 3479549.0,
    "p75": 4871354.5,
    "p90": 6696643.3,
    "p95": 8357271.049999996,
    "p99": 9123426.33,
    "p99.9": 9258003.033000002
  },
  "total_output_tokens": {
    "mean": 53658.583333333336,
    "min": 9548.0,
    "max": 73793.0,
    "p0.1": 10255.089,
    "p1": 16618.89,
    "p5": 40730.8,
    "p10": 44678.6,
    "p25": 49527.75,
    "median": 54435.5,
    "p75": 57717.25,
    "p90": 67055.09999999999,
    "p95": 71827.4,
    "p99": 73474.91,
    "p99.9": 73761.191
  },
  "total_cached_tokens": {
    "mean": 2717895.0833333335,
    "min": 154666.0,
    "max": 6510618.0,
    "p0.1": 173180.609,
    "p1": 339812.08999999997,
    "p5": 1016718.15,
    "p10": 1397608.0,
    "p25": 1562309.5,
    "median": 2074908.5,
    "p75": 3490290.75,
    "p90": 5428632.299999999,
    "p95": 6293191.349999999,
    "p99": 6481442.04,
    "p99.9": 6507700.404
  },
  "total_cacheable_input_tokens": {
    "mean": 4059068.1666666665,
    "min": 1044212.0,
    "max": 9272956.0,
    "p0.1": 1067303.586,
    "p1": 1275127.86,
    "p5": 2069589.1,
    "p10": 2209735.2,
    "p25": 2799530.5,
    "median": 3479549.0,
    "p75": 4871354.5,
    "p90": 6696643.3,
    "p95": 8357271.049999996,
    "p99": 9123426.33,
    "p99.9": 9258003.033000002
  },
  "sessions_with_cache_info": 24,
  "kv_cache_hit_percent": 66.95859669598224,
  "kv_cache_hit_per_session_percent": {
    "mean": 63.478773063906296,
    "min": 14.811743209233374,
    "max": 94.23485336410558,
    "p0.1": 15.349475962678216,
    "p1": 20.189070743681803,
    "p5": 38.331882314679035,
    "p10": 41.6768540536762,
    "p25": 55.496914926351586,
    "median": 64.18790555983689,
    "p75": 74.41878908703538,
    "p90": 84.19581627903233,
    "p95": 85.74162543345614,
    "p99": 92.3379596852289,
    "p99.9": 94.04516399621794
  },
  "tfut_sec": {
    "mean": 7.070602498948574,
    "min": 0.16512913070619106,
    "max": 10.950518992729485,
    "p0.1": 0.16690140178427101,
    "p1": 0.18285184148699046,
    "p5": 0.35933560845442125,
    "p10": 1.1981763702817263,
    "p25": 1.6297398963943124,
    "median": 10.311290585901588,
    "p75": 10.913139064563438,
    "p90": 10.918063047714531,
    "p95": 10.938217308046296,
    "p99": 10.948475692942738,
    "p99.9": 10.950314662750811
  },
  "sessions_with_tfut": 24,
  "tfut_none_reasons": null,
  "num_user_facing_events": {
    "mean": 117.75,
    "min": 32.0,
    "max": 517.0,
    "p0.1": 32.069,
    "p1": 32.69,
    "p5": 35.45,
    "p10": 38.3,
    "p25": 57.5,
    "median": 79.0,
    "p75": 146.0,
    "p90": 217.7,
    "p95": 239.69999999999996,
    "p99": 453.9799999999999,
    "p99.9": 510.69800000000106
  },
  "num_structured_output_excluded": {
    "mean": 0.0,
    "min": 0.0,
    "max": 0.0,
    "p0.1": 0.0,
    "p1": 0.0,
    "p5": 0.0,
    "p10": 0.0,
    "p25": 0.0,
    "median": 0.0,
    "p75": 0.0,
    "p90": 0.0,
    "p95": 0.0,
    "p99": 0.0,
    "p99.9": 0.0
  }
}
=== END_STAGE_0 ===
                         Throughput and Goodput Summary                         
┏━━━━━━━┳━━━━━━━━━━┳━━━━━━━━━┳━━━━━━━━━━┳━━━━━━━┳━━━━━━━━━┳━━━━━━━━━━┳━━━━━━━━━┓
┃       ┃          ┃ Achiev… ┃    Error ┃       ┃      In ┃      Out ┃     Tot ┃
┃ Stage ┃ Req Rate ┃    Rate ┃     Rate ┃ Req/s ┃ Tokens… ┃ Tokens/s ┃ Tokens… ┃
┡━━━━━━━╇━━━━━━━━━━╇━━━━━━━━━╇━━━━━━━━━━╇━━━━━━━╇━━━━━━━━━╇━━━━━━━━━━╇━━━━━━━━━┩
│     0 │      0.0 │     0.4 │     0.0% │   0.4 │ 26503.8 │    350.4 │ 26854.2 │
└───────┴──────────┴─────────┴──────────┴───────┴─────────┴──────────┴─────────┘
                          Request & Token Latency (ms)                          
┏━━━━━━━┳━━━━━━━┳━━━━━━━┳━━━━━━━┳━━━━━━━┳━━━━━━━┳━━━━━━━┳━━━━━━━┳━━━━━━━┳━━━━━━┓
┃       ┃   Req ┃   Req ┃   Req ┃       ┃       ┃       ┃       ┃       ┃      ┃
┃       ┃   Lat ┃   Lat ┃   Lat ┃  TTFT ┃  TTFT ┃  TTFT ┃   ITL ┃   ITL ┃  ITL ┃
┃ Stage ┃  Mean ┃   Med ┃   P90 ┃  Mean ┃   Med ┃   P90 ┃  Mean ┃   Med ┃  P90 ┃
┡━━━━━━━╇━━━━━━━╇━━━━━━━╇━━━━━━━╇━━━━━━━╇━━━━━━━╇━━━━━━━╇━━━━━━━╇━━━━━━━╇━━━━━━┩
│     0 │ 6385… │ 2748… │ 1594… │ 5627… │ 445.2 │ 2184… │  61.6 │  37.9 │ 49.9 │
└───────┴───────┴───────┴───────┴───────┴───────┴───────┴───────┴───────┴──────┘
                          Token Generation Speed (ms)                           
┏━━━━━━━┳━━━━━━━━━━━┳━━━━━━━━━━┳━━━━━━━━━━┳━━━━━━━━━━━┳━━━━━━━━━━━┳━━━━━━━━━━━━┓
┃       ┃           ┃          ┃          ┃ Norm TPOT ┃ Norm TPOT ┃  Norm TPOT ┃
┃ Stage ┃ TPOT Mean ┃ TPOT Med ┃ TPOT P90 ┃      Mean ┃       Med ┃        P90 ┃
┡━━━━━━━╇━━━━━━━━━━━╇━━━━━━━━━━╇━━━━━━━━━━╇━━━━━━━━━━━╇━━━━━━━━━━━╇━━━━━━━━━━━━┩
│     0 │      56.0 │     41.7 │    103.9 │      79.9 │      43.4 │      144.5 │
└───────┴───────────┴──────────┴──────────┴───────────┴───────────┴────────────┘
                            Token Length Aggregates                             
┏━━━━━━━┳━━━━━━━┳━━━━━━━┳━━━━━━━┳━━━━━━━┳━━━━━━━┳━━━━━━━┳━━━━━━━┳━━━━━━━┳━━━━━━┓
┃       ┃       ┃       ┃       ┃   Out ┃   Out ┃   Out ┃   Out ┃   Out ┃  Out ┃
┃       ┃ Prom… ┃ Prom… ┃ Prom… ┃  Mean ┃   Med ┃   P90 ┃  Mean ┃   Med ┃  P90 ┃
┃ Stage ┃  Mean ┃   Med ┃   P90 ┃ (cli… ┃ (cli… ┃ (cli… ┃ (ser… ┃ (ser… ┃ (se… ┃
┡━━━━━━━╇━━━━━━━╇━━━━━━━╇━━━━━━━╇━━━━━━━╇━━━━━━━╇━━━━━━━╇━━━━━━━╇━━━━━━━╇━━━━━━┩
│     0 │ 7453… │ 6882… │ 1319… │ 985.3 │ 510.0 │ 2331… │ 985.3 │ 510.0 │ 233… │
└───────┴───────┴───────┴───────┴───────┴───────┴───────┴───────┴───────┴──────┘
 Prompt: server-reported usage where available, client tokenization otherwise.  
    Out (client): response text re-tokenized by the client (output_len). Out    
  (server): the count reported in the server's usage (output_tokens), with the  
     client count substituted for any request the server did not count. See     
                                docs/metrics.md.                                
                                Session Summary                                 
┏━━━━━━━┳━━━━━━━┳━━━━━━━┳━━━━━━━┳━━━━━━━┳━━━━━━━┳━━━━━━━┳━━━━━━━┳━━━━━━━┳━━━━━━┓
┃       ┃       ┃       ┃       ┃       ┃       ┃       ┃       ┃       ┃  Bad ┃
┃       ┃       ┃       ┃       ┃       ┃       ┃       ┃       ┃       ┃ Tool ┃
┃       ┃       ┃ Total ┃       ┃       ┃ Error ┃ Total ┃ Even… ┃ Even… ┃ Cal… ┃
┃ Stage ┃ Sess… ┃ Sess… ┃ Succ… ┃ Fail… ┃     % ┃ Even… ┃ Comp… ┃ Canc… ┃ Sub… ┃
┡━━━━━━━╇━━━━━━━╇━━━━━━━╇━━━━━━━╇━━━━━━━╇━━━━━━━╇━━━━━━━╇━━━━━━━╇━━━━━━━╇━━━━━━┩
│     0 │  0.01 │    24 │     3 │    21 │ 87.5% │  2826 │  1287 │  1518 │    0 │
└───────┴───────┴───────┴───────┴───────┴───────┴───────┴───────┴───────┴──────┘
                           Session Duration & Events                            
┏━━━━━━━┳━━━━━━━━━━━┳━━━━━━━━━━━┳━━━━━━━━━━━┳━━━━━━━━━━━┳━━━━━━━━━━┳━━━━━━━━━━━┓
┃       ┃  Duration ┃  Duration ┃  Duration ┃    Events ┃   Events ┃    Events ┃
┃ Stage ┃  Mean (s) ┃   Med (s) ┃   P90 (s) ┃      Mean ┃      Med ┃       P90 ┃
┡━━━━━━━╇━━━━━━━━━━━╇━━━━━━━━━━━╇━━━━━━━━━━━╇━━━━━━━━━━━╇━━━━━━━━━━╇━━━━━━━━━━━┩
│     0 │   3407.57 │   3603.13 │   3607.51 │     117.8 │     79.0 │     217.7 │
└───────┴───────────┴───────────┴───────────┴───────────┴──────────┴───────────┘
                       Session Token Totals (per session)                       
┏━━━━━━━┳━━━━━━━━━━━┳━━━━━━━━━━━┳━━━━━━━━━━━┳━━━━━━━━━━━┳━━━━━━━━━━━┳━━━━━━━━━━┓
┃       ┃        In ┃        In ┃        In ┃       Out ┃       Out ┃      Out ┃
┃       ┃  Tok/Sess ┃  Tok/Sess ┃  Tok/Sess ┃  Tok/Sess ┃  Tok/Sess ┃ Tok/Sess ┃
┃ Stage ┃      Mean ┃       Med ┃       P90 ┃      Mean ┃       Med ┃      P90 ┃
┡━━━━━━━╇━━━━━━━━━━━╇━━━━━━━━━━━╇━━━━━━━━━━━╇━━━━━━━━━━━╇━━━━━━━━━━━╇━━━━━━━━━━┩
│     0 │ 4059103.5 │ 3479549.0 │ 6696643.3 │   53658.6 │   54435.5 │  67055.1 │
└───────┴───────────┴───────────┴───────────┴───────────┴───────────┴──────────┘
                           Session KV Cache Hit Rate                            
┏━━━━━━━┳━━━━━━━━━━━━━┳━━━━━━━━━━━━━┳━━━━━━━━━━━━━┳━━━━━━━━━━━━━━┳━━━━━━━━━━━━━┓
┃       ┃       Hit % ┃  Hit %/Sess ┃  Hit %/Sess ┃   Hit %/Sess ┃ Sessions w/ ┃
┃ Stage ┃    (pooled) ┃        Mean ┃         Med ┃          P90 ┃        Info ┃
┡━━━━━━━╇━━━━━━━━━━━━━╇━━━━━━━━━━━━━╇━━━━━━━━━━━━━╇━━━━━━━━━━━━━━╇━━━━━━━━━━━━━┩
│     0 │        67.0 │        63.5 │        64.2 │         84.2 │          24 │
└───────┴─────────────┴─────────────┴─────────────┴──────────────┴─────────────┘
                    Session TFUT (Time to First User Token)                     
┏━━━━━━━┳━━━━━━━━━━━━━┳━━━━━━━━━━━━━┳━━━━━━━━━━━━━┳━━━━━━━━━━━━━━┳━━━━━━━━━━━━━┓
┃       ┃   TFUT Mean ┃    TFUT Med ┃    TFUT P90 ┃  Sessions w/ ┃   TFUT None ┃
┃ Stage ┃         (s) ┃         (s) ┃         (s) ┃         TFUT ┃     Reasons ┃
┡━━━━━━━╇━━━━━━━━━━━━━╇━━━━━━━━━━━━━╇━━━━━━━━━━━━━╇━━━━━━━━━━━━━━╇━━━━━━━━━━━━━┩
│     0 │       7.071 │      10.311 │      10.918 │           24 │           - │
└───────┴─────────────┴─────────────┴─────────────┴──────────────┴─────────────┘
Request Error Summary
┏━━━━━━━┳━━━━━━━━━━━┓
┃ Stage ┃ Successes ┃
┡━━━━━━━╇━━━━━━━━━━━┩
│     0 │      1307 │
└───────┴───────────┘
compacted 1307 entries