[transformers] PyTorch was not found. Models won't be available and only tokenizers, configuration and file/data utilities can be used.
2026-09-03 06:13:25,229 - inference_perf.config.config - INFO - Using configuration from: /config/config.yaml
2026-09-03 06:13:25,239 - inference_perf.config.config - INFO - Benchmarking with the following config:

api:
  type: chat
  streaming: true
  headers: null
  slo_unit: null
  slo_tpot_header: null
  slo_ttft_header: null
  response_format: null
  session_id_header_key: x-session-id
  session_id_body_field: session_id
  session_close_path: null
  session_final_header_key: null
  session_token_header_key: null
data:
  type: weka_trace_replay
  path: null
  corpus_file_path: null
  input_distribution: null
  output_distribution: null
  shared_prefix: null
  multimodal: null
  trace: null
  otel_trace_replay: null
  weka_trace_replay:
    trace_directory: /work/traces
    use_static_model: true
    static_model_name: Qwen/Qwen3-Coder-30B-A3B-Instruct-FP8
    default_block_size: 64
    skip_invalid_files: true
    trace_idle_gap_cap_seconds: 30.0
    max_wait_ms: 30000
    subagent_separate_session_id: true
    close_subagent_sessions: true
  conversation_replay: null
  visionarena: null
  synthetic_agentic: null
  use_chat_template: false
load:
  type: trace_session_replay
  interval: 1.0
  stages:
  - !!python/object:inference_perf.config.loadgen.config.TraceSessionReplayLoadStage
    __dict__:
      concurrent_sessions: 16
      session_rate: null
      num_sessions: 16
      timeout: 4800.0
    __pydantic_extra__: null
    __pydantic_fields_set__: !!set
      num_sessions: null
      timeout: null
      concurrent_sessions: null
    __pydantic_private__: null
  sweep: null
  num_workers: 4
  worker_max_concurrency: 1024
  worker_max_tcp_connections: 2500
  trace: null
  circuit_breakers: []
  request_timeout: 900
  stage_teardown_grace_seconds: 120.0
  lora_traffic_split: null
  base_seed: 1788415994126
metrics: null
report:
  request_lifecycle:
    summary: true
    per_stage: true
    per_request: true
    per_request_fields:
      request: false
      response: false
      info: true
      response_chunks: false
      computed_metrics: true
    per_adapter: true
    per_adapter_stage: false
    percentiles:
    - 0.1
    - 1.0
    - 5.0
    - 10.0
    - 25.0
    - 50.0
    - 75.0
    - 90.0
    - 95.0
    - 99.0
    - 99.9
    use_server_output_tokens: true
    max_error_messages: 100
  prometheus:
    summary: true
    per_stage: false
  session_lifecycle:
    summary: true
    per_stage: true
    per_session: false
  goodput: null
storage:
  local_storage:
    path: /work/reports
    report_file_prefix: null
  google_cloud_storage: null
  simple_storage_service: null
server:
  type: sglang
  model_name: Qwen/Qwen3-Coder-30B-A3B-Instruct-FP8
  base_url: http://10.100.2.5:8000
  ignore_eos: true
tokenizer:
  pretrained_model_name_or_path: Qwen/Qwen3-Coder-30B-A3B-Instruct-FP8
circuit_breakers: null


2026-09-03 06:13:25,239 - inference_perf.client.filestorage.local - INFO - Report files will be stored at: /work/reports
2026-09-03 06:13:25,240 - inference_perf.utils.custom_tokenizer - INFO - Loading tokenizer 'Qwen/Qwen3-Coder-30B-A3B-Instruct-FP8'
2026-09-03 06:13:25,420 - httpx - INFO - HTTP Request: GET https://huggingface.co/api/agent-harnesses "HTTP/1.1 200 OK"
2026-09-03 06:13:25,496 - httpx - INFO - HTTP Request: HEAD https://huggingface.co/Qwen/Qwen3-Coder-30B-A3B-Instruct-FP8/resolve/main/config.json "HTTP/1.1 307 Temporary Redirect"
2026-09-03 06:13:25,520 - httpx - INFO - HTTP Request: HEAD https://huggingface.co/api/resolve-cache/models/Qwen/Qwen3-Coder-30B-A3B-Instruct-FP8/dcaee4d4dfc5ee71ad501f01f530e5652438fde0/config.json "HTTP/1.1 200 OK"
2026-09-03 06:13:25,545 - httpx - INFO - HTTP Request: GET https://huggingface.co/api/resolve-cache/models/Qwen/Qwen3-Coder-30B-A3B-Instruct-FP8/dcaee4d4dfc5ee71ad501f01f530e5652438fde0/config.json "HTTP/1.1 200 OK"
2026-09-03 06:13:25,615 - httpx - INFO - HTTP Request: HEAD https://huggingface.co/Qwen/Qwen3-Coder-30B-A3B-Instruct-FP8/resolve/main/tokenizer_config.json "HTTP/1.1 307 Temporary Redirect"
2026-09-03 06:13:25,639 - httpx - INFO - HTTP Request: HEAD https://huggingface.co/api/resolve-cache/models/Qwen/Qwen3-Coder-30B-A3B-Instruct-FP8/dcaee4d4dfc5ee71ad501f01f530e5652438fde0/tokenizer_config.json "HTTP/1.1 200 OK"
2026-09-03 06:13:25,663 - httpx - INFO - HTTP Request: GET https://huggingface.co/api/resolve-cache/models/Qwen/Qwen3-Coder-30B-A3B-Instruct-FP8/dcaee4d4dfc5ee71ad501f01f530e5652438fde0/tokenizer_config.json "HTTP/1.1 200 OK"
2026-09-03 06:13:25,733 - httpx - INFO - HTTP Request: GET https://huggingface.co/api/models/Qwen/Qwen3-Coder-30B-A3B-Instruct-FP8/tree/main/additional_chat_templates?recursive=false&expand=false "HTTP/1.1 404 Not Found"
2026-09-03 06:13:25,797 - httpx - INFO - HTTP Request: GET https://huggingface.co/api/models/Qwen/Qwen3-Coder-30B-A3B-Instruct-FP8/tree/main?recursive=true&expand=false "HTTP/1.1 200 OK"
2026-09-03 06:13:25,854 - httpx - INFO - HTTP Request: HEAD https://huggingface.co/Qwen/Qwen3-Coder-30B-A3B-Instruct-FP8/resolve/main/vocab.json "HTTP/1.1 307 Temporary Redirect"
2026-09-03 06:13:25,878 - httpx - INFO - HTTP Request: HEAD https://huggingface.co/api/resolve-cache/models/Qwen/Qwen3-Coder-30B-A3B-Instruct-FP8/dcaee4d4dfc5ee71ad501f01f530e5652438fde0/vocab.json "HTTP/1.1 200 OK"
2026-09-03 06:13:25,906 - httpx - INFO - HTTP Request: GET https://huggingface.co/api/resolve-cache/models/Qwen/Qwen3-Coder-30B-A3B-Instruct-FP8/dcaee4d4dfc5ee71ad501f01f530e5652438fde0/vocab.json "HTTP/1.1 200 OK"
2026-09-03 06:13:26,059 - httpx - INFO - HTTP Request: HEAD https://huggingface.co/Qwen/Qwen3-Coder-30B-A3B-Instruct-FP8/resolve/main/merges.txt "HTTP/1.1 307 Temporary Redirect"
2026-09-03 06:13:26,085 - httpx - INFO - HTTP Request: HEAD https://huggingface.co/api/resolve-cache/models/Qwen/Qwen3-Coder-30B-A3B-Instruct-FP8/dcaee4d4dfc5ee71ad501f01f530e5652438fde0/merges.txt "HTTP/1.1 200 OK"
2026-09-03 06:13:26,110 - httpx - INFO - HTTP Request: GET https://huggingface.co/api/resolve-cache/models/Qwen/Qwen3-Coder-30B-A3B-Instruct-FP8/dcaee4d4dfc5ee71ad501f01f530e5652438fde0/merges.txt "HTTP/1.1 200 OK"
2026-09-03 06:13:26,191 - httpx - INFO - HTTP Request: HEAD https://huggingface.co/Qwen/Qwen3-Coder-30B-A3B-Instruct-FP8/resolve/main/tokenizer.json "HTTP/1.1 302 Found"
2026-09-03 06:13:26,898 - httpx - INFO - HTTP Request: HEAD https://huggingface.co/Qwen/Qwen3-Coder-30B-A3B-Instruct-FP8/resolve/main/added_tokens.json "HTTP/1.1 404 Not Found"
2026-09-03 06:13:26,956 - httpx - INFO - HTTP Request: HEAD https://huggingface.co/Qwen/Qwen3-Coder-30B-A3B-Instruct-FP8/resolve/main/special_tokens_map.json "HTTP/1.1 404 Not Found"
2026-09-03 06:13:27,014 - httpx - INFO - HTTP Request: HEAD https://huggingface.co/Qwen/Qwen3-Coder-30B-A3B-Instruct-FP8/resolve/main/chat_template.jinja "HTTP/1.1 307 Temporary Redirect"
2026-09-03 06:13:27,037 - httpx - INFO - HTTP Request: HEAD https://huggingface.co/api/resolve-cache/models/Qwen/Qwen3-Coder-30B-A3B-Instruct-FP8/dcaee4d4dfc5ee71ad501f01f530e5652438fde0/chat_template.jinja "HTTP/1.1 200 OK"
2026-09-03 06:13:27,062 - httpx - INFO - HTTP Request: GET https://huggingface.co/api/resolve-cache/models/Qwen/Qwen3-Coder-30B-A3B-Instruct-FP8/dcaee4d4dfc5ee71ad501f01f530e5652438fde0/chat_template.jinja "HTTP/1.1 200 OK"
2026-09-03 06:13:28,078 - httpx - INFO - HTTP Request: GET https://huggingface.co/api/models/Qwen/Qwen3-Coder-30B-A3B-Instruct-FP8 "HTTP/1.1 200 OK"
2026-09-03 06:13:28,081 - inference_perf.utils.custom_tokenizer - INFO - Loading tokenizer 'Qwen/Qwen3-Coder-30B-A3B-Instruct-FP8'
2026-09-03 06:13:28,136 - httpx - INFO - HTTP Request: HEAD https://huggingface.co/Qwen/Qwen3-Coder-30B-A3B-Instruct-FP8/resolve/main/config.json "HTTP/1.1 307 Temporary Redirect"
2026-09-03 06:13:28,160 - httpx - INFO - HTTP Request: HEAD https://huggingface.co/api/resolve-cache/models/Qwen/Qwen3-Coder-30B-A3B-Instruct-FP8/dcaee4d4dfc5ee71ad501f01f530e5652438fde0/config.json "HTTP/1.1 200 OK"
2026-09-03 06:13:28,219 - httpx - INFO - HTTP Request: HEAD https://huggingface.co/Qwen/Qwen3-Coder-30B-A3B-Instruct-FP8/resolve/main/tokenizer_config.json "HTTP/1.1 307 Temporary Redirect"
2026-09-03 06:13:28,243 - httpx - INFO - HTTP Request: HEAD https://huggingface.co/api/resolve-cache/models/Qwen/Qwen3-Coder-30B-A3B-Instruct-FP8/dcaee4d4dfc5ee71ad501f01f530e5652438fde0/tokenizer_config.json "HTTP/1.1 200 OK"
2026-09-03 06:13:28,304 - httpx - INFO - HTTP Request: GET https://huggingface.co/api/models/Qwen/Qwen3-Coder-30B-A3B-Instruct-FP8/tree/main/additional_chat_templates?recursive=false&expand=false "HTTP/1.1 404 Not Found"
2026-09-03 06:13:28,364 - httpx - INFO - HTTP Request: GET https://huggingface.co/api/models/Qwen/Qwen3-Coder-30B-A3B-Instruct-FP8/tree/main?recursive=true&expand=false "HTTP/1.1 200 OK"
2026-09-03 06:13:29,217 - httpx - INFO - HTTP Request: GET https://huggingface.co/api/models/Qwen/Qwen3-Coder-30B-A3B-Instruct-FP8 "HTTP/1.1 200 OK"
2026-09-03 06:13:29,299 - inference_perf.datagen.replay.weka_trace_replay_datagen - INFO - Loaded prompt corpus from: /workspace/inference_perf/assets/shakespeare.txt (5020475 chars)
[transformers] Token indices sequence length is longer than the specified maximum sequence length for this model (1306158 > 1048576). Running this sequence through the model will result in indexing errors
2026-09-03 06:13:36,369 - inference_perf.datagen.replay.weka_trace_replay_datagen - INFO - Building replay sessions for 16 traces with 16 processes
2026-09-03 06:13:42,981 - inference_perf.datagen.replay.weka_trace_replay_datagen - INFO - Built 16 replay sessions from 16 traces in 6.6s
2026-09-03 06:13:43,009 - inference_perf.datagen.replay.replay_graph_session_datagen - INFO - Built replay schedule: 2415 events across 16 sessions (eager)
2026-09-03 06:13:43,224 - inference_perf.loadgen.load_generator - INFO - Stage 0 - session-based run started
2026-09-03 06:13:43,226 - inference_perf.loadgen.load_generator - INFO - Session pool: concurrent_sessions=16, session_rate=None, timeout=4800.0, num_sessions=16 (corpus offset 0), total_sessions=16
2026-09-03 06:13:43,226 - inference_perf.datagen.replay.replay_graph_session_datagen - INFO - Dispatching session wekatrace13_1c51f458e8b542059f13268dfd08554de56a: 155 events
2026-09-03 06:13:43,232 - inference_perf.datagen.replay.replay_graph_session_datagen - INFO - Dispatching session wekatrace6_09c188c8b9201ec2046cc2df702623fef33e: 60 events
2026-09-03 06:13:43,236 - inference_perf.datagen.replay.replay_graph_session_datagen - INFO - Dispatching session wekatrace12_1ac9d045056424d98ec4b5725460ca2b6120: 72 events
2026-09-03 06:13:43,246 - inference_perf.datagen.replay.replay_graph_session_datagen - INFO - Dispatching session wekatrace1_04b25fe5b2ffa5e7ec9890426cce59838a05: 138 events
2026-09-03 06:13:43,248 - inference_perf.datagen.replay.replay_graph_session_datagen - INFO - Dispatching session wekatrace0_0475b786230f3f2e24220d28e247eaee2dae: 192 events
2026-09-03 06:13:43,256 - inference_perf.datagen.replay.replay_graph_session_datagen - INFO - Dispatching session wekatrace4_095a5152ab8fc1cdc847612872a01525cd1b: 91 events
2026-09-03 06:13:43,258 - inference_perf.datagen.replay.replay_graph_session_datagen - INFO - Dispatching session wekatrace8_0b4a56f22f01dc235b7ce1cc3aeabd6943e8: 517 events
2026-09-03 06:13:43,267 - inference_perf.datagen.replay.replay_graph_session_datagen - INFO - Dispatching session wekatrace5_09a5d415a7157ed48a5a6fa2711f2d8565c1: 243 events
2026-09-03 06:13:43,270 - inference_perf.datagen.replay.replay_graph_session_datagen - INFO - Dispatching session wekatrace2_05658118df5d398eec4703ce4fafe679ab30: 221 events
2026-09-03 06:13:43,274 - inference_perf.datagen.replay.replay_graph_session_datagen - INFO - Dispatching session wekatrace14_1d52e24446ecdb36d1351d53094d8a67f621: 143 events
2026-09-03 06:13:43,276 - inference_perf.datagen.replay.replay_graph_session_datagen - INFO - Dispatching session wekatrace3_0767e712d9e187634174712ce484b8bb7526: 68 events
2026-09-03 06:13:43,277 - inference_perf.datagen.replay.replay_graph_session_datagen - INFO - Dispatching session wekatrace9_0d75185d4e958ad360c16451eaa95d508edf: 210 events
2026-09-03 06:13:43,280 - inference_perf.datagen.replay.replay_graph_session_datagen - INFO - Dispatching session wekatrace7_0b1cf5ad73920121aa53e1acb0851a8ecf32: 78 events
2026-09-03 06:13:43,281 - inference_perf.datagen.replay.replay_graph_session_datagen - INFO - Dispatching session wekatrace15_1e086b8be96979688eb61ba63e18745a8f82: 64 events
2026-09-03 06:13:43,282 - inference_perf.datagen.replay.replay_graph_session_datagen - INFO - Dispatching session wekatrace11_0f9870e68e496146a60b68dd3f0aba9aced2: 80 events
2026-09-03 06:13:43,284 - inference_perf.datagen.replay.replay_graph_session_datagen - INFO - Dispatching session wekatrace10_0d9c99c3f96c2bcac0f9dec0987d5f411bcd: 83 events
2026-09-03 07:13:43,629 - inference_perf.datagen.replay.replay_graph_session_datagen - INFO - Event wekatrace13_1c51f458e8b542059f13268dfd08554de56a:event_115_parent_turn_6 skipping — predecessor wait failed: TimeoutError
2026-09-03 07:13:43,630 - inference_perf.datagen.replay.replay_graph_session_datagen - INFO - Event wekatrace13_1c51f458e8b542059f13268dfd08554de56a:event_116_parent_turn_7 skipping — predecessor failed
2026-09-03 07:13:43,631 - inference_perf.datagen.replay.replay_graph_session_datagen - INFO - Event wekatrace13_1c51f458e8b542059f13268dfd08554de56a:event_117_parent_turn_8 skipping — predecessor failed
2026-09-03 07:13:43,632 - inference_perf.datagen.replay.replay_graph_session_datagen - INFO - Event wekatrace13_1c51f458e8b542059f13268dfd08554de56a:event_118_parent_turn_9 skipping — predecessor failed
2026-09-03 07:13:43,633 - inference_perf.datagen.replay.replay_graph_session_datagen - INFO - Event wekatrace13_1c51f458e8b542059f13268dfd08554de56a:event_119_parent_turn_10 skipping — predecessor failed
2026-09-03 07:13:43,633 - inference_perf.datagen.replay.replay_graph_session_datagen - INFO - Event wekatrace13_1c51f458e8b542059f13268dfd08554de56a:event_120_parent_turn_11 skipping — predecessor failed
2026-09-03 07:13:43,633 - inference_perf.datagen.replay.replay_graph_session_datagen - INFO - Event wekatrace13_1c51f458e8b542059f13268dfd08554de56a:event_121_parent_turn_12 skipping — predecessor failed
2026-09-03 07:13:43,633 - inference_perf.datagen.replay.replay_graph_session_datagen - INFO - Event wekatrace13_1c51f458e8b542059f13268dfd08554de56a:event_122_parent_turn_13 skipping — predecessor failed
2026-09-03 07:13:43,633 - inference_perf.datagen.replay.replay_graph_session_datagen - INFO - Event wekatrace13_1c51f458e8b542059f13268dfd08554de56a:event_123_parent_turn_14 skipping — predecessor failed
2026-09-03 07:13:43,633 - inference_perf.datagen.replay.replay_graph_session_datagen - INFO - Event wekatrace13_1c51f458e8b542059f13268dfd08554de56a:event_124_parent_turn_15 skipping — predecessor failed
2026-09-03 07:13:43,633 - inference_perf.datagen.replay.replay_graph_session_datagen - INFO - Event wekatrace13_1c51f458e8b542059f13268dfd08554de56a:event_125_parent_turn_16 skipping — predecessor failed
2026-09-03 07:13:43,633 - inference_perf.datagen.replay.replay_graph_session_datagen - INFO - Event wekatrace13_1c51f458e8b542059f13268dfd08554de56a:event_126_parent_turn_17 skipping — predecessor failed
2026-09-03 07:13:43,634 - inference_perf.datagen.replay.replay_graph_session_datagen - INFO - Event wekatrace13_1c51f458e8b542059f13268dfd08554de56a:event_127_parent_turn_18 skipping — predecessor failed
2026-09-03 07:13:43,634 - inference_perf.datagen.replay.replay_graph_session_datagen - INFO - Event wekatrace13_1c51f458e8b542059f13268dfd08554de56a:event_128_parent_turn_19 skipping — predecessor failed
2026-09-03 07:13:43,634 - inference_perf.datagen.replay.replay_graph_session_datagen - INFO - Event wekatrace13_1c51f458e8b542059f13268dfd08554de56a:event_129_parent_turn_20 skipping — predecessor failed
2026-09-03 07:13:43,634 - inference_perf.datagen.replay.replay_graph_session_datagen - INFO - Event wekatrace13_1c51f458e8b542059f13268dfd08554de56a:event_130_parent_turn_21 skipping — predecessor failed
2026-09-03 07:13:43,634 - inference_perf.datagen.replay.replay_graph_session_datagen - INFO - Event wekatrace13_1c51f458e8b542059f13268dfd08554de56a:event_131_parent_turn_22 skipping — predecessor failed
2026-09-03 07:13:43,634 - inference_perf.datagen.replay.replay_graph_session_datagen - INFO - Event wekatrace13_1c51f458e8b542059f13268dfd08554de56a:event_132_parent_turn_23 skipping — predecessor failed
2026-09-03 07:13:43,634 - inference_perf.datagen.replay.replay_graph_session_datagen - INFO - Event wekatrace13_1c51f458e8b542059f13268dfd08554de56a:event_133_parent_turn_24 skipping — predecessor failed
2026-09-03 07:13:43,634 - inference_perf.datagen.replay.replay_graph_session_datagen - INFO - Event wekatrace13_1c51f458e8b542059f13268dfd08554de56a:event_134_parent_turn_25 skipping — predecessor failed
2026-09-03 07:13:43,634 - inference_perf.datagen.replay.replay_graph_session_datagen - INFO - Event wekatrace13_1c51f458e8b542059f13268dfd08554de56a:event_135_parent_turn_26 skipping — predecessor failed
2026-09-03 07:13:43,634 - inference_perf.datagen.replay.replay_graph_session_datagen - INFO - Event wekatrace13_1c51f458e8b542059f13268dfd08554de56a:event_136_parent_turn_27 skipping — predecessor failed
2026-09-03 07:13:43,635 - inference_perf.datagen.replay.replay_graph_session_datagen - INFO - Event wekatrace13_1c51f458e8b542059f13268dfd08554de56a:event_137_parent_turn_28 skipping — predecessor failed
2026-09-03 07:13:43,635 - inference_perf.datagen.replay.replay_graph_session_datagen - INFO - Event wekatrace13_1c51f458e8b542059f13268dfd08554de56a:event_138_parent_turn_29 skipping — predecessor failed
2026-09-03 07:13:43,635 - inference_perf.datagen.replay.replay_graph_session_datagen - INFO - Event wekatrace13_1c51f458e8b542059f13268dfd08554de56a:event_139_parent_turn_30 skipping — predecessor failed
2026-09-03 07:13:43,635 - inference_perf.datagen.replay.replay_graph_session_datagen - INFO - Event wekatrace13_1c51f458e8b542059f13268dfd08554de56a:event_140_parent_turn_31 skipping — predecessor failed
2026-09-03 07:13:43,635 - inference_perf.datagen.replay.replay_graph_session_datagen - INFO - Event wekatrace13_1c51f458e8b542059f13268dfd08554de56a:event_141_parent_turn_32 skipping — predecessor failed
2026-09-03 07:13:43,636 - inference_perf.datagen.replay.replay_graph_session_datagen - INFO - Event wekatrace13_1c51f458e8b542059f13268dfd08554de56a:event_142_parent_turn_33 skipping — predecessor failed
2026-09-03 07:13:43,636 - inference_perf.datagen.replay.replay_graph_session_datagen - INFO - Event wekatrace13_1c51f458e8b542059f13268dfd08554de56a:event_143_parent_turn_34 skipping — predecessor failed
2026-09-03 07:13:43,636 - inference_perf.datagen.replay.replay_graph_session_datagen - INFO - Event wekatrace13_1c51f458e8b542059f13268dfd08554de56a:event_144_parent_turn_35 skipping — predecessor failed
2026-09-03 07:13:43,636 - inference_perf.datagen.replay.replay_graph_session_datagen - INFO - Event wekatrace13_1c51f458e8b542059f13268dfd08554de56a:event_145_parent_turn_36 skipping — predecessor failed
2026-09-03 07:13:43,636 - inference_perf.datagen.replay.replay_graph_session_datagen - INFO - Event wekatrace13_1c51f458e8b542059f13268dfd08554de56a:event_146_parent_turn_37 skipping — predecessor failed
2026-09-03 07:13:43,636 - inference_perf.datagen.replay.replay_graph_session_datagen - INFO - Event wekatrace13_1c51f458e8b542059f13268dfd08554de56a:event_147_parent_turn_38 skipping — predecessor failed
2026-09-03 07:13:43,637 - inference_perf.datagen.replay.replay_graph_session_datagen - INFO - Event wekatrace13_1c51f458e8b542059f13268dfd08554de56a:event_148_parent_turn_39 skipping — predecessor failed
2026-09-03 07:13:43,637 - inference_perf.datagen.replay.replay_graph_session_datagen - INFO - Event wekatrace13_1c51f458e8b542059f13268dfd08554de56a:event_149_parent_turn_40 skipping — predecessor failed
2026-09-03 07:13:43,637 - inference_perf.datagen.replay.replay_graph_session_datagen - INFO - Event wekatrace13_1c51f458e8b542059f13268dfd08554de56a:event_150_parent_turn_41 skipping — predecessor failed
2026-09-03 07:13:43,637 - inference_perf.datagen.replay.replay_graph_session_datagen - INFO - Event wekatrace13_1c51f458e8b542059f13268dfd08554de56a:event_151_parent_turn_42 skipping — predecessor failed
2026-09-03 07:13:43,637 - inference_perf.datagen.replay.replay_graph_session_datagen - INFO - Event wekatrace13_1c51f458e8b542059f13268dfd08554de56a:event_152_parent_turn_43 skipping — predecessor failed
2026-09-03 07:13:43,637 - inference_perf.datagen.replay.replay_graph_session_datagen - INFO - Event wekatrace13_1c51f458e8b542059f13268dfd08554de56a:event_153_parent_turn_44 skipping — predecessor failed
2026-09-03 07:13:43,637 - inference_perf.datagen.replay.replay_graph_session_datagen - INFO - Event wekatrace13_1c51f458e8b542059f13268dfd08554de56a:event_154_parent_turn_45 skipping — predecessor failed
2026-09-03 07:13:44,722 - inference_perf.datagen.replay.replay_graph_session_datagen - INFO - Event wekatrace1_04b25fe5b2ffa5e7ec9890426cce59838a05:event_055_parent_turn_55 skipping — predecessor wait failed: TimeoutError
2026-09-03 07:13:44,723 - inference_perf.datagen.replay.replay_graph_session_datagen - INFO - Event wekatrace1_04b25fe5b2ffa5e7ec9890426cce59838a05:event_056_parent_turn_56 skipping — predecessor failed
2026-09-03 07:13:44,723 - inference_perf.datagen.replay.replay_graph_session_datagen - INFO - Event wekatrace1_04b25fe5b2ffa5e7ec9890426cce59838a05:event_057_parent_turn_57 skipping — predecessor failed
2026-09-03 07:13:44,724 - inference_perf.datagen.replay.replay_graph_session_datagen - INFO - Event wekatrace1_04b25fe5b2ffa5e7ec9890426cce59838a05:event_058_parent_turn_58 skipping — predecessor failed
2026-09-03 07:13:44,724 - inference_perf.datagen.replay.replay_graph_session_datagen - INFO - Event wekatrace1_04b25fe5b2ffa5e7ec9890426cce59838a05:event_059_parent_turn_59 skipping — predecessor failed
2026-09-03 07:13:44,724 - inference_perf.datagen.replay.replay_graph_session_datagen - INFO - Event wekatrace1_04b25fe5b2ffa5e7ec9890426cce59838a05:event_060_parent_turn_60 skipping — predecessor failed
2026-09-03 07:13:44,724 - inference_perf.datagen.replay.replay_graph_session_datagen - INFO - Event wekatrace1_04b25fe5b2ffa5e7ec9890426cce59838a05:event_061_parent_turn_61 skipping — predecessor failed
2026-09-03 07:13:44,724 - inference_perf.datagen.replay.replay_graph_session_datagen - INFO - Event wekatrace1_04b25fe5b2ffa5e7ec9890426cce59838a05:event_062_parent_turn_62 skipping — predecessor failed
2026-09-03 07:13:44,725 - inference_perf.datagen.replay.replay_graph_session_datagen - INFO - Event wekatrace1_04b25fe5b2ffa5e7ec9890426cce59838a05:event_063_parent_turn_63 skipping — predecessor failed
2026-09-03 07:13:44,725 - inference_perf.datagen.replay.replay_graph_session_datagen - INFO - Event wekatrace1_04b25fe5b2ffa5e7ec9890426cce59838a05:event_064_parent_turn_64 skipping — predecessor failed
2026-09-03 07:13:44,725 - inference_perf.datagen.replay.replay_graph_session_datagen - INFO - Event wekatrace1_04b25fe5b2ffa5e7ec9890426cce59838a05:event_065_parent_turn_65 skipping — predecessor failed
2026-09-03 07:13:44,725 - inference_perf.datagen.replay.replay_graph_session_datagen - INFO - Event wekatrace1_04b25fe5b2ffa5e7ec9890426cce59838a05:event_066_parent_turn_66 skipping — predecessor failed
2026-09-03 07:13:44,725 - inference_perf.datagen.replay.replay_graph_session_datagen - INFO - Event wekatrace1_04b25fe5b2ffa5e7ec9890426cce59838a05:event_067_parent_turn_67 skipping — predecessor failed
2026-09-03 07:13:44,725 - inference_perf.datagen.replay.replay_graph_session_datagen - INFO - Event wekatrace1_04b25fe5b2ffa5e7ec9890426cce59838a05:event_068_parent_turn_68 skipping — predecessor failed
2026-09-03 07:13:44,726 - inference_perf.datagen.replay.replay_graph_session_datagen - INFO - Event wekatrace1_04b25fe5b2ffa5e7ec9890426cce59838a05:event_069_parent_turn_69 skipping — predecessor failed
2026-09-03 07:13:44,726 - inference_perf.datagen.replay.replay_graph_session_datagen - INFO - Event wekatrace1_04b25fe5b2ffa5e7ec9890426cce59838a05:event_070_parent_turn_70 skipping — predecessor failed
2026-09-03 07:13:44,726 - inference_perf.datagen.replay.replay_graph_session_datagen - INFO - Event wekatrace1_04b25fe5b2ffa5e7ec9890426cce59838a05:event_071_parent_turn_71 skipping — predecessor failed
2026-09-03 07:13:44,726 - inference_perf.datagen.replay.replay_graph_session_datagen - INFO - Event wekatrace1_04b25fe5b2ffa5e7ec9890426cce59838a05:event_072_parent_turn_72 skipping — predecessor failed
2026-09-03 07:13:44,726 - inference_perf.datagen.replay.replay_graph_session_datagen - INFO - Event wekatrace1_04b25fe5b2ffa5e7ec9890426cce59838a05:event_073_parent_turn_73 skipping — predecessor failed
2026-09-03 07:13:44,726 - inference_perf.datagen.replay.replay_graph_session_datagen - INFO - Event wekatrace1_04b25fe5b2ffa5e7ec9890426cce59838a05:event_074_parent_turn_74 skipping — predecessor failed
2026-09-03 07:13:44,727 - inference_perf.datagen.replay.replay_graph_session_datagen - INFO - Event wekatrace1_04b25fe5b2ffa5e7ec9890426cce59838a05:event_075_parent_turn_75 skipping — predecessor failed
2026-09-03 07:13:44,727 - inference_perf.datagen.replay.replay_graph_session_datagen - INFO - Event wekatrace1_04b25fe5b2ffa5e7ec9890426cce59838a05:event_076_parent_turn_76 skipping — predecessor failed
2026-09-03 07:13:44,727 - inference_perf.datagen.replay.replay_graph_session_datagen - INFO - Event wekatrace1_04b25fe5b2ffa5e7ec9890426cce59838a05:event_077_parent_turn_77 skipping — predecessor failed
2026-09-03 07:13:44,728 - inference_perf.datagen.replay.replay_graph_session_datagen - INFO - Event wekatrace1_04b25fe5b2ffa5e7ec9890426cce59838a05:event_078_parent_turn_78 skipping — predecessor failed
2026-09-03 07:13:44,728 - inference_perf.datagen.replay.replay_graph_session_datagen - INFO - Event wekatrace1_04b25fe5b2ffa5e7ec9890426cce59838a05:event_079_parent_turn_79 skipping — predecessor failed
2026-09-03 07:13:44,728 - inference_perf.datagen.replay.replay_graph_session_datagen - INFO - Event wekatrace1_04b25fe5b2ffa5e7ec9890426cce59838a05:event_080_parent_turn_80 skipping — predecessor failed
2026-09-03 07:13:44,728 - inference_perf.datagen.replay.replay_graph_session_datagen - INFO - Event wekatrace1_04b25fe5b2ffa5e7ec9890426cce59838a05:event_081_parent_turn_81 skipping — predecessor failed
2026-09-03 07:13:44,729 - inference_perf.datagen.replay.replay_graph_session_datagen - INFO - Event wekatrace1_04b25fe5b2ffa5e7ec9890426cce59838a05:event_082_parent_turn_82 skipping — predecessor failed
2026-09-03 07:13:44,729 - inference_perf.datagen.replay.replay_graph_session_datagen - INFO - Event wekatrace1_04b25fe5b2ffa5e7ec9890426cce59838a05:event_083_parent_turn_83 skipping — predecessor failed
2026-09-03 07:13:44,729 - inference_perf.datagen.replay.replay_graph_session_datagen - INFO - Event wekatrace1_04b25fe5b2ffa5e7ec9890426cce59838a05:event_084_parent_turn_84 skipping — predecessor failed
2026-09-03 07:13:44,729 - inference_perf.datagen.replay.replay_graph_session_datagen - INFO - Event wekatrace1_04b25fe5b2ffa5e7ec9890426cce59838a05:event_085_parent_turn_85 skipping — predecessor failed
2026-09-03 07:13:44,729 - inference_perf.datagen.replay.replay_graph_session_datagen - INFO - Event wekatrace1_04b25fe5b2ffa5e7ec9890426cce59838a05:event_086_parent_turn_86 skipping — predecessor failed
2026-09-03 07:13:44,730 - inference_perf.datagen.replay.replay_graph_session_datagen - INFO - Event wekatrace1_04b25fe5b2ffa5e7ec9890426cce59838a05:event_087_parent_turn_87 skipping — predecessor failed
2026-09-03 07:13:44,730 - inference_perf.datagen.replay.replay_graph_session_datagen - INFO - Event wekatrace1_04b25fe5b2ffa5e7ec9890426cce59838a05:event_088_parent_turn_88 skipping — predecessor failed
2026-09-03 07:13:44,730 - inference_perf.datagen.replay.replay_graph_session_datagen - INFO - Event wekatrace1_04b25fe5b2ffa5e7ec9890426cce59838a05:event_089_parent_turn_89 skipping — predecessor failed
2026-09-03 07:13:44,730 - inference_perf.datagen.replay.replay_graph_session_datagen - INFO - Event wekatrace1_04b25fe5b2ffa5e7ec9890426cce59838a05:event_090_parent_turn_90 skipping — predecessor failed
2026-09-03 07:13:44,730 - inference_perf.datagen.replay.replay_graph_session_datagen - INFO - Event wekatrace1_04b25fe5b2ffa5e7ec9890426cce59838a05:event_091_sa_subagent_001_ea921d3b_s0_turn_0 skipping — predecessor failed
2026-09-03 07:13:44,731 - inference_perf.datagen.replay.replay_graph_session_datagen - INFO - Event wekatrace1_04b25fe5b2ffa5e7ec9890426cce59838a05:event_130_parent_turn_91 skipping — predecessor failed
2026-09-03 07:13:44,731 - inference_perf.datagen.replay.replay_graph_session_datagen - INFO - Event wekatrace1_04b25fe5b2ffa5e7ec9890426cce59838a05:event_092_sa_subagent_001_ea921d3b_s0_turn_1 skipping — predecessor failed
2026-09-03 07:13:44,731 - inference_perf.datagen.replay.replay_graph_session_datagen - INFO - Event wekatrace1_04b25fe5b2ffa5e7ec9890426cce59838a05:event_131_parent_turn_92 skipping — predecessor failed
2026-09-03 07:13:44,731 - inference_perf.datagen.replay.replay_graph_session_datagen - INFO - Event wekatrace1_04b25fe5b2ffa5e7ec9890426cce59838a05:event_093_sa_subagent_001_ea921d3b_s0_turn_2 skipping — predecessor failed
2026-09-03 07:13:44,731 - inference_perf.datagen.replay.replay_graph_session_datagen - INFO - Event wekatrace1_04b25fe5b2ffa5e7ec9890426cce59838a05:event_132_parent_turn_93 skipping — predecessor failed
2026-09-03 07:13:44,731 - inference_perf.datagen.replay.replay_graph_session_datagen - INFO - Event wekatrace1_04b25fe5b2ffa5e7ec9890426cce59838a05:event_094_sa_subagent_001_ea921d3b_s0_turn_3 skipping — predecessor failed
2026-09-03 07:13:44,732 - inference_perf.datagen.replay.replay_graph_session_datagen - INFO - Event wekatrace1_04b25fe5b2ffa5e7ec9890426cce59838a05:event_133_parent_turn_94 skipping — predecessor failed
2026-09-03 07:13:44,732 - inference_perf.datagen.replay.replay_graph_session_datagen - INFO - Event wekatrace1_04b25fe5b2ffa5e7ec9890426cce59838a05:event_134_parent_turn_95 skipping — predecessor failed
2026-09-03 07:13:44,732 - inference_perf.datagen.replay.replay_graph_session_datagen - INFO - Event wekatrace1_04b25fe5b2ffa5e7ec9890426cce59838a05:event_095_sa_subagent_001_ea921d3b_s0_turn_4 skipping — predecessor failed
2026-09-03 07:13:44,732 - inference_perf.datagen.replay.replay_graph_session_datagen - INFO - Event wekatrace1_04b25fe5b2ffa5e7ec9890426cce59838a05:event_135_parent_turn_96 skipping — predecessor failed
2026-09-03 07:13:44,732 - inference_perf.datagen.replay.replay_graph_session_datagen - INFO - Event wekatrace1_04b25fe5b2ffa5e7ec9890426cce59838a05:event_096_sa_subagent_001_ea921d3b_s0_turn_5 skipping — predecessor failed
2026-09-03 07:13:44,732 - inference_perf.datagen.replay.replay_graph_session_datagen - INFO - Event wekatrace1_04b25fe5b2ffa5e7ec9890426cce59838a05:event_136_parent_turn_97 skipping — predecessor failed
2026-09-03 07:13:44,733 - inference_perf.datagen.replay.replay_graph_session_datagen - INFO - Event wekatrace1_04b25fe5b2ffa5e7ec9890426cce59838a05:event_097_sa_subagent_001_ea921d3b_s0_turn_6 skipping — predecessor failed
2026-09-03 07:13:44,733 - inference_perf.datagen.replay.replay_graph_session_datagen - INFO - Event wekatrace1_04b25fe5b2ffa5e7ec9890426cce59838a05:event_137_parent_turn_98 skipping — predecessor failed
2026-09-03 07:13:44,733 - inference_perf.datagen.replay.replay_graph_session_datagen - INFO - Event wekatrace1_04b25fe5b2ffa5e7ec9890426cce59838a05:event_098_sa_subagent_001_ea921d3b_s0_turn_7 skipping — predecessor failed
2026-09-03 07:13:44,733 - inference_perf.datagen.replay.replay_graph_session_datagen - INFO - Event wekatrace1_04b25fe5b2ffa5e7ec9890426cce59838a05:event_099_sa_subagent_001_ea921d3b_s0_turn_8 skipping — predecessor failed
2026-09-03 07:13:44,734 - inference_perf.datagen.replay.replay_graph_session_datagen - INFO - Event wekatrace1_04b25fe5b2ffa5e7ec9890426cce59838a05:event_100_sa_subagent_001_ea921d3b_s0_turn_9 skipping — predecessor failed
2026-09-03 07:13:44,734 - inference_perf.datagen.replay.replay_graph_session_datagen - INFO - Event wekatrace1_04b25fe5b2ffa5e7ec9890426cce59838a05:event_101_sa_subagent_001_ea921d3b_s0_turn_10 skipping — predecessor failed
2026-09-03 07:13:44,734 - inference_perf.datagen.replay.replay_graph_session_datagen - INFO - Event wekatrace1_04b25fe5b2ffa5e7ec9890426cce59838a05:event_102_sa_subagent_001_ea921d3b_s0_turn_11 skipping — predecessor failed
2026-09-03 07:13:44,734 - inference_perf.datagen.replay.replay_graph_session_datagen - INFO - Event wekatrace1_04b25fe5b2ffa5e7ec9890426cce59838a05:event_103_sa_subagent_001_ea921d3b_s0_turn_12 skipping — predecessor failed
2026-09-03 07:13:44,734 - inference_perf.datagen.replay.replay_graph_session_datagen - INFO - Event wekatrace1_04b25fe5b2ffa5e7ec9890426cce59838a05:event_104_sa_subagent_001_ea921d3b_s0_turn_13 skipping — predecessor failed
2026-09-03 07:13:44,734 - inference_perf.datagen.replay.replay_graph_session_datagen - INFO - Event wekatrace1_04b25fe5b2ffa5e7ec9890426cce59838a05:event_105_sa_subagent_001_ea921d3b_s0_turn_14 skipping — predecessor failed
2026-09-03 07:13:44,735 - inference_perf.datagen.replay.replay_graph_session_datagen - INFO - Event wekatrace1_04b25fe5b2ffa5e7ec9890426cce59838a05:event_106_sa_subagent_001_ea921d3b_s0_turn_15 skipping — predecessor failed
2026-09-03 07:13:44,735 - inference_perf.datagen.replay.replay_graph_session_datagen - INFO - Event wekatrace1_04b25fe5b2ffa5e7ec9890426cce59838a05:event_107_sa_subagent_001_ea921d3b_s0_turn_16 skipping — predecessor failed
2026-09-03 07:13:44,735 - inference_perf.datagen.replay.replay_graph_session_datagen - INFO - Event wekatrace1_04b25fe5b2ffa5e7ec9890426cce59838a05:event_108_sa_subagent_001_ea921d3b_s0_turn_17 skipping — predecessor failed
2026-09-03 07:13:44,735 - inference_perf.datagen.replay.replay_graph_session_datagen - INFO - Event wekatrace1_04b25fe5b2ffa5e7ec9890426cce59838a05:event_109_sa_subagent_001_ea921d3b_s0_turn_18 skipping — predecessor failed
2026-09-03 07:13:44,736 - inference_perf.datagen.replay.replay_graph_session_datagen - INFO - Event wekatrace1_04b25fe5b2ffa5e7ec9890426cce59838a05:event_110_sa_subagent_001_ea921d3b_s0_turn_19 skipping — predecessor failed
2026-09-03 07:13:44,736 - inference_perf.datagen.replay.replay_graph_session_datagen - INFO - Event wekatrace1_04b25fe5b2ffa5e7ec9890426cce59838a05:event_111_sa_subagent_001_ea921d3b_s0_turn_20 skipping — predecessor failed
2026-09-03 07:13:44,736 - inference_perf.datagen.replay.replay_graph_session_datagen - INFO - Event wekatrace1_04b25fe5b2ffa5e7ec9890426cce59838a05:event_112_sa_subagent_001_ea921d3b_s0_turn_21 skipping — predecessor failed
2026-09-03 07:13:44,736 - inference_perf.datagen.replay.replay_graph_session_datagen - INFO - Event wekatrace1_04b25fe5b2ffa5e7ec9890426cce59838a05:event_113_sa_subagent_001_ea921d3b_s0_turn_22 skipping — predecessor failed
2026-09-03 07:13:44,736 - inference_perf.datagen.replay.replay_graph_session_datagen - INFO - Event wekatrace1_04b25fe5b2ffa5e7ec9890426cce59838a05:event_114_sa_subagent_001_ea921d3b_s0_turn_23 skipping — predecessor failed
2026-09-03 07:13:44,737 - inference_perf.datagen.replay.replay_graph_session_datagen - INFO - Event wekatrace1_04b25fe5b2ffa5e7ec9890426cce59838a05:event_115_sa_subagent_001_ea921d3b_s0_turn_24 skipping — predecessor failed
2026-09-03 07:13:44,737 - inference_perf.datagen.replay.replay_graph_session_datagen - INFO - Event wekatrace1_04b25fe5b2ffa5e7ec9890426cce59838a05:event_116_sa_subagent_001_ea921d3b_s0_turn_25 skipping — predecessor failed
2026-09-03 07:13:44,737 - inference_perf.datagen.replay.replay_graph_session_datagen - INFO - Event wekatrace1_04b25fe5b2ffa5e7ec9890426cce59838a05:event_117_sa_subagent_001_ea921d3b_s0_turn_26 skipping — predecessor failed
2026-09-03 07:13:44,737 - inference_perf.datagen.replay.replay_graph_session_datagen - INFO - Event wekatrace1_04b25fe5b2ffa5e7ec9890426cce59838a05:event_118_sa_subagent_001_ea921d3b_s0_turn_27 skipping — predecessor failed
2026-09-03 07:13:44,737 - inference_perf.datagen.replay.replay_graph_session_datagen - INFO - Event wekatrace1_04b25fe5b2ffa5e7ec9890426cce59838a05:event_119_sa_subagent_001_ea921d3b_s0_turn_28 skipping — predecessor failed
2026-09-03 07:13:44,738 - inference_perf.datagen.replay.replay_graph_session_datagen - INFO - Event wekatrace1_04b25fe5b2ffa5e7ec9890426cce59838a05:event_120_sa_subagent_001_ea921d3b_s0_turn_29 skipping — predecessor failed
2026-09-03 07:13:44,738 - inference_perf.datagen.replay.replay_graph_session_datagen - INFO - Event wekatrace1_04b25fe5b2ffa5e7ec9890426cce59838a05:event_121_sa_subagent_001_ea921d3b_s0_turn_30 skipping — predecessor failed
2026-09-03 07:13:44,738 - inference_perf.datagen.replay.replay_graph_session_datagen - INFO - Event wekatrace1_04b25fe5b2ffa5e7ec9890426cce59838a05:event_122_sa_subagent_001_ea921d3b_s0_turn_31 skipping — predecessor failed
2026-09-03 07:13:44,738 - inference_perf.datagen.replay.replay_graph_session_datagen - INFO - Event wekatrace1_04b25fe5b2ffa5e7ec9890426cce59838a05:event_123_sa_subagent_001_ea921d3b_s0_turn_32 skipping — predecessor failed
2026-09-03 07:13:44,739 - inference_perf.datagen.replay.replay_graph_session_datagen - INFO - Event wekatrace1_04b25fe5b2ffa5e7ec9890426cce59838a05:event_124_sa_subagent_001_ea921d3b_s0_turn_33 skipping — predecessor failed
2026-09-03 07:13:44,739 - inference_perf.datagen.replay.replay_graph_session_datagen - INFO - Event wekatrace1_04b25fe5b2ffa5e7ec9890426cce59838a05:event_125_sa_subagent_001_ea921d3b_s0_turn_34 skipping — predecessor failed
2026-09-03 07:13:44,739 - inference_perf.datagen.replay.replay_graph_session_datagen - INFO - Event wekatrace1_04b25fe5b2ffa5e7ec9890426cce59838a05:event_126_sa_subagent_001_ea921d3b_s0_turn_35 skipping — predecessor failed
2026-09-03 07:13:44,739 - inference_perf.datagen.replay.replay_graph_session_datagen - INFO - Event wekatrace1_04b25fe5b2ffa5e7ec9890426cce59838a05:event_127_sa_subagent_001_ea921d3b_s0_turn_36 skipping — predecessor failed
2026-09-03 07:13:44,739 - inference_perf.datagen.replay.replay_graph_session_datagen - INFO - Event wekatrace1_04b25fe5b2ffa5e7ec9890426cce59838a05:event_128_sa_subagent_001_ea921d3b_s0_turn_37 skipping — predecessor failed
2026-09-03 07:13:44,740 - inference_perf.datagen.replay.replay_graph_session_datagen - INFO - Event wekatrace1_04b25fe5b2ffa5e7ec9890426cce59838a05:event_129_sa_subagent_001_ea921d3b_s0_turn_38 skipping — predecessor failed
2026-09-03 07:13:45,236 - inference_perf.datagen.replay.replay_graph_session_datagen - INFO - Event wekatrace0_0475b786230f3f2e24220d28e247eaee2dae:event_168_parent_turn_127 skipping — predecessor wait failed: TimeoutError
2026-09-03 07:13:45,237 - inference_perf.datagen.replay.replay_graph_session_datagen - INFO - Event wekatrace0_0475b786230f3f2e24220d28e247eaee2dae:event_169_parent_turn_128 skipping — predecessor failed
2026-09-03 07:13:45,237 - inference_perf.datagen.replay.replay_graph_session_datagen - INFO - Event wekatrace0_0475b786230f3f2e24220d28e247eaee2dae:event_170_parent_turn_129 skipping — predecessor failed
2026-09-03 07:13:45,237 - inference_perf.datagen.replay.replay_graph_session_datagen - INFO - Event wekatrace0_0475b786230f3f2e24220d28e247eaee2dae:event_171_parent_turn_130 skipping — predecessor failed
2026-09-03 07:13:45,238 - inference_perf.datagen.replay.replay_graph_session_datagen - INFO - Event wekatrace0_0475b786230f3f2e24220d28e247eaee2dae:event_172_parent_turn_131 skipping — predecessor failed
2026-09-03 07:13:45,238 - inference_perf.datagen.replay.replay_graph_session_datagen - INFO - Event wekatrace0_0475b786230f3f2e24220d28e247eaee2dae:event_173_parent_turn_132 skipping — predecessor failed
2026-09-03 07:13:45,238 - inference_perf.datagen.replay.replay_graph_session_datagen - INFO - Event wekatrace0_0475b786230f3f2e24220d28e247eaee2dae:event_174_parent_turn_133 skipping — predecessor failed
2026-09-03 07:13:45,238 - inference_perf.datagen.replay.replay_graph_session_datagen - INFO - Event wekatrace0_0475b786230f3f2e24220d28e247eaee2dae:event_175_parent_turn_134 skipping — predecessor failed
2026-09-03 07:13:45,238 - inference_perf.datagen.replay.replay_graph_session_datagen - INFO - Event wekatrace0_0475b786230f3f2e24220d28e247eaee2dae:event_176_parent_turn_135 skipping — predecessor failed
2026-09-03 07:13:45,238 - inference_perf.datagen.replay.replay_graph_session_datagen - INFO - Event wekatrace0_0475b786230f3f2e24220d28e247eaee2dae:event_177_parent_turn_136 skipping — predecessor failed
2026-09-03 07:13:45,238 - inference_perf.datagen.replay.replay_graph_session_datagen - INFO - Event wekatrace0_0475b786230f3f2e24220d28e247eaee2dae:event_178_parent_turn_137 skipping — predecessor failed
2026-09-03 07:13:45,239 - inference_perf.datagen.replay.replay_graph_session_datagen - INFO - Event wekatrace0_0475b786230f3f2e24220d28e247eaee2dae:event_179_parent_turn_138 skipping — predecessor failed
2026-09-03 07:13:45,239 - inference_perf.datagen.replay.replay_graph_session_datagen - INFO - Event wekatrace0_0475b786230f3f2e24220d28e247eaee2dae:event_180_parent_turn_139 skipping — predecessor failed
2026-09-03 07:13:45,239 - inference_perf.datagen.replay.replay_graph_session_datagen - INFO - Event wekatrace0_0475b786230f3f2e24220d28e247eaee2dae:event_181_parent_turn_140 skipping — predecessor failed
2026-09-03 07:13:45,239 - inference_perf.datagen.replay.replay_graph_session_datagen - INFO - Event wekatrace0_0475b786230f3f2e24220d28e247eaee2dae:event_182_parent_turn_141 skipping — predecessor failed
2026-09-03 07:13:45,239 - inference_perf.datagen.replay.replay_graph_session_datagen - INFO - Event wekatrace0_0475b786230f3f2e24220d28e247eaee2dae:event_183_parent_turn_142 skipping — predecessor failed
2026-09-03 07:13:45,239 - inference_perf.datagen.replay.replay_graph_session_datagen - INFO - Event wekatrace0_0475b786230f3f2e24220d28e247eaee2dae:event_184_parent_turn_143 skipping — predecessor failed
2026-09-03 07:13:45,239 - inference_perf.datagen.replay.replay_graph_session_datagen - INFO - Event wekatrace0_0475b786230f3f2e24220d28e247eaee2dae:event_185_parent_turn_144 skipping — predecessor failed
2026-09-03 07:13:45,240 - inference_perf.datagen.replay.replay_graph_session_datagen - INFO - Event wekatrace0_0475b786230f3f2e24220d28e247eaee2dae:event_186_parent_turn_145 skipping — predecessor failed
2026-09-03 07:13:45,240 - inference_perf.datagen.replay.replay_graph_session_datagen - INFO - Event wekatrace0_0475b786230f3f2e24220d28e247eaee2dae:event_187_parent_turn_146 skipping — predecessor failed
2026-09-03 07:13:45,240 - inference_perf.datagen.replay.replay_graph_session_datagen - INFO - Event wekatrace0_0475b786230f3f2e24220d28e247eaee2dae:event_188_parent_turn_147 skipping — predecessor failed
2026-09-03 07:13:45,240 - inference_perf.datagen.replay.replay_graph_session_datagen - INFO - Event wekatrace0_0475b786230f3f2e24220d28e247eaee2dae:event_189_parent_turn_148 skipping — predecessor failed
2026-09-03 07:13:45,240 - inference_perf.datagen.replay.replay_graph_session_datagen - INFO - Event wekatrace0_0475b786230f3f2e24220d28e247eaee2dae:event_190_parent_turn_149 skipping — predecessor failed
2026-09-03 07:13:45,240 - inference_perf.datagen.replay.replay_graph_session_datagen - INFO - Event wekatrace0_0475b786230f3f2e24220d28e247eaee2dae:event_191_parent_turn_150 skipping — predecessor failed
2026-09-03 07:13:45,501 - inference_perf.datagen.replay.replay_graph_session_datagen - INFO - Event wekatrace2_05658118df5d398eec4703ce4fafe679ab30:event_103_parent_turn_53 skipping — predecessor wait failed: TimeoutError
2026-09-03 07:13:45,502 - inference_perf.datagen.replay.replay_graph_session_datagen - INFO - Event wekatrace2_05658118df5d398eec4703ce4fafe679ab30:event_104_parent_turn_54 skipping — predecessor failed
2026-09-03 07:13:45,502 - inference_perf.datagen.replay.replay_graph_session_datagen - INFO - Event wekatrace2_05658118df5d398eec4703ce4fafe679ab30:event_105_parent_turn_55 skipping — predecessor failed
2026-09-03 07:13:45,503 - inference_perf.datagen.replay.replay_graph_session_datagen - INFO - Event wekatrace2_05658118df5d398eec4703ce4fafe679ab30:event_106_parent_turn_56 skipping — predecessor failed
2026-09-03 07:13:45,503 - inference_perf.datagen.replay.replay_graph_session_datagen - INFO - Event wekatrace2_05658118df5d398eec4703ce4fafe679ab30:event_107_parent_turn_57 skipping — predecessor failed
2026-09-03 07:13:45,503 - inference_perf.datagen.replay.replay_graph_session_datagen - INFO - Event wekatrace2_05658118df5d398eec4703ce4fafe679ab30:event_108_parent_turn_58 skipping — predecessor failed
2026-09-03 07:13:45,503 - inference_perf.datagen.replay.replay_graph_session_datagen - INFO - Event wekatrace2_05658118df5d398eec4703ce4fafe679ab30:event_109_parent_turn_59 skipping — predecessor failed
2026-09-03 07:13:45,503 - inference_perf.datagen.replay.replay_graph_session_datagen - INFO - Event wekatrace2_05658118df5d398eec4703ce4fafe679ab30:event_110_parent_turn_60 skipping — predecessor failed
2026-09-03 07:13:45,504 - inference_perf.datagen.replay.replay_graph_session_datagen - INFO - Event wekatrace2_05658118df5d398eec4703ce4fafe679ab30:event_111_parent_turn_61 skipping — predecessor failed
2026-09-03 07:13:45,504 - inference_perf.datagen.replay.replay_graph_session_datagen - INFO - Event wekatrace2_05658118df5d398eec4703ce4fafe679ab30:event_112_parent_turn_62 skipping — predecessor failed
2026-09-03 07:13:45,504 - inference_perf.datagen.replay.replay_graph_session_datagen - INFO - Event wekatrace2_05658118df5d398eec4703ce4fafe679ab30:event_113_parent_turn_63 skipping — predecessor failed
2026-09-03 07:13:45,504 - inference_perf.datagen.replay.replay_graph_session_datagen - INFO - Event wekatrace2_05658118df5d398eec4703ce4fafe679ab30:event_114_parent_turn_64 skipping — predecessor failed
2026-09-03 07:13:45,504 - inference_perf.datagen.replay.replay_graph_session_datagen - INFO - Event wekatrace2_05658118df5d398eec4703ce4fafe679ab30:event_115_parent_turn_65 skipping — predecessor failed
2026-09-03 07:13:45,505 - inference_perf.datagen.replay.replay_graph_session_datagen - INFO - Event wekatrace2_05658118df5d398eec4703ce4fafe679ab30:event_116_parent_turn_66 skipping — predecessor failed
2026-09-03 07:13:45,505 - inference_perf.datagen.replay.replay_graph_session_datagen - INFO - Event wekatrace2_05658118df5d398eec4703ce4fafe679ab30:event_117_parent_turn_67 skipping — predecessor failed
2026-09-03 07:13:45,505 - inference_perf.datagen.replay.replay_graph_session_datagen - INFO - Event wekatrace2_05658118df5d398eec4703ce4fafe679ab30:event_118_parent_turn_68 skipping — predecessor failed
2026-09-03 07:13:45,505 - inference_perf.datagen.replay.replay_graph_session_datagen - INFO - Event wekatrace2_05658118df5d398eec4703ce4fafe679ab30:event_119_parent_turn_69 skipping — predecessor failed
2026-09-03 07:13:45,505 - inference_perf.datagen.replay.replay_graph_session_datagen - INFO - Event wekatrace2_05658118df5d398eec4703ce4fafe679ab30:event_120_parent_turn_70 skipping — predecessor failed
2026-09-03 07:13:45,506 - inference_perf.datagen.replay.replay_graph_session_datagen - INFO - Event wekatrace2_05658118df5d398eec4703ce4fafe679ab30:event_121_parent_turn_71 skipping — predecessor failed
2026-09-03 07:13:45,506 - inference_perf.datagen.replay.replay_graph_session_datagen - INFO - Event wekatrace2_05658118df5d398eec4703ce4fafe679ab30:event_122_parent_turn_72 skipping — predecessor failed
2026-09-03 07:13:45,506 - inference_perf.datagen.replay.replay_graph_session_datagen - INFO - Event wekatrace2_05658118df5d398eec4703ce4fafe679ab30:event_123_parent_turn_73 skipping — predecessor failed
2026-09-03 07:13:45,506 - inference_perf.datagen.replay.replay_graph_session_datagen - INFO - Event wekatrace2_05658118df5d398eec4703ce4fafe679ab30:event_124_parent_turn_74 skipping — predecessor failed
2026-09-03 07:13:45,506 - inference_perf.datagen.replay.replay_graph_session_datagen - INFO - Event wekatrace2_05658118df5d398eec4703ce4fafe679ab30:event_125_parent_turn_75 skipping — predecessor failed
2026-09-03 07:13:45,507 - inference_perf.datagen.replay.replay_graph_session_datagen - INFO - Event wekatrace2_05658118df5d398eec4703ce4fafe679ab30:event_126_parent_turn_76 skipping — predecessor failed
2026-09-03 07:13:45,507 - inference_perf.datagen.replay.replay_graph_session_datagen - INFO - Event wekatrace2_05658118df5d398eec4703ce4fafe679ab30:event_127_parent_turn_77 skipping — predecessor failed
2026-09-03 07:13:45,507 - inference_perf.datagen.replay.replay_graph_session_datagen - INFO - Event wekatrace2_05658118df5d398eec4703ce4fafe679ab30:event_128_parent_turn_78 skipping — predecessor failed
2026-09-03 07:13:45,507 - inference_perf.datagen.replay.replay_graph_session_datagen - INFO - Event wekatrace2_05658118df5d398eec4703ce4fafe679ab30:event_129_parent_turn_79 skipping — predecessor failed
2026-09-03 07:13:45,507 - inference_perf.datagen.replay.replay_graph_session_datagen - INFO - Event wekatrace2_05658118df5d398eec4703ce4fafe679ab30:event_130_parent_turn_80 skipping — predecessor failed
2026-09-03 07:13:45,508 - inference_perf.datagen.replay.replay_graph_session_datagen - INFO - Event wekatrace2_05658118df5d398eec4703ce4fafe679ab30:event_131_parent_turn_81 skipping — predecessor failed
2026-09-03 07:13:45,508 - inference_perf.datagen.replay.replay_graph_session_datagen - INFO - Event wekatrace2_05658118df5d398eec4703ce4fafe679ab30:event_132_parent_turn_82 skipping — predecessor failed
2026-09-03 07:13:45,508 - inference_perf.datagen.replay.replay_graph_session_datagen - INFO - Event wekatrace2_05658118df5d398eec4703ce4fafe679ab30:event_133_parent_turn_83 skipping — predecessor failed
2026-09-03 07:13:45,508 - inference_perf.datagen.replay.replay_graph_session_datagen - INFO - Event wekatrace2_05658118df5d398eec4703ce4fafe679ab30:event_134_parent_turn_84 skipping — predecessor failed
2026-09-03 07:13:45,508 - inference_perf.datagen.replay.replay_graph_session_datagen - INFO - Event wekatrace2_05658118df5d398eec4703ce4fafe679ab30:event_135_parent_turn_85 skipping — predecessor failed
2026-09-03 07:13:45,509 - inference_perf.datagen.replay.replay_graph_session_datagen - INFO - Event wekatrace2_05658118df5d398eec4703ce4fafe679ab30:event_136_parent_turn_86 skipping — predecessor failed
2026-09-03 07:13:45,509 - inference_perf.datagen.replay.replay_graph_session_datagen - INFO - Event wekatrace2_05658118df5d398eec4703ce4fafe679ab30:event_137_parent_turn_87 skipping — predecessor failed
2026-09-03 07:13:45,509 - inference_perf.datagen.replay.replay_graph_session_datagen - INFO - Event wekatrace2_05658118df5d398eec4703ce4fafe679ab30:event_138_parent_turn_88 skipping — predecessor failed
2026-09-03 07:13:45,509 - inference_perf.datagen.replay.replay_graph_session_datagen - INFO - Event wekatrace2_05658118df5d398eec4703ce4fafe679ab30:event_139_parent_turn_89 skipping — predecessor failed
2026-09-03 07:13:45,509 - inference_perf.datagen.replay.replay_graph_session_datagen - INFO - Event wekatrace2_05658118df5d398eec4703ce4fafe679ab30:event_140_parent_turn_90 skipping — predecessor failed
2026-09-03 07:13:45,510 - inference_perf.datagen.replay.replay_graph_session_datagen - INFO - Event wekatrace2_05658118df5d398eec4703ce4fafe679ab30:event_141_parent_turn_91 skipping — predecessor failed
2026-09-03 07:13:45,510 - inference_perf.datagen.replay.replay_graph_session_datagen - INFO - Event wekatrace2_05658118df5d398eec4703ce4fafe679ab30:event_142_parent_turn_92 skipping — predecessor failed
2026-09-03 07:13:45,510 - inference_perf.datagen.replay.replay_graph_session_datagen - INFO - Event wekatrace2_05658118df5d398eec4703ce4fafe679ab30:event_143_parent_turn_93 skipping — predecessor failed
2026-09-03 07:13:45,510 - inference_perf.datagen.replay.replay_graph_session_datagen - INFO - Event wekatrace2_05658118df5d398eec4703ce4fafe679ab30:event_144_parent_turn_94 skipping — predecessor failed
2026-09-03 07:13:45,510 - inference_perf.datagen.replay.replay_graph_session_datagen - INFO - Event wekatrace2_05658118df5d398eec4703ce4fafe679ab30:event_145_parent_turn_95 skipping — predecessor failed
2026-09-03 07:13:45,510 - inference_perf.datagen.replay.replay_graph_session_datagen - INFO - Event wekatrace2_05658118df5d398eec4703ce4fafe679ab30:event_146_parent_turn_96 skipping — predecessor failed
2026-09-03 07:13:45,510 - inference_perf.datagen.replay.replay_graph_session_datagen - INFO - Event wekatrace2_05658118df5d398eec4703ce4fafe679ab30:event_147_parent_turn_97 skipping — predecessor failed
2026-09-03 07:13:45,511 - inference_perf.datagen.replay.replay_graph_session_datagen - INFO - Event wekatrace2_05658118df5d398eec4703ce4fafe679ab30:event_148_parent_turn_98 skipping — predecessor failed
2026-09-03 07:13:45,511 - inference_perf.datagen.replay.replay_graph_session_datagen - INFO - Event wekatrace2_05658118df5d398eec4703ce4fafe679ab30:event_149_parent_turn_99 skipping — predecessor failed
2026-09-03 07:13:45,511 - inference_perf.datagen.replay.replay_graph_session_datagen - INFO - Event wekatrace2_05658118df5d398eec4703ce4fafe679ab30:event_150_parent_turn_100 skipping — predecessor failed
2026-09-03 07:13:45,511 - inference_perf.datagen.replay.replay_graph_session_datagen - INFO - Event wekatrace2_05658118df5d398eec4703ce4fafe679ab30:event_151_parent_turn_101 skipping — predecessor failed
2026-09-03 07:13:45,511 - inference_perf.datagen.replay.replay_graph_session_datagen - INFO - Event wekatrace2_05658118df5d398eec4703ce4fafe679ab30:event_152_parent_turn_102 skipping — predecessor failed
2026-09-03 07:13:45,511 - inference_perf.datagen.replay.replay_graph_session_datagen - INFO - Event wekatrace2_05658118df5d398eec4703ce4fafe679ab30:event_153_parent_turn_103 skipping — predecessor failed
2026-09-03 07:13:45,512 - inference_perf.datagen.replay.replay_graph_session_datagen - INFO - Event wekatrace2_05658118df5d398eec4703ce4fafe679ab30:event_154_parent_turn_104 skipping — predecessor failed
2026-09-03 07:13:45,512 - inference_perf.datagen.replay.replay_graph_session_datagen - INFO - Event wekatrace2_05658118df5d398eec4703ce4fafe679ab30:event_155_parent_turn_105 skipping — predecessor failed
2026-09-03 07:13:45,512 - inference_perf.datagen.replay.replay_graph_session_datagen - INFO - Event wekatrace2_05658118df5d398eec4703ce4fafe679ab30:event_156_parent_turn_106 skipping — predecessor failed
2026-09-03 07:13:45,512 - inference_perf.datagen.replay.replay_graph_session_datagen - INFO - Event wekatrace2_05658118df5d398eec4703ce4fafe679ab30:event_157_parent_turn_107 skipping — predecessor failed
2026-09-03 07:13:45,512 - inference_perf.datagen.replay.replay_graph_session_datagen - INFO - Event wekatrace2_05658118df5d398eec4703ce4fafe679ab30:event_158_parent_turn_108 skipping — predecessor failed
2026-09-03 07:13:45,512 - inference_perf.datagen.replay.replay_graph_session_datagen - INFO - Event wekatrace2_05658118df5d398eec4703ce4fafe679ab30:event_159_parent_turn_109 skipping — predecessor failed
2026-09-03 07:13:45,512 - inference_perf.datagen.replay.replay_graph_session_datagen - INFO - Event wekatrace2_05658118df5d398eec4703ce4fafe679ab30:event_160_parent_turn_110 skipping — predecessor failed
2026-09-03 07:13:45,512 - inference_perf.datagen.replay.replay_graph_session_datagen - INFO - Event wekatrace2_05658118df5d398eec4703ce4fafe679ab30:event_161_parent_turn_111 skipping — predecessor failed
2026-09-03 07:13:45,513 - inference_perf.datagen.replay.replay_graph_session_datagen - INFO - Event wekatrace2_05658118df5d398eec4703ce4fafe679ab30:event_162_parent_turn_112 skipping — predecessor failed
2026-09-03 07:13:45,513 - inference_perf.datagen.replay.replay_graph_session_datagen - INFO - Event wekatrace2_05658118df5d398eec4703ce4fafe679ab30:event_163_parent_turn_113 skipping — predecessor failed
2026-09-03 07:13:45,513 - inference_perf.datagen.replay.replay_graph_session_datagen - INFO - Event wekatrace2_05658118df5d398eec4703ce4fafe679ab30:event_164_parent_turn_114 skipping — predecessor failed
2026-09-03 07:13:45,513 - inference_perf.datagen.replay.replay_graph_session_datagen - INFO - Event wekatrace2_05658118df5d398eec4703ce4fafe679ab30:event_165_parent_turn_115 skipping — predecessor failed
2026-09-03 07:13:45,514 - inference_perf.datagen.replay.replay_graph_session_datagen - INFO - Event wekatrace2_05658118df5d398eec4703ce4fafe679ab30:event_166_parent_turn_116 skipping — predecessor failed
2026-09-03 07:13:45,514 - inference_perf.datagen.replay.replay_graph_session_datagen - INFO - Event wekatrace2_05658118df5d398eec4703ce4fafe679ab30:event_167_parent_turn_117 skipping — predecessor failed
2026-09-03 07:13:45,514 - inference_perf.datagen.replay.replay_graph_session_datagen - INFO - Event wekatrace2_05658118df5d398eec4703ce4fafe679ab30:event_168_parent_turn_118 skipping — predecessor failed
2026-09-03 07:13:45,514 - inference_perf.datagen.replay.replay_graph_session_datagen - INFO - Event wekatrace2_05658118df5d398eec4703ce4fafe679ab30:event_169_parent_turn_119 skipping — predecessor failed
2026-09-03 07:13:45,514 - inference_perf.datagen.replay.replay_graph_session_datagen - INFO - Event wekatrace2_05658118df5d398eec4703ce4fafe679ab30:event_170_parent_turn_120 skipping — predecessor failed
2026-09-03 07:13:45,515 - inference_perf.datagen.replay.replay_graph_session_datagen - INFO - Event wekatrace2_05658118df5d398eec4703ce4fafe679ab30:event_171_sa_subagent_002_18f099d9_s0_turn_0 skipping — predecessor failed
2026-09-03 07:13:45,515 - inference_perf.datagen.replay.replay_graph_session_datagen - INFO - Event wekatrace2_05658118df5d398eec4703ce4fafe679ab30:event_218_parent_turn_121 skipping — predecessor failed
2026-09-03 07:13:45,515 - inference_perf.datagen.replay.replay_graph_session_datagen - INFO - Event wekatrace2_05658118df5d398eec4703ce4fafe679ab30:event_172_sa_subagent_002_18f099d9_s0_turn_1 skipping — predecessor failed
2026-09-03 07:13:45,515 - inference_perf.datagen.replay.replay_graph_session_datagen - INFO - Event wekatrace2_05658118df5d398eec4703ce4fafe679ab30:event_219_parent_turn_122 skipping — predecessor failed
2026-09-03 07:13:45,515 - inference_perf.datagen.replay.replay_graph_session_datagen - INFO - Event wekatrace2_05658118df5d398eec4703ce4fafe679ab30:event_173_sa_subagent_002_18f099d9_s0_turn_2 skipping — predecessor failed
2026-09-03 07:13:45,515 - inference_perf.datagen.replay.replay_graph_session_datagen - INFO - Event wekatrace2_05658118df5d398eec4703ce4fafe679ab30:event_220_parent_turn_123 skipping — predecessor failed
2026-09-03 07:13:45,516 - inference_perf.datagen.replay.replay_graph_session_datagen - INFO - Event wekatrace2_05658118df5d398eec4703ce4fafe679ab30:event_174_sa_subagent_002_18f099d9_s0_turn_3 skipping — predecessor failed
2026-09-03 07:13:45,516 - inference_perf.datagen.replay.replay_graph_session_datagen - INFO - Event wekatrace2_05658118df5d398eec4703ce4fafe679ab30:event_175_sa_subagent_002_18f099d9_s0_turn_4 skipping — predecessor failed
2026-09-03 07:13:45,516 - inference_perf.datagen.replay.replay_graph_session_datagen - INFO - Event wekatrace2_05658118df5d398eec4703ce4fafe679ab30:event_176_sa_subagent_002_18f099d9_s0_turn_5 skipping — predecessor failed
2026-09-03 07:13:45,516 - inference_perf.datagen.replay.replay_graph_session_datagen - INFO - Event wekatrace2_05658118df5d398eec4703ce4fafe679ab30:event_177_sa_subagent_002_18f099d9_s0_turn_6 skipping — predecessor failed
2026-09-03 07:13:45,516 - inference_perf.datagen.replay.replay_graph_session_datagen - INFO - Event wekatrace2_05658118df5d398eec4703ce4fafe679ab30:event_178_sa_subagent_002_18f099d9_s0_turn_7 skipping — predecessor failed
2026-09-03 07:13:45,516 - inference_perf.datagen.replay.replay_graph_session_datagen - INFO - Event wekatrace2_05658118df5d398eec4703ce4fafe679ab30:event_179_sa_subagent_002_18f099d9_s0_turn_8 skipping — predecessor failed
2026-09-03 07:13:45,517 - inference_perf.datagen.replay.replay_graph_session_datagen - INFO - Event wekatrace2_05658118df5d398eec4703ce4fafe679ab30:event_180_sa_subagent_002_18f099d9_s0_turn_9 skipping — predecessor failed
2026-09-03 07:13:45,517 - inference_perf.datagen.replay.replay_graph_session_datagen - INFO - Event wekatrace2_05658118df5d398eec4703ce4fafe679ab30:event_181_sa_subagent_002_18f099d9_s0_turn_10 skipping — predecessor failed
2026-09-03 07:13:45,517 - inference_perf.datagen.replay.replay_graph_session_datagen - INFO - Event wekatrace2_05658118df5d398eec4703ce4fafe679ab30:event_182_sa_subagent_002_18f099d9_s0_turn_11 skipping — predecessor failed
2026-09-03 07:13:45,517 - inference_perf.datagen.replay.replay_graph_session_datagen - INFO - Event wekatrace2_05658118df5d398eec4703ce4fafe679ab30:event_183_sa_subagent_002_18f099d9_s0_turn_12 skipping — predecessor failed
2026-09-03 07:13:45,517 - inference_perf.datagen.replay.replay_graph_session_datagen - INFO - Event wekatrace2_05658118df5d398eec4703ce4fafe679ab30:event_184_sa_subagent_002_18f099d9_s0_turn_13 skipping — predecessor failed
2026-09-03 07:13:45,517 - inference_perf.datagen.replay.replay_graph_session_datagen - INFO - Event wekatrace2_05658118df5d398eec4703ce4fafe679ab30:event_185_sa_subagent_002_18f099d9_s0_turn_14 skipping — predecessor failed
2026-09-03 07:13:45,517 - inference_perf.datagen.replay.replay_graph_session_datagen - INFO - Event wekatrace2_05658118df5d398eec4703ce4fafe679ab30:event_186_sa_subagent_002_18f099d9_s0_turn_15 skipping — predecessor failed
2026-09-03 07:13:45,518 - inference_perf.datagen.replay.replay_graph_session_datagen - INFO - Event wekatrace2_05658118df5d398eec4703ce4fafe679ab30:event_187_sa_subagent_002_18f099d9_s0_turn_16 skipping — predecessor failed
2026-09-03 07:13:45,518 - inference_perf.datagen.replay.replay_graph_session_datagen - INFO - Event wekatrace2_05658118df5d398eec4703ce4fafe679ab30:event_188_sa_subagent_002_18f099d9_s0_turn_17 skipping — predecessor failed
2026-09-03 07:13:45,518 - inference_perf.datagen.replay.replay_graph_session_datagen - INFO - Event wekatrace2_05658118df5d398eec4703ce4fafe679ab30:event_189_sa_subagent_002_18f099d9_s0_turn_18 skipping — predecessor failed
2026-09-03 07:13:45,518 - inference_perf.datagen.replay.replay_graph_session_datagen - INFO - Event wekatrace2_05658118df5d398eec4703ce4fafe679ab30:event_190_sa_subagent_002_18f099d9_s0_turn_19 skipping — predecessor failed
2026-09-03 07:13:45,518 - inference_perf.datagen.replay.replay_graph_session_datagen - INFO - Event wekatrace2_05658118df5d398eec4703ce4fafe679ab30:event_191_sa_subagent_002_18f099d9_s0_turn_20 skipping — predecessor failed
2026-09-03 07:13:45,519 - inference_perf.datagen.replay.replay_graph_session_datagen - INFO - Event wekatrace2_05658118df5d398eec4703ce4fafe679ab30:event_192_sa_subagent_002_18f099d9_s0_turn_21 skipping — predecessor failed
2026-09-03 07:13:45,519 - inference_perf.datagen.replay.replay_graph_session_datagen - INFO - Event wekatrace2_05658118df5d398eec4703ce4fafe679ab30:event_193_sa_subagent_002_18f099d9_s0_turn_22 skipping — predecessor failed
2026-09-03 07:13:45,519 - inference_perf.datagen.replay.replay_graph_session_datagen - INFO - Event wekatrace2_05658118df5d398eec4703ce4fafe679ab30:event_194_sa_subagent_002_18f099d9_s0_turn_23 skipping — predecessor failed
2026-09-03 07:13:45,519 - inference_perf.datagen.replay.replay_graph_session_datagen - INFO - Event wekatrace2_05658118df5d398eec4703ce4fafe679ab30:event_195_sa_subagent_002_18f099d9_s0_turn_24 skipping — predecessor failed
2026-09-03 07:13:45,519 - inference_perf.datagen.replay.replay_graph_session_datagen - INFO - Event wekatrace2_05658118df5d398eec4703ce4fafe679ab30:event_196_sa_subagent_002_18f099d9_s0_turn_25 skipping — predecessor failed
2026-09-03 07:13:45,519 - inference_perf.datagen.replay.replay_graph_session_datagen - INFO - Event wekatrace2_05658118df5d398eec4703ce4fafe679ab30:event_197_sa_subagent_002_18f099d9_s0_turn_26 skipping — predecessor failed
2026-09-03 07:13:45,520 - inference_perf.datagen.replay.replay_graph_session_datagen - INFO - Event wekatrace2_05658118df5d398eec4703ce4fafe679ab30:event_198_sa_subagent_002_18f099d9_s0_turn_27 skipping — predecessor failed
2026-09-03 07:13:45,520 - inference_perf.datagen.replay.replay_graph_session_datagen - INFO - Event wekatrace2_05658118df5d398eec4703ce4fafe679ab30:event_199_sa_subagent_002_18f099d9_s0_turn_28 skipping — predecessor failed
2026-09-03 07:13:45,520 - inference_perf.datagen.replay.replay_graph_session_datagen - INFO - Event wekatrace2_05658118df5d398eec4703ce4fafe679ab30:event_200_sa_subagent_002_18f099d9_s0_turn_29 skipping — predecessor failed
2026-09-03 07:13:45,520 - inference_perf.datagen.replay.replay_graph_session_datagen - INFO - Event wekatrace2_05658118df5d398eec4703ce4fafe679ab30:event_201_sa_subagent_002_18f099d9_s0_turn_30 skipping — predecessor failed
2026-09-03 07:13:45,520 - inference_perf.datagen.replay.replay_graph_session_datagen - INFO - Event wekatrace2_05658118df5d398eec4703ce4fafe679ab30:event_202_sa_subagent_002_18f099d9_s0_turn_31 skipping — predecessor failed
2026-09-03 07:13:45,521 - inference_perf.datagen.replay.replay_graph_session_datagen - INFO - Event wekatrace2_05658118df5d398eec4703ce4fafe679ab30:event_203_sa_subagent_002_18f099d9_s0_turn_32 skipping — predecessor failed
2026-09-03 07:13:45,521 - inference_perf.datagen.replay.replay_graph_session_datagen - INFO - Event wekatrace2_05658118df5d398eec4703ce4fafe679ab30:event_204_sa_subagent_002_18f099d9_s0_turn_33 skipping — predecessor failed
2026-09-03 07:13:45,521 - inference_perf.datagen.replay.replay_graph_session_datagen - INFO - Event wekatrace2_05658118df5d398eec4703ce4fafe679ab30:event_205_sa_subagent_002_18f099d9_s0_turn_34 skipping — predecessor failed
2026-09-03 07:13:45,521 - inference_perf.datagen.replay.replay_graph_session_datagen - INFO - Event wekatrace2_05658118df5d398eec4703ce4fafe679ab30:event_206_sa_subagent_002_18f099d9_s0_turn_35 skipping — predecessor failed
2026-09-03 07:13:45,521 - inference_perf.datagen.replay.replay_graph_session_datagen - INFO - Event wekatrace2_05658118df5d398eec4703ce4fafe679ab30:event_207_sa_subagent_002_18f099d9_s0_turn_36 skipping — predecessor failed
2026-09-03 07:13:45,522 - inference_perf.datagen.replay.replay_graph_session_datagen - INFO - Event wekatrace2_05658118df5d398eec4703ce4fafe679ab30:event_208_sa_subagent_002_18f099d9_s0_turn_37 skipping — predecessor failed
2026-09-03 07:13:45,522 - inference_perf.datagen.replay.replay_graph_session_datagen - INFO - Event wekatrace2_05658118df5d398eec4703ce4fafe679ab30:event_209_sa_subagent_002_18f099d9_s0_turn_38 skipping — predecessor failed
2026-09-03 07:13:45,522 - inference_perf.datagen.replay.replay_graph_session_datagen - INFO - Event wekatrace2_05658118df5d398eec4703ce4fafe679ab30:event_210_sa_subagent_002_18f099d9_s0_turn_39 skipping — predecessor failed
2026-09-03 07:13:45,522 - inference_perf.datagen.replay.replay_graph_session_datagen - INFO - Event wekatrace2_05658118df5d398eec4703ce4fafe679ab30:event_211_sa_subagent_002_18f099d9_s0_turn_40 skipping — predecessor failed
2026-09-03 07:13:45,522 - inference_perf.datagen.replay.replay_graph_session_datagen - INFO - Event wekatrace2_05658118df5d398eec4703ce4fafe679ab30:event_212_sa_subagent_002_18f099d9_s0_turn_41 skipping — predecessor failed
2026-09-03 07:13:45,523 - inference_perf.datagen.replay.replay_graph_session_datagen - INFO - Event wekatrace2_05658118df5d398eec4703ce4fafe679ab30:event_213_sa_subagent_002_18f099d9_s0_turn_42 skipping — predecessor failed
2026-09-03 07:13:45,523 - inference_perf.datagen.replay.replay_graph_session_datagen - INFO - Event wekatrace2_05658118df5d398eec4703ce4fafe679ab30:event_214_sa_subagent_002_18f099d9_s0_turn_43 skipping — predecessor failed
2026-09-03 07:13:45,523 - inference_perf.datagen.replay.replay_graph_session_datagen - INFO - Event wekatrace2_05658118df5d398eec4703ce4fafe679ab30:event_215_sa_subagent_002_18f099d9_s0_turn_44 skipping — predecessor failed
2026-09-03 07:13:45,523 - inference_perf.datagen.replay.replay_graph_session_datagen - INFO - Event wekatrace2_05658118df5d398eec4703ce4fafe679ab30:event_216_sa_subagent_002_18f099d9_s0_turn_45 skipping — predecessor failed
2026-09-03 07:13:45,523 - inference_perf.datagen.replay.replay_graph_session_datagen - INFO - Event wekatrace2_05658118df5d398eec4703ce4fafe679ab30:event_217_sa_subagent_002_18f099d9_s0_turn_46 skipping — predecessor failed
2026-09-03 07:13:46,634 - inference_perf.datagen.replay.replay_graph_session_datagen - INFO - Event wekatrace9_0d75185d4e958ad360c16451eaa95d508edf:event_095_parent_turn_95 skipping — predecessor wait failed: TimeoutError
2026-09-03 07:13:46,635 - inference_perf.datagen.replay.replay_graph_session_datagen - INFO - Event wekatrace9_0d75185d4e958ad360c16451eaa95d508edf:event_096_parent_turn_96 skipping — predecessor failed
2026-09-03 07:13:46,635 - inference_perf.datagen.replay.replay_graph_session_datagen - INFO - Event wekatrace9_0d75185d4e958ad360c16451eaa95d508edf:event_097_parent_turn_97 skipping — predecessor failed
2026-09-03 07:13:46,636 - inference_perf.datagen.replay.replay_graph_session_datagen - INFO - Event wekatrace9_0d75185d4e958ad360c16451eaa95d508edf:event_098_parent_turn_98 skipping — predecessor failed
2026-09-03 07:13:46,636 - inference_perf.datagen.replay.replay_graph_session_datagen - INFO - Event wekatrace9_0d75185d4e958ad360c16451eaa95d508edf:event_099_parent_turn_99 skipping — predecessor failed
2026-09-03 07:13:46,636 - inference_perf.datagen.replay.replay_graph_session_datagen - INFO - Event wekatrace9_0d75185d4e958ad360c16451eaa95d508edf:event_100_parent_turn_100 skipping — predecessor failed
2026-09-03 07:13:46,636 - inference_perf.datagen.replay.replay_graph_session_datagen - INFO - Event wekatrace9_0d75185d4e958ad360c16451eaa95d508edf:event_101_parent_turn_101 skipping — predecessor failed
2026-09-03 07:13:46,636 - inference_perf.datagen.replay.replay_graph_session_datagen - INFO - Event wekatrace9_0d75185d4e958ad360c16451eaa95d508edf:event_102_parent_turn_102 skipping — predecessor failed
2026-09-03 07:13:46,636 - inference_perf.datagen.replay.replay_graph_session_datagen - INFO - Event wekatrace9_0d75185d4e958ad360c16451eaa95d508edf:event_103_parent_turn_103 skipping — predecessor failed
2026-09-03 07:13:46,636 - inference_perf.datagen.replay.replay_graph_session_datagen - INFO - Event wekatrace9_0d75185d4e958ad360c16451eaa95d508edf:event_104_parent_turn_104 skipping — predecessor failed
2026-09-03 07:13:46,637 - inference_perf.datagen.replay.replay_graph_session_datagen - INFO - Event wekatrace9_0d75185d4e958ad360c16451eaa95d508edf:event_105_parent_turn_105 skipping — predecessor failed
2026-09-03 07:13:46,637 - inference_perf.datagen.replay.replay_graph_session_datagen - INFO - Event wekatrace9_0d75185d4e958ad360c16451eaa95d508edf:event_106_parent_turn_106 skipping — predecessor failed
2026-09-03 07:13:46,637 - inference_perf.datagen.replay.replay_graph_session_datagen - INFO - Event wekatrace9_0d75185d4e958ad360c16451eaa95d508edf:event_107_parent_turn_107 skipping — predecessor failed
2026-09-03 07:13:46,637 - inference_perf.datagen.replay.replay_graph_session_datagen - INFO - Event wekatrace9_0d75185d4e958ad360c16451eaa95d508edf:event_108_parent_turn_108 skipping — predecessor failed
2026-09-03 07:13:46,637 - inference_perf.datagen.replay.replay_graph_session_datagen - INFO - Event wekatrace9_0d75185d4e958ad360c16451eaa95d508edf:event_109_parent_turn_109 skipping — predecessor failed
2026-09-03 07:13:46,637 - inference_perf.datagen.replay.replay_graph_session_datagen - INFO - Event wekatrace9_0d75185d4e958ad360c16451eaa95d508edf:event_110_parent_turn_110 skipping — predecessor failed
2026-09-03 07:13:46,638 - inference_perf.datagen.replay.replay_graph_session_datagen - INFO - Event wekatrace9_0d75185d4e958ad360c16451eaa95d508edf:event_111_parent_turn_111 skipping — predecessor failed
2026-09-03 07:13:46,638 - inference_perf.datagen.replay.replay_graph_session_datagen - INFO - Event wekatrace9_0d75185d4e958ad360c16451eaa95d508edf:event_112_parent_turn_112 skipping — predecessor failed
2026-09-03 07:13:46,638 - inference_perf.datagen.replay.replay_graph_session_datagen - INFO - Event wekatrace9_0d75185d4e958ad360c16451eaa95d508edf:event_113_parent_turn_113 skipping — predecessor failed
2026-09-03 07:13:46,638 - inference_perf.datagen.replay.replay_graph_session_datagen - INFO - Event wekatrace9_0d75185d4e958ad360c16451eaa95d508edf:event_114_parent_turn_114 skipping — predecessor failed
2026-09-03 07:13:46,638 - inference_perf.datagen.replay.replay_graph_session_datagen - INFO - Event wekatrace9_0d75185d4e958ad360c16451eaa95d508edf:event_115_parent_turn_115 skipping — predecessor failed
2026-09-03 07:13:46,638 - inference_perf.datagen.replay.replay_graph_session_datagen - INFO - Event wekatrace9_0d75185d4e958ad360c16451eaa95d508edf:event_116_parent_turn_116 skipping — predecessor failed
2026-09-03 07:13:46,638 - inference_perf.datagen.replay.replay_graph_session_datagen - INFO - Event wekatrace9_0d75185d4e958ad360c16451eaa95d508edf:event_117_parent_turn_117 skipping — predecessor failed
2026-09-03 07:13:46,639 - inference_perf.datagen.replay.replay_graph_session_datagen - INFO - Event wekatrace9_0d75185d4e958ad360c16451eaa95d508edf:event_118_parent_turn_118 skipping — predecessor failed
2026-09-03 07:13:46,639 - inference_perf.datagen.replay.replay_graph_session_datagen - INFO - Event wekatrace9_0d75185d4e958ad360c16451eaa95d508edf:event_119_parent_turn_119 skipping — predecessor failed
2026-09-03 07:13:46,639 - inference_perf.datagen.replay.replay_graph_session_datagen - INFO - Event wekatrace9_0d75185d4e958ad360c16451eaa95d508edf:event_120_parent_turn_120 skipping — predecessor failed
2026-09-03 07:13:46,639 - inference_perf.datagen.replay.replay_graph_session_datagen - INFO - Event wekatrace9_0d75185d4e958ad360c16451eaa95d508edf:event_121_parent_turn_121 skipping — predecessor failed
2026-09-03 07:13:46,639 - inference_perf.datagen.replay.replay_graph_session_datagen - INFO - Event wekatrace9_0d75185d4e958ad360c16451eaa95d508edf:event_122_parent_turn_122 skipping — predecessor failed
2026-09-03 07:13:46,639 - inference_perf.datagen.replay.replay_graph_session_datagen - INFO - Event wekatrace9_0d75185d4e958ad360c16451eaa95d508edf:event_123_parent_turn_123 skipping — predecessor failed
2026-09-03 07:13:46,639 - inference_perf.datagen.replay.replay_graph_session_datagen - INFO - Event wekatrace9_0d75185d4e958ad360c16451eaa95d508edf:event_124_parent_turn_124 skipping — predecessor failed
2026-09-03 07:13:46,640 - inference_perf.datagen.replay.replay_graph_session_datagen - INFO - Event wekatrace9_0d75185d4e958ad360c16451eaa95d508edf:event_125_parent_turn_125 skipping — predecessor failed
2026-09-03 07:13:46,640 - inference_perf.datagen.replay.replay_graph_session_datagen - INFO - Event wekatrace9_0d75185d4e958ad360c16451eaa95d508edf:event_126_parent_turn_126 skipping — predecessor failed
2026-09-03 07:13:46,640 - inference_perf.datagen.replay.replay_graph_session_datagen - INFO - Event wekatrace9_0d75185d4e958ad360c16451eaa95d508edf:event_127_parent_turn_127 skipping — predecessor failed
2026-09-03 07:13:46,640 - inference_perf.datagen.replay.replay_graph_session_datagen - INFO - Event wekatrace9_0d75185d4e958ad360c16451eaa95d508edf:event_128_parent_turn_128 skipping — predecessor failed
2026-09-03 07:13:46,640 - inference_perf.datagen.replay.replay_graph_session_datagen - INFO - Event wekatrace9_0d75185d4e958ad360c16451eaa95d508edf:event_129_parent_turn_129 skipping — predecessor failed
2026-09-03 07:13:46,640 - inference_perf.datagen.replay.replay_graph_session_datagen - INFO - Event wekatrace9_0d75185d4e958ad360c16451eaa95d508edf:event_130_parent_turn_130 skipping — predecessor failed
2026-09-03 07:13:46,641 - inference_perf.datagen.replay.replay_graph_session_datagen - INFO - Event wekatrace9_0d75185d4e958ad360c16451eaa95d508edf:event_131_parent_turn_131 skipping — predecessor failed
2026-09-03 07:13:46,641 - inference_perf.datagen.replay.replay_graph_session_datagen - INFO - Event wekatrace9_0d75185d4e958ad360c16451eaa95d508edf:event_132_parent_turn_132 skipping — predecessor failed
2026-09-03 07:13:46,641 - inference_perf.datagen.replay.replay_graph_session_datagen - INFO - Event wekatrace9_0d75185d4e958ad360c16451eaa95d508edf:event_133_parent_turn_133 skipping — predecessor failed
2026-09-03 07:13:46,641 - inference_perf.datagen.replay.replay_graph_session_datagen - INFO - Event wekatrace9_0d75185d4e958ad360c16451eaa95d508edf:event_134_parent_turn_134 skipping — predecessor failed
2026-09-03 07:13:46,641 - inference_perf.datagen.replay.replay_graph_session_datagen - INFO - Event wekatrace9_0d75185d4e958ad360c16451eaa95d508edf:event_135_parent_turn_135 skipping — predecessor failed
2026-09-03 07:13:46,642 - inference_perf.datagen.replay.replay_graph_session_datagen - INFO - Event wekatrace9_0d75185d4e958ad360c16451eaa95d508edf:event_136_parent_turn_136 skipping — predecessor failed
2026-09-03 07:13:46,642 - inference_perf.datagen.replay.replay_graph_session_datagen - INFO - Event wekatrace9_0d75185d4e958ad360c16451eaa95d508edf:event_137_parent_turn_137 skipping — predecessor failed
2026-09-03 07:13:46,642 - inference_perf.datagen.replay.replay_graph_session_datagen - INFO - Event wekatrace9_0d75185d4e958ad360c16451eaa95d508edf:event_138_parent_turn_138 skipping — predecessor failed
2026-09-03 07:13:46,642 - inference_perf.datagen.replay.replay_graph_session_datagen - INFO - Event wekatrace9_0d75185d4e958ad360c16451eaa95d508edf:event_139_parent_turn_139 skipping — predecessor failed
2026-09-03 07:13:46,642 - inference_perf.datagen.replay.replay_graph_session_datagen - INFO - Event wekatrace9_0d75185d4e958ad360c16451eaa95d508edf:event_140_parent_turn_140 skipping — predecessor failed
2026-09-03 07:13:46,642 - inference_perf.datagen.replay.replay_graph_session_datagen - INFO - Event wekatrace9_0d75185d4e958ad360c16451eaa95d508edf:event_141_parent_turn_141 skipping — predecessor failed
2026-09-03 07:13:46,642 - inference_perf.datagen.replay.replay_graph_session_datagen - INFO - Event wekatrace9_0d75185d4e958ad360c16451eaa95d508edf:event_142_parent_turn_142 skipping — predecessor failed
2026-09-03 07:13:46,643 - inference_perf.datagen.replay.replay_graph_session_datagen - INFO - Event wekatrace9_0d75185d4e958ad360c16451eaa95d508edf:event_143_parent_turn_143 skipping — predecessor failed
2026-09-03 07:13:46,643 - inference_perf.datagen.replay.replay_graph_session_datagen - INFO - Event wekatrace9_0d75185d4e958ad360c16451eaa95d508edf:event_144_parent_turn_144 skipping — predecessor failed
2026-09-03 07:13:46,643 - inference_perf.datagen.replay.replay_graph_session_datagen - INFO - Event wekatrace9_0d75185d4e958ad360c16451eaa95d508edf:event_145_parent_turn_145 skipping — predecessor failed
2026-09-03 07:13:46,643 - inference_perf.datagen.replay.replay_graph_session_datagen - INFO - Event wekatrace9_0d75185d4e958ad360c16451eaa95d508edf:event_146_parent_turn_146 skipping — predecessor failed
2026-09-03 07:13:46,643 - inference_perf.datagen.replay.replay_graph_session_datagen - INFO - Event wekatrace9_0d75185d4e958ad360c16451eaa95d508edf:event_147_parent_turn_147 skipping — predecessor failed
2026-09-03 07:13:46,643 - inference_perf.datagen.replay.replay_graph_session_datagen - INFO - Event wekatrace9_0d75185d4e958ad360c16451eaa95d508edf:event_148_parent_turn_148 skipping — predecessor failed
2026-09-03 07:13:46,643 - inference_perf.datagen.replay.replay_graph_session_datagen - INFO - Event wekatrace9_0d75185d4e958ad360c16451eaa95d508edf:event_149_parent_turn_149 skipping — predecessor failed
2026-09-03 07:13:46,644 - inference_perf.datagen.replay.replay_graph_session_datagen - INFO - Event wekatrace9_0d75185d4e958ad360c16451eaa95d508edf:event_150_parent_turn_150 skipping — predecessor failed
2026-09-03 07:13:46,644 - inference_perf.datagen.replay.replay_graph_session_datagen - INFO - Event wekatrace9_0d75185d4e958ad360c16451eaa95d508edf:event_151_parent_turn_151 skipping — predecessor failed
2026-09-03 07:13:46,644 - inference_perf.datagen.replay.replay_graph_session_datagen - INFO - Event wekatrace9_0d75185d4e958ad360c16451eaa95d508edf:event_152_sa_subagent_001_a0cde3b2_s0_turn_0 skipping — predecessor failed
2026-09-03 07:13:46,644 - inference_perf.datagen.replay.replay_graph_session_datagen - INFO - Event wekatrace9_0d75185d4e958ad360c16451eaa95d508edf:event_178_parent_turn_152 skipping — predecessor failed
2026-09-03 07:13:46,644 - inference_perf.datagen.replay.replay_graph_session_datagen - INFO - Event wekatrace9_0d75185d4e958ad360c16451eaa95d508edf:event_153_sa_subagent_001_a0cde3b2_s0_turn_1 skipping — predecessor failed
2026-09-03 07:13:46,644 - inference_perf.datagen.replay.replay_graph_session_datagen - INFO - Event wekatrace9_0d75185d4e958ad360c16451eaa95d508edf:event_179_parent_turn_153 skipping — predecessor failed
2026-09-03 07:13:46,645 - inference_perf.datagen.replay.replay_graph_session_datagen - INFO - Event wekatrace9_0d75185d4e958ad360c16451eaa95d508edf:event_154_sa_subagent_001_a0cde3b2_s0_turn_2 skipping — predecessor failed
2026-09-03 07:13:46,645 - inference_perf.datagen.replay.replay_graph_session_datagen - INFO - Event wekatrace9_0d75185d4e958ad360c16451eaa95d508edf:event_180_parent_turn_154 skipping — predecessor failed
2026-09-03 07:13:46,645 - inference_perf.datagen.replay.replay_graph_session_datagen - INFO - Event wekatrace9_0d75185d4e958ad360c16451eaa95d508edf:event_155_sa_subagent_001_a0cde3b2_s0_turn_3 skipping — predecessor failed
2026-09-03 07:13:46,645 - inference_perf.datagen.replay.replay_graph_session_datagen - INFO - Event wekatrace9_0d75185d4e958ad360c16451eaa95d508edf:event_181_parent_turn_155 skipping — predecessor failed
2026-09-03 07:13:46,645 - inference_perf.datagen.replay.replay_graph_session_datagen - INFO - Event wekatrace9_0d75185d4e958ad360c16451eaa95d508edf:event_156_sa_subagent_001_a0cde3b2_s0_turn_4 skipping — predecessor failed
2026-09-03 07:13:46,645 - inference_perf.datagen.replay.replay_graph_session_datagen - INFO - Event wekatrace9_0d75185d4e958ad360c16451eaa95d508edf:event_182_parent_turn_156 skipping — predecessor failed
2026-09-03 07:13:46,646 - inference_perf.datagen.replay.replay_graph_session_datagen - INFO - Event wekatrace9_0d75185d4e958ad360c16451eaa95d508edf:event_157_sa_subagent_001_a0cde3b2_s0_turn_5 skipping — predecessor failed
2026-09-03 07:13:46,646 - inference_perf.datagen.replay.replay_graph_session_datagen - INFO - Event wekatrace9_0d75185d4e958ad360c16451eaa95d508edf:event_183_parent_turn_157 skipping — predecessor failed
2026-09-03 07:13:46,646 - inference_perf.datagen.replay.replay_graph_session_datagen - INFO - Event wekatrace9_0d75185d4e958ad360c16451eaa95d508edf:event_158_sa_subagent_001_a0cde3b2_s0_turn_6 skipping — predecessor failed
2026-09-03 07:13:46,646 - inference_perf.datagen.replay.replay_graph_session_datagen - INFO - Event wekatrace9_0d75185d4e958ad360c16451eaa95d508edf:event_184_parent_turn_158 skipping — predecessor failed
2026-09-03 07:13:46,647 - inference_perf.datagen.replay.replay_graph_session_datagen - INFO - Event wekatrace9_0d75185d4e958ad360c16451eaa95d508edf:event_159_sa_subagent_001_a0cde3b2_s0_turn_7 skipping — predecessor failed
2026-09-03 07:13:46,647 - inference_perf.datagen.replay.replay_graph_session_datagen - INFO - Event wekatrace9_0d75185d4e958ad360c16451eaa95d508edf:event_185_parent_turn_159 skipping — predecessor failed
2026-09-03 07:13:46,647 - inference_perf.datagen.replay.replay_graph_session_datagen - INFO - Event wekatrace9_0d75185d4e958ad360c16451eaa95d508edf:event_160_sa_subagent_001_a0cde3b2_s0_turn_8 skipping — predecessor failed
2026-09-03 07:13:46,647 - inference_perf.datagen.replay.replay_graph_session_datagen - INFO - Event wekatrace9_0d75185d4e958ad360c16451eaa95d508edf:event_186_parent_turn_160 skipping — predecessor failed
2026-09-03 07:13:46,648 - inference_perf.datagen.replay.replay_graph_session_datagen - INFO - Event wekatrace9_0d75185d4e958ad360c16451eaa95d508edf:event_161_sa_subagent_001_a0cde3b2_s0_turn_9 skipping — predecessor failed
2026-09-03 07:13:46,648 - inference_perf.datagen.replay.replay_graph_session_datagen - INFO - Event wekatrace9_0d75185d4e958ad360c16451eaa95d508edf:event_187_parent_turn_161 skipping — predecessor failed
2026-09-03 07:13:46,648 - inference_perf.datagen.replay.replay_graph_session_datagen - INFO - Event wekatrace9_0d75185d4e958ad360c16451eaa95d508edf:event_162_sa_subagent_001_a0cde3b2_s0_turn_10 skipping — predecessor failed
2026-09-03 07:13:46,648 - inference_perf.datagen.replay.replay_graph_session_datagen - INFO - Event wekatrace9_0d75185d4e958ad360c16451eaa95d508edf:event_188_parent_turn_162 skipping — predecessor failed
2026-09-03 07:13:46,649 - inference_perf.datagen.replay.replay_graph_session_datagen - INFO - Event wekatrace9_0d75185d4e958ad360c16451eaa95d508edf:event_163_sa_subagent_001_a0cde3b2_s0_turn_11 skipping — predecessor failed
2026-09-03 07:13:46,649 - inference_perf.datagen.replay.replay_graph_session_datagen - INFO - Event wekatrace9_0d75185d4e958ad360c16451eaa95d508edf:event_189_parent_turn_163 skipping — predecessor failed
2026-09-03 07:13:46,649 - inference_perf.datagen.replay.replay_graph_session_datagen - INFO - Event wekatrace9_0d75185d4e958ad360c16451eaa95d508edf:event_164_sa_subagent_001_a0cde3b2_s0_turn_12 skipping — predecessor failed
2026-09-03 07:13:46,649 - inference_perf.datagen.replay.replay_graph_session_datagen - INFO - Event wekatrace9_0d75185d4e958ad360c16451eaa95d508edf:event_190_parent_turn_164 skipping — predecessor failed
2026-09-03 07:13:46,650 - inference_perf.datagen.replay.replay_graph_session_datagen - INFO - Event wekatrace9_0d75185d4e958ad360c16451eaa95d508edf:event_165_sa_subagent_001_a0cde3b2_s0_turn_13 skipping — predecessor failed
2026-09-03 07:13:46,650 - inference_perf.datagen.replay.replay_graph_session_datagen - INFO - Event wekatrace9_0d75185d4e958ad360c16451eaa95d508edf:event_191_parent_turn_165 skipping — predecessor failed
2026-09-03 07:13:46,650 - inference_perf.datagen.replay.replay_graph_session_datagen - INFO - Event wekatrace9_0d75185d4e958ad360c16451eaa95d508edf:event_166_sa_subagent_001_a0cde3b2_s0_turn_14 skipping — predecessor failed
2026-09-03 07:13:46,650 - inference_perf.datagen.replay.replay_graph_session_datagen - INFO - Event wekatrace9_0d75185d4e958ad360c16451eaa95d508edf:event_192_parent_turn_166 skipping — predecessor failed
2026-09-03 07:13:46,650 - inference_perf.datagen.replay.replay_graph_session_datagen - INFO - Event wekatrace9_0d75185d4e958ad360c16451eaa95d508edf:event_167_sa_subagent_001_a0cde3b2_s0_turn_15 skipping — predecessor failed
2026-09-03 07:13:46,650 - inference_perf.datagen.replay.replay_graph_session_datagen - INFO - Event wekatrace9_0d75185d4e958ad360c16451eaa95d508edf:event_193_parent_turn_167 skipping — predecessor failed
2026-09-03 07:13:46,651 - inference_perf.datagen.replay.replay_graph_session_datagen - INFO - Event wekatrace9_0d75185d4e958ad360c16451eaa95d508edf:event_168_sa_subagent_001_a0cde3b2_s0_turn_16 skipping — predecessor failed
2026-09-03 07:13:46,651 - inference_perf.datagen.replay.replay_graph_session_datagen - INFO - Event wekatrace9_0d75185d4e958ad360c16451eaa95d508edf:event_194_parent_turn_168 skipping — predecessor failed
2026-09-03 07:13:46,651 - inference_perf.datagen.replay.replay_graph_session_datagen - INFO - Event wekatrace9_0d75185d4e958ad360c16451eaa95d508edf:event_169_sa_subagent_001_a0cde3b2_s0_turn_17 skipping — predecessor failed
2026-09-03 07:13:46,651 - inference_perf.datagen.replay.replay_graph_session_datagen - INFO - Event wekatrace9_0d75185d4e958ad360c16451eaa95d508edf:event_195_parent_turn_169 skipping — predecessor failed
2026-09-03 07:13:46,651 - inference_perf.datagen.replay.replay_graph_session_datagen - INFO - Event wekatrace9_0d75185d4e958ad360c16451eaa95d508edf:event_170_sa_subagent_001_a0cde3b2_s0_turn_18 skipping — predecessor failed
2026-09-03 07:13:46,651 - inference_perf.datagen.replay.replay_graph_session_datagen - INFO - Event wekatrace9_0d75185d4e958ad360c16451eaa95d508edf:event_196_parent_turn_170 skipping — predecessor failed
2026-09-03 07:13:46,652 - inference_perf.datagen.replay.replay_graph_session_datagen - INFO - Event wekatrace9_0d75185d4e958ad360c16451eaa95d508edf:event_171_sa_subagent_001_a0cde3b2_s0_turn_19 skipping — predecessor failed
2026-09-03 07:13:46,652 - inference_perf.datagen.replay.replay_graph_session_datagen - INFO - Event wekatrace9_0d75185d4e958ad360c16451eaa95d508edf:event_197_parent_turn_171 skipping — predecessor failed
2026-09-03 07:13:46,652 - inference_perf.datagen.replay.replay_graph_session_datagen - INFO - Event wekatrace9_0d75185d4e958ad360c16451eaa95d508edf:event_172_sa_subagent_001_a0cde3b2_s0_turn_20 skipping — predecessor failed
2026-09-03 07:13:46,652 - inference_perf.datagen.replay.replay_graph_session_datagen - INFO - Event wekatrace9_0d75185d4e958ad360c16451eaa95d508edf:event_198_parent_turn_172 skipping — predecessor failed
2026-09-03 07:13:46,652 - inference_perf.datagen.replay.replay_graph_session_datagen - INFO - Event wekatrace9_0d75185d4e958ad360c16451eaa95d508edf:event_173_sa_subagent_001_a0cde3b2_s0_turn_21 skipping — predecessor failed
2026-09-03 07:13:46,652 - inference_perf.datagen.replay.replay_graph_session_datagen - INFO - Event wekatrace9_0d75185d4e958ad360c16451eaa95d508edf:event_199_parent_turn_173 skipping — predecessor failed
2026-09-03 07:13:46,653 - inference_perf.datagen.replay.replay_graph_session_datagen - INFO - Event wekatrace9_0d75185d4e958ad360c16451eaa95d508edf:event_174_sa_subagent_001_a0cde3b2_s0_turn_22 skipping — predecessor failed
2026-09-03 07:13:46,653 - inference_perf.datagen.replay.replay_graph_session_datagen - INFO - Event wekatrace9_0d75185d4e958ad360c16451eaa95d508edf:event_200_parent_turn_174 skipping — predecessor failed
2026-09-03 07:13:46,653 - inference_perf.datagen.replay.replay_graph_session_datagen - INFO - Event wekatrace9_0d75185d4e958ad360c16451eaa95d508edf:event_175_sa_subagent_001_a0cde3b2_s0_turn_23 skipping — predecessor failed
2026-09-03 07:13:46,653 - inference_perf.datagen.replay.replay_graph_session_datagen - INFO - Event wekatrace9_0d75185d4e958ad360c16451eaa95d508edf:event_201_parent_turn_175 skipping — predecessor failed
2026-09-03 07:13:46,653 - inference_perf.datagen.replay.replay_graph_session_datagen - INFO - Event wekatrace9_0d75185d4e958ad360c16451eaa95d508edf:event_176_sa_subagent_001_a0cde3b2_s0_turn_24 skipping — predecessor failed
2026-09-03 07:13:46,653 - inference_perf.datagen.replay.replay_graph_session_datagen - INFO - Event wekatrace9_0d75185d4e958ad360c16451eaa95d508edf:event_202_parent_turn_176 skipping — predecessor failed
2026-09-03 07:13:46,654 - inference_perf.datagen.replay.replay_graph_session_datagen - INFO - Event wekatrace9_0d75185d4e958ad360c16451eaa95d508edf:event_177_sa_subagent_001_a0cde3b2_s0_turn_25 skipping — predecessor failed
2026-09-03 07:13:46,654 - inference_perf.datagen.replay.replay_graph_session_datagen - INFO - Event wekatrace9_0d75185d4e958ad360c16451eaa95d508edf:event_203_parent_turn_177 skipping — predecessor failed
2026-09-03 07:13:46,654 - inference_perf.datagen.replay.replay_graph_session_datagen - INFO - Event wekatrace9_0d75185d4e958ad360c16451eaa95d508edf:event_204_parent_turn_178 skipping — predecessor failed
2026-09-03 07:13:46,654 - inference_perf.datagen.replay.replay_graph_session_datagen - INFO - Event wekatrace9_0d75185d4e958ad360c16451eaa95d508edf:event_205_parent_turn_179 skipping — predecessor failed
2026-09-03 07:13:46,655 - inference_perf.datagen.replay.replay_graph_session_datagen - INFO - Event wekatrace9_0d75185d4e958ad360c16451eaa95d508edf:event_206_parent_turn_180 skipping — predecessor failed
2026-09-03 07:13:46,655 - inference_perf.datagen.replay.replay_graph_session_datagen - INFO - Event wekatrace9_0d75185d4e958ad360c16451eaa95d508edf:event_207_parent_turn_181 skipping — predecessor failed
2026-09-03 07:13:46,655 - inference_perf.datagen.replay.replay_graph_session_datagen - INFO - Event wekatrace9_0d75185d4e958ad360c16451eaa95d508edf:event_208_parent_turn_182 skipping — predecessor failed
2026-09-03 07:13:46,655 - inference_perf.datagen.replay.replay_graph_session_datagen - INFO - Event wekatrace9_0d75185d4e958ad360c16451eaa95d508edf:event_209_parent_turn_183 skipping — predecessor failed
2026-09-03 07:13:46,774 - inference_perf.datagen.replay.replay_graph_session_datagen - INFO - Event wekatrace8_0b4a56f22f01dc235b7ce1cc3aeabd6943e8:event_155_sa_subagent_004_8ad50d22_s0_turn_18 skipping — predecessor wait failed: TimeoutError
2026-09-03 07:13:46,774 - inference_perf.datagen.replay.replay_graph_session_datagen - INFO - Event wekatrace8_0b4a56f22f01dc235b7ce1cc3aeabd6943e8:event_156_sa_subagent_004_8ad50d22_s0_turn_19 skipping — predecessor failed
2026-09-03 07:13:46,775 - inference_perf.datagen.replay.replay_graph_session_datagen - INFO - Event wekatrace8_0b4a56f22f01dc235b7ce1cc3aeabd6943e8:event_157_sa_subagent_004_8ad50d22_s0_turn_20 skipping — predecessor failed
2026-09-03 07:13:46,775 - inference_perf.datagen.replay.replay_graph_session_datagen - INFO - Event wekatrace8_0b4a56f22f01dc235b7ce1cc3aeabd6943e8:event_158_sa_subagent_004_8ad50d22_s0_turn_21 skipping — predecessor failed
2026-09-03 07:13:46,775 - inference_perf.datagen.replay.replay_graph_session_datagen - INFO - Event wekatrace8_0b4a56f22f01dc235b7ce1cc3aeabd6943e8:event_159_sa_subagent_004_8ad50d22_s0_turn_22 skipping — predecessor failed
2026-09-03 07:13:46,775 - inference_perf.datagen.replay.replay_graph_session_datagen - INFO - Event wekatrace8_0b4a56f22f01dc235b7ce1cc3aeabd6943e8:event_160_sa_subagent_004_8ad50d22_s0_turn_23 skipping — predecessor failed
2026-09-03 07:13:46,775 - inference_perf.datagen.replay.replay_graph_session_datagen - INFO - Event wekatrace8_0b4a56f22f01dc235b7ce1cc3aeabd6943e8:event_161_sa_subagent_004_8ad50d22_s0_turn_24 skipping — predecessor failed
2026-09-03 07:13:46,775 - inference_perf.datagen.replay.replay_graph_session_datagen - INFO - Event wekatrace8_0b4a56f22f01dc235b7ce1cc3aeabd6943e8:event_162_sa_subagent_004_8ad50d22_s0_turn_25 skipping — predecessor failed
2026-09-03 07:13:46,775 - inference_perf.datagen.replay.replay_graph_session_datagen - INFO - Event wekatrace8_0b4a56f22f01dc235b7ce1cc3aeabd6943e8:event_163_sa_subagent_005_59c63173_s0_turn_0 skipping — predecessor failed
2026-09-03 07:13:46,776 - inference_perf.datagen.replay.replay_graph_session_datagen - INFO - Event wekatrace8_0b4a56f22f01dc235b7ce1cc3aeabd6943e8:event_164_sa_subagent_005_59c63173_s0_turn_1 skipping — predecessor failed
2026-09-03 07:13:46,777 - inference_perf.datagen.replay.replay_graph_session_datagen - INFO - Event wekatrace8_0b4a56f22f01dc235b7ce1cc3aeabd6943e8:event_165_sa_subagent_005_59c63173_s0_turn_2 skipping — predecessor failed
2026-09-03 07:13:46,777 - inference_perf.datagen.replay.replay_graph_session_datagen - INFO - Event wekatrace8_0b4a56f22f01dc235b7ce1cc3aeabd6943e8:event_166_sa_subagent_005_59c63173_s0_turn_3 skipping — predecessor failed
2026-09-03 07:13:46,777 - inference_perf.datagen.replay.replay_graph_session_datagen - INFO - Event wekatrace8_0b4a56f22f01dc235b7ce1cc3aeabd6943e8:event_167_sa_subagent_005_59c63173_s0_turn_4 skipping — predecessor failed
2026-09-03 07:13:46,778 - inference_perf.datagen.replay.replay_graph_session_datagen - INFO - Event wekatrace8_0b4a56f22f01dc235b7ce1cc3aeabd6943e8:event_168_sa_subagent_005_59c63173_s0_turn_5 skipping — predecessor failed
2026-09-03 07:13:46,778 - inference_perf.datagen.replay.replay_graph_session_datagen - INFO - Event wekatrace8_0b4a56f22f01dc235b7ce1cc3aeabd6943e8:event_169_sa_subagent_005_59c63173_s0_turn_6 skipping — predecessor failed
2026-09-03 07:13:46,778 - inference_perf.datagen.replay.replay_graph_session_datagen - INFO - Event wekatrace8_0b4a56f22f01dc235b7ce1cc3aeabd6943e8:event_170_sa_subagent_005_59c63173_s0_turn_7 skipping — predecessor failed
2026-09-03 07:13:46,778 - inference_perf.datagen.replay.replay_graph_session_datagen - INFO - Event wekatrace8_0b4a56f22f01dc235b7ce1cc3aeabd6943e8:event_171_sa_subagent_005_59c63173_s0_turn_8 skipping — predecessor failed
2026-09-03 07:13:46,778 - inference_perf.datagen.replay.replay_graph_session_datagen - INFO - Event wekatrace8_0b4a56f22f01dc235b7ce1cc3aeabd6943e8:event_172_sa_subagent_005_59c63173_s0_turn_9 skipping — predecessor failed
2026-09-03 07:13:46,778 - inference_perf.datagen.replay.replay_graph_session_datagen - INFO - Event wekatrace8_0b4a56f22f01dc235b7ce1cc3aeabd6943e8:event_173_sa_subagent_005_59c63173_s0_turn_10 skipping — predecessor failed
2026-09-03 07:13:46,778 - inference_perf.datagen.replay.replay_graph_session_datagen - INFO - Event wekatrace8_0b4a56f22f01dc235b7ce1cc3aeabd6943e8:event_174_sa_subagent_005_59c63173_s0_turn_11 skipping — predecessor failed
2026-09-03 07:13:46,778 - inference_perf.datagen.replay.replay_graph_session_datagen - INFO - Event wekatrace8_0b4a56f22f01dc235b7ce1cc3aeabd6943e8:event_175_sa_subagent_005_59c63173_s0_turn_12 skipping — predecessor failed
2026-09-03 07:13:46,778 - inference_perf.datagen.replay.replay_graph_session_datagen - INFO - Event wekatrace8_0b4a56f22f01dc235b7ce1cc3aeabd6943e8:event_176_sa_subagent_005_59c63173_s0_turn_13 skipping — predecessor failed
2026-09-03 07:13:46,779 - inference_perf.datagen.replay.replay_graph_session_datagen - INFO - Event wekatrace8_0b4a56f22f01dc235b7ce1cc3aeabd6943e8:event_177_parent_turn_53 skipping — predecessor failed
2026-09-03 07:13:46,779 - inference_perf.datagen.replay.replay_graph_session_datagen - INFO - Event wekatrace8_0b4a56f22f01dc235b7ce1cc3aeabd6943e8:event_178_parent_turn_54 skipping — predecessor failed
2026-09-03 07:13:46,779 - inference_perf.datagen.replay.replay_graph_session_datagen - INFO - Event wekatrace8_0b4a56f22f01dc235b7ce1cc3aeabd6943e8:event_179_parent_turn_55 skipping — predecessor failed
2026-09-03 07:13:46,779 - inference_perf.datagen.replay.replay_graph_session_datagen - INFO - Event wekatrace8_0b4a56f22f01dc235b7ce1cc3aeabd6943e8:event_180_parent_turn_56 skipping — predecessor failed
2026-09-03 07:13:46,779 - inference_perf.datagen.replay.replay_graph_session_datagen - INFO - Event wekatrace8_0b4a56f22f01dc235b7ce1cc3aeabd6943e8:event_181_parent_turn_57 skipping — predecessor failed
2026-09-03 07:13:46,779 - inference_perf.datagen.replay.replay_graph_session_datagen - INFO - Event wekatrace8_0b4a56f22f01dc235b7ce1cc3aeabd6943e8:event_182_parent_turn_58 skipping — predecessor failed
2026-09-03 07:13:46,779 - inference_perf.datagen.replay.replay_graph_session_datagen - INFO - Event wekatrace8_0b4a56f22f01dc235b7ce1cc3aeabd6943e8:event_183_parent_turn_59 skipping — predecessor failed
2026-09-03 07:13:46,779 - inference_perf.datagen.replay.replay_graph_session_datagen - INFO - Event wekatrace8_0b4a56f22f01dc235b7ce1cc3aeabd6943e8:event_184_parent_turn_60 skipping — predecessor failed
2026-09-03 07:13:46,779 - inference_perf.datagen.replay.replay_graph_session_datagen - INFO - Event wekatrace8_0b4a56f22f01dc235b7ce1cc3aeabd6943e8:event_185_parent_turn_61 skipping — predecessor failed
2026-09-03 07:13:46,779 - inference_perf.datagen.replay.replay_graph_session_datagen - INFO - Event wekatrace8_0b4a56f22f01dc235b7ce1cc3aeabd6943e8:event_186_parent_turn_62 skipping — predecessor failed
2026-09-03 07:13:46,780 - inference_perf.datagen.replay.replay_graph_session_datagen - INFO - Event wekatrace8_0b4a56f22f01dc235b7ce1cc3aeabd6943e8:event_187_parent_turn_63 skipping — predecessor failed
2026-09-03 07:13:46,780 - inference_perf.datagen.replay.replay_graph_session_datagen - INFO - Event wekatrace8_0b4a56f22f01dc235b7ce1cc3aeabd6943e8:event_188_parent_turn_64 skipping — predecessor failed
2026-09-03 07:13:46,780 - inference_perf.datagen.replay.replay_graph_session_datagen - INFO - Event wekatrace8_0b4a56f22f01dc235b7ce1cc3aeabd6943e8:event_189_parent_turn_65 skipping — predecessor failed
2026-09-03 07:13:46,780 - inference_perf.datagen.replay.replay_graph_session_datagen - INFO - Event wekatrace8_0b4a56f22f01dc235b7ce1cc3aeabd6943e8:event_190_parent_turn_66 skipping — predecessor failed
2026-09-03 07:13:46,780 - inference_perf.datagen.replay.replay_graph_session_datagen - INFO - Event wekatrace8_0b4a56f22f01dc235b7ce1cc3aeabd6943e8:event_191_parent_turn_67 skipping — predecessor failed
2026-09-03 07:13:46,780 - inference_perf.datagen.replay.replay_graph_session_datagen - INFO - Event wekatrace8_0b4a56f22f01dc235b7ce1cc3aeabd6943e8:event_192_parent_turn_68 skipping — predecessor failed
2026-09-03 07:13:46,780 - inference_perf.datagen.replay.replay_graph_session_datagen - INFO - Event wekatrace8_0b4a56f22f01dc235b7ce1cc3aeabd6943e8:event_193_parent_turn_69 skipping — predecessor failed
2026-09-03 07:13:46,780 - inference_perf.datagen.replay.replay_graph_session_datagen - INFO - Event wekatrace8_0b4a56f22f01dc235b7ce1cc3aeabd6943e8:event_194_parent_turn_70 skipping — predecessor failed
2026-09-03 07:13:46,780 - inference_perf.datagen.replay.replay_graph_session_datagen - INFO - Event wekatrace8_0b4a56f22f01dc235b7ce1cc3aeabd6943e8:event_195_parent_turn_71 skipping — predecessor failed
2026-09-03 07:13:46,780 - inference_perf.datagen.replay.replay_graph_session_datagen - INFO - Event wekatrace8_0b4a56f22f01dc235b7ce1cc3aeabd6943e8:event_196_parent_turn_72 skipping — predecessor failed
2026-09-03 07:13:46,780 - inference_perf.datagen.replay.replay_graph_session_datagen - INFO - Event wekatrace8_0b4a56f22f01dc235b7ce1cc3aeabd6943e8:event_197_parent_turn_73 skipping — predecessor failed
2026-09-03 07:13:46,781 - inference_perf.datagen.replay.replay_graph_session_datagen - INFO - Event wekatrace8_0b4a56f22f01dc235b7ce1cc3aeabd6943e8:event_198_parent_turn_74 skipping — predecessor failed
2026-09-03 07:13:46,781 - inference_perf.datagen.replay.replay_graph_session_datagen - INFO - Event wekatrace8_0b4a56f22f01dc235b7ce1cc3aeabd6943e8:event_199_parent_turn_75 skipping — predecessor failed
2026-09-03 07:13:46,781 - inference_perf.datagen.replay.replay_graph_session_datagen - INFO - Event wekatrace8_0b4a56f22f01dc235b7ce1cc3aeabd6943e8:event_200_parent_turn_76 skipping — predecessor failed
2026-09-03 07:13:46,781 - inference_perf.datagen.replay.replay_graph_session_datagen - INFO - Event wekatrace8_0b4a56f22f01dc235b7ce1cc3aeabd6943e8:event_201_parent_turn_77 skipping — predecessor failed
2026-09-03 07:13:46,781 - inference_perf.datagen.replay.replay_graph_session_datagen - INFO - Event wekatrace8_0b4a56f22f01dc235b7ce1cc3aeabd6943e8:event_202_parent_turn_78 skipping — predecessor failed
2026-09-03 07:13:46,781 - inference_perf.datagen.replay.replay_graph_session_datagen - INFO - Event wekatrace8_0b4a56f22f01dc235b7ce1cc3aeabd6943e8:event_203_parent_turn_79 skipping — predecessor failed
2026-09-03 07:13:46,781 - inference_perf.datagen.replay.replay_graph_session_datagen - INFO - Event wekatrace8_0b4a56f22f01dc235b7ce1cc3aeabd6943e8:event_204_parent_turn_80 skipping — predecessor failed
2026-09-03 07:13:46,781 - inference_perf.datagen.replay.replay_graph_session_datagen - INFO - Event wekatrace8_0b4a56f22f01dc235b7ce1cc3aeabd6943e8:event_205_parent_turn_81 skipping — predecessor failed
2026-09-03 07:13:46,781 - inference_perf.datagen.replay.replay_graph_session_datagen - INFO - Event wekatrace8_0b4a56f22f01dc235b7ce1cc3aeabd6943e8:event_206_parent_turn_82 skipping — predecessor failed
2026-09-03 07:13:46,782 - inference_perf.datagen.replay.replay_graph_session_datagen - INFO - Event wekatrace8_0b4a56f22f01dc235b7ce1cc3aeabd6943e8:event_207_parent_turn_83 skipping — predecessor failed
2026-09-03 07:13:46,782 - inference_perf.datagen.replay.replay_graph_session_datagen - INFO - Event wekatrace8_0b4a56f22f01dc235b7ce1cc3aeabd6943e8:event_208_parent_turn_84 skipping — predecessor failed
2026-09-03 07:13:46,782 - inference_perf.datagen.replay.replay_graph_session_datagen - INFO - Event wekatrace8_0b4a56f22f01dc235b7ce1cc3aeabd6943e8:event_209_parent_turn_85 skipping — predecessor failed
2026-09-03 07:13:46,782 - inference_perf.datagen.replay.replay_graph_session_datagen - INFO - Event wekatrace8_0b4a56f22f01dc235b7ce1cc3aeabd6943e8:event_210_parent_turn_86 skipping — predecessor failed
2026-09-03 07:13:46,782 - inference_perf.datagen.replay.replay_graph_session_datagen - INFO - Event wekatrace8_0b4a56f22f01dc235b7ce1cc3aeabd6943e8:event_211_parent_turn_87 skipping — predecessor failed
2026-09-03 07:13:46,782 - inference_perf.datagen.replay.replay_graph_session_datagen - INFO - Event wekatrace8_0b4a56f22f01dc235b7ce1cc3aeabd6943e8:event_212_parent_turn_88 skipping — predecessor failed
2026-09-03 07:13:46,782 - inference_perf.datagen.replay.replay_graph_session_datagen - INFO - Event wekatrace8_0b4a56f22f01dc235b7ce1cc3aeabd6943e8:event_213_parent_turn_89 skipping — predecessor failed
2026-09-03 07:13:46,782 - inference_perf.datagen.replay.replay_graph_session_datagen - INFO - Event wekatrace8_0b4a56f22f01dc235b7ce1cc3aeabd6943e8:event_214_parent_turn_90 skipping — predecessor failed
2026-09-03 07:13:46,782 - inference_perf.datagen.replay.replay_graph_session_datagen - INFO - Event wekatrace8_0b4a56f22f01dc235b7ce1cc3aeabd6943e8:event_215_parent_turn_91 skipping — predecessor failed
2026-09-03 07:13:46,783 - inference_perf.datagen.replay.replay_graph_session_datagen - INFO - Event wekatrace8_0b4a56f22f01dc235b7ce1cc3aeabd6943e8:event_216_parent_turn_92 skipping — predecessor failed
2026-09-03 07:13:46,783 - inference_perf.datagen.replay.replay_graph_session_datagen - INFO - Event wekatrace8_0b4a56f22f01dc235b7ce1cc3aeabd6943e8:event_217_parent_turn_93 skipping — predecessor failed
2026-09-03 07:13:46,783 - inference_perf.datagen.replay.replay_graph_session_datagen - INFO - Event wekatrace8_0b4a56f22f01dc235b7ce1cc3aeabd6943e8:event_218_parent_turn_94 skipping — predecessor failed
2026-09-03 07:13:46,783 - inference_perf.datagen.replay.replay_graph_session_datagen - INFO - Event wekatrace8_0b4a56f22f01dc235b7ce1cc3aeabd6943e8:event_219_parent_turn_95 skipping — predecessor failed
2026-09-03 07:13:46,783 - inference_perf.datagen.replay.replay_graph_session_datagen - INFO - Event wekatrace8_0b4a56f22f01dc235b7ce1cc3aeabd6943e8:event_220_parent_turn_96 skipping — predecessor failed
2026-09-03 07:13:46,783 - inference_perf.datagen.replay.replay_graph_session_datagen - INFO - Event wekatrace8_0b4a56f22f01dc235b7ce1cc3aeabd6943e8:event_221_parent_turn_97 skipping — predecessor failed
2026-09-03 07:13:46,783 - inference_perf.datagen.replay.replay_graph_session_datagen - INFO - Event wekatrace8_0b4a56f22f01dc235b7ce1cc3aeabd6943e8:event_222_parent_turn_98 skipping — predecessor failed
2026-09-03 07:13:46,783 - inference_perf.datagen.replay.replay_graph_session_datagen - INFO - Event wekatrace8_0b4a56f22f01dc235b7ce1cc3aeabd6943e8:event_223_parent_turn_99 skipping — predecessor failed
2026-09-03 07:13:46,783 - inference_perf.datagen.replay.replay_graph_session_datagen - INFO - Event wekatrace8_0b4a56f22f01dc235b7ce1cc3aeabd6943e8:event_224_parent_turn_100 skipping — predecessor failed
2026-09-03 07:13:46,784 - inference_perf.datagen.replay.replay_graph_session_datagen - INFO - Event wekatrace8_0b4a56f22f01dc235b7ce1cc3aeabd6943e8:event_225_parent_turn_101 skipping — predecessor failed
2026-09-03 07:13:46,784 - inference_perf.datagen.replay.replay_graph_session_datagen - INFO - Event wekatrace8_0b4a56f22f01dc235b7ce1cc3aeabd6943e8:event_226_parent_turn_102 skipping — predecessor failed
2026-09-03 07:13:46,784 - inference_perf.datagen.replay.replay_graph_session_datagen - INFO - Event wekatrace8_0b4a56f22f01dc235b7ce1cc3aeabd6943e8:event_227_parent_turn_103 skipping — predecessor failed
2026-09-03 07:13:46,784 - inference_perf.datagen.replay.replay_graph_session_datagen - INFO - Event wekatrace8_0b4a56f22f01dc235b7ce1cc3aeabd6943e8:event_228_parent_turn_104 skipping — predecessor failed
2026-09-03 07:13:46,784 - inference_perf.datagen.replay.replay_graph_session_datagen - INFO - Event wekatrace8_0b4a56f22f01dc235b7ce1cc3aeabd6943e8:event_229_parent_turn_105 skipping — predecessor failed
2026-09-03 07:13:46,785 - inference_perf.datagen.replay.replay_graph_session_datagen - INFO - Event wekatrace8_0b4a56f22f01dc235b7ce1cc3aeabd6943e8:event_230_parent_turn_106 skipping — predecessor failed
2026-09-03 07:13:46,785 - inference_perf.datagen.replay.replay_graph_session_datagen - INFO - Event wekatrace8_0b4a56f22f01dc235b7ce1cc3aeabd6943e8:event_231_parent_turn_107 skipping — predecessor failed
2026-09-03 07:13:46,785 - inference_perf.datagen.replay.replay_graph_session_datagen - INFO - Event wekatrace8_0b4a56f22f01dc235b7ce1cc3aeabd6943e8:event_232_parent_turn_108 skipping — predecessor failed
2026-09-03 07:13:46,785 - inference_perf.datagen.replay.replay_graph_session_datagen - INFO - Event wekatrace8_0b4a56f22f01dc235b7ce1cc3aeabd6943e8:event_233_parent_turn_109 skipping — predecessor failed
2026-09-03 07:13:46,785 - inference_perf.datagen.replay.replay_graph_session_datagen - INFO - Event wekatrace8_0b4a56f22f01dc235b7ce1cc3aeabd6943e8:event_234_parent_turn_110 skipping — predecessor failed
2026-09-03 07:13:46,785 - inference_perf.datagen.replay.replay_graph_session_datagen - INFO - Event wekatrace8_0b4a56f22f01dc235b7ce1cc3aeabd6943e8:event_235_sa_subagent_006_30a5a208_s0_turn_0 skipping — predecessor failed
2026-09-03 07:13:46,785 - inference_perf.datagen.replay.replay_graph_session_datagen - INFO - Event wekatrace8_0b4a56f22f01dc235b7ce1cc3aeabd6943e8:event_261_parent_turn_111 skipping — predecessor failed
2026-09-03 07:13:46,785 - inference_perf.datagen.replay.replay_graph_session_datagen - INFO - Event wekatrace8_0b4a56f22f01dc235b7ce1cc3aeabd6943e8:event_236_sa_subagent_006_30a5a208_s0_turn_1 skipping — predecessor failed
2026-09-03 07:13:46,785 - inference_perf.datagen.replay.replay_graph_session_datagen - INFO - Event wekatrace8_0b4a56f22f01dc235b7ce1cc3aeabd6943e8:event_262_parent_turn_112 skipping — predecessor failed
2026-09-03 07:13:46,785 - inference_perf.datagen.replay.replay_graph_session_datagen - INFO - Event wekatrace8_0b4a56f22f01dc235b7ce1cc3aeabd6943e8:event_237_sa_subagent_006_30a5a208_s0_turn_2 skipping — predecessor failed
2026-09-03 07:13:46,786 - inference_perf.datagen.replay.replay_graph_session_datagen - INFO - Event wekatrace8_0b4a56f22f01dc235b7ce1cc3aeabd6943e8:event_263_parent_turn_113 skipping — predecessor failed
2026-09-03 07:13:46,786 - inference_perf.datagen.replay.replay_graph_session_datagen - INFO - Event wekatrace8_0b4a56f22f01dc235b7ce1cc3aeabd6943e8:event_238_sa_subagent_006_30a5a208_s0_turn_3 skipping — predecessor failed
2026-09-03 07:13:46,786 - inference_perf.datagen.replay.replay_graph_session_datagen - INFO - Event wekatrace8_0b4a56f22f01dc235b7ce1cc3aeabd6943e8:event_264_parent_turn_114 skipping — predecessor failed
2026-09-03 07:13:46,786 - inference_perf.datagen.replay.replay_graph_session_datagen - INFO - Event wekatrace8_0b4a56f22f01dc235b7ce1cc3aeabd6943e8:event_239_sa_subagent_006_30a5a208_s0_turn_4 skipping — predecessor failed
2026-09-03 07:13:46,786 - inference_perf.datagen.replay.replay_graph_session_datagen - INFO - Event wekatrace8_0b4a56f22f01dc235b7ce1cc3aeabd6943e8:event_265_parent_turn_115 skipping — predecessor failed
2026-09-03 07:13:46,786 - inference_perf.datagen.replay.replay_graph_session_datagen - INFO - Event wekatrace8_0b4a56f22f01dc235b7ce1cc3aeabd6943e8:event_240_sa_subagent_006_30a5a208_s0_turn_5 skipping — predecessor failed
2026-09-03 07:13:46,786 - inference_perf.datagen.replay.replay_graph_session_datagen - INFO - Event wekatrace8_0b4a56f22f01dc235b7ce1cc3aeabd6943e8:event_266_parent_turn_116 skipping — predecessor failed
2026-09-03 07:13:46,786 - inference_perf.datagen.replay.replay_graph_session_datagen - INFO - Event wekatrace8_0b4a56f22f01dc235b7ce1cc3aeabd6943e8:event_241_sa_subagent_006_30a5a208_s0_turn_6 skipping — predecessor failed
2026-09-03 07:13:46,786 - inference_perf.datagen.replay.replay_graph_session_datagen - INFO - Event wekatrace8_0b4a56f22f01dc235b7ce1cc3aeabd6943e8:event_267_parent_turn_117 skipping — predecessor failed
2026-09-03 07:13:46,786 - inference_perf.datagen.replay.replay_graph_session_datagen - INFO - Event wekatrace8_0b4a56f22f01dc235b7ce1cc3aeabd6943e8:event_268_parent_turn_118 skipping — predecessor failed
2026-09-03 07:13:46,786 - inference_perf.datagen.replay.replay_graph_session_datagen - INFO - Event wekatrace8_0b4a56f22f01dc235b7ce1cc3aeabd6943e8:event_242_sa_subagent_006_30a5a208_s0_turn_7 skipping — predecessor failed
2026-09-03 07:13:46,786 - inference_perf.datagen.replay.replay_graph_session_datagen - INFO - Event wekatrace8_0b4a56f22f01dc235b7ce1cc3aeabd6943e8:event_269_parent_turn_119 skipping — predecessor failed
2026-09-03 07:13:46,787 - inference_perf.datagen.replay.replay_graph_session_datagen - INFO - Event wekatrace8_0b4a56f22f01dc235b7ce1cc3aeabd6943e8:event_243_sa_subagent_006_30a5a208_s0_turn_8 skipping — predecessor failed
2026-09-03 07:13:46,787 - inference_perf.datagen.replay.replay_graph_session_datagen - INFO - Event wekatrace8_0b4a56f22f01dc235b7ce1cc3aeabd6943e8:event_270_parent_turn_120 skipping — predecessor failed
2026-09-03 07:13:46,787 - inference_perf.datagen.replay.replay_graph_session_datagen - INFO - Event wekatrace8_0b4a56f22f01dc235b7ce1cc3aeabd6943e8:event_244_sa_subagent_006_30a5a208_s0_turn_9 skipping — predecessor failed
2026-09-03 07:13:46,787 - inference_perf.datagen.replay.replay_graph_session_datagen - INFO - Event wekatrace8_0b4a56f22f01dc235b7ce1cc3aeabd6943e8:event_271_parent_turn_121 skipping — predecessor failed
2026-09-03 07:13:46,787 - inference_perf.datagen.replay.replay_graph_session_datagen - INFO - Event wekatrace8_0b4a56f22f01dc235b7ce1cc3aeabd6943e8:event_245_sa_subagent_006_30a5a208_s0_turn_10 skipping — predecessor failed
2026-09-03 07:13:46,787 - inference_perf.datagen.replay.replay_graph_session_datagen - INFO - Event wekatrace8_0b4a56f22f01dc235b7ce1cc3aeabd6943e8:event_272_parent_turn_122 skipping — predecessor failed
2026-09-03 07:13:46,787 - inference_perf.datagen.replay.replay_graph_session_datagen - INFO - Event wekatrace8_0b4a56f22f01dc235b7ce1cc3aeabd6943e8:event_246_sa_subagent_006_30a5a208_s0_turn_11 skipping — predecessor failed
2026-09-03 07:13:46,787 - inference_perf.datagen.replay.replay_graph_session_datagen - INFO - Event wekatrace8_0b4a56f22f01dc235b7ce1cc3aeabd6943e8:event_273_parent_turn_123 skipping — predecessor failed
2026-09-03 07:13:46,787 - inference_perf.datagen.replay.replay_graph_session_datagen - INFO - Event wekatrace8_0b4a56f22f01dc235b7ce1cc3aeabd6943e8:event_247_sa_subagent_006_30a5a208_s0_turn_12 skipping — predecessor failed
2026-09-03 07:13:46,787 - inference_perf.datagen.replay.replay_graph_session_datagen - INFO - Event wekatrace8_0b4a56f22f01dc235b7ce1cc3aeabd6943e8:event_274_parent_turn_124 skipping — predecessor failed
2026-09-03 07:13:46,787 - inference_perf.datagen.replay.replay_graph_session_datagen - INFO - Event wekatrace8_0b4a56f22f01dc235b7ce1cc3aeabd6943e8:event_248_sa_subagent_006_30a5a208_s0_turn_13 skipping — predecessor failed
2026-09-03 07:13:46,788 - inference_perf.datagen.replay.replay_graph_session_datagen - INFO - Event wekatrace8_0b4a56f22f01dc235b7ce1cc3aeabd6943e8:event_275_parent_turn_125 skipping — predecessor failed
2026-09-03 07:13:46,788 - inference_perf.datagen.replay.replay_graph_session_datagen - INFO - Event wekatrace8_0b4a56f22f01dc235b7ce1cc3aeabd6943e8:event_249_sa_subagent_006_30a5a208_s0_turn_14 skipping — predecessor failed
2026-09-03 07:13:46,788 - inference_perf.datagen.replay.replay_graph_session_datagen - INFO - Event wekatrace8_0b4a56f22f01dc235b7ce1cc3aeabd6943e8:event_276_parent_turn_126 skipping — predecessor failed
2026-09-03 07:13:46,788 - inference_perf.datagen.replay.replay_graph_session_datagen - INFO - Event wekatrace8_0b4a56f22f01dc235b7ce1cc3aeabd6943e8:event_250_sa_subagent_006_30a5a208_s0_turn_15 skipping — predecessor failed
2026-09-03 07:13:46,788 - inference_perf.datagen.replay.replay_graph_session_datagen - INFO - Event wekatrace8_0b4a56f22f01dc235b7ce1cc3aeabd6943e8:event_251_sa_subagent_007_0158b938_s0_turn_0 skipping — predecessor failed
2026-09-03 07:13:46,788 - inference_perf.datagen.replay.replay_graph_session_datagen - INFO - Event wekatrace8_0b4a56f22f01dc235b7ce1cc3aeabd6943e8:event_277_parent_turn_127 skipping — predecessor failed
2026-09-03 07:13:46,788 - inference_perf.datagen.replay.replay_graph_session_datagen - INFO - Event wekatrace8_0b4a56f22f01dc235b7ce1cc3aeabd6943e8:event_252_sa_subagent_007_0158b938_s0_turn_1 skipping — predecessor failed
2026-09-03 07:13:46,788 - inference_perf.datagen.replay.replay_graph_session_datagen - INFO - Event wekatrace8_0b4a56f22f01dc235b7ce1cc3aeabd6943e8:event_278_parent_turn_128 skipping — predecessor failed
2026-09-03 07:13:46,788 - inference_perf.datagen.replay.replay_graph_session_datagen - INFO - Event wekatrace8_0b4a56f22f01dc235b7ce1cc3aeabd6943e8:event_253_sa_subagent_007_0158b938_s0_turn_2 skipping — predecessor failed
2026-09-03 07:13:46,788 - inference_perf.datagen.replay.replay_graph_session_datagen - INFO - Event wekatrace8_0b4a56f22f01dc235b7ce1cc3aeabd6943e8:event_279_parent_turn_129 skipping — predecessor failed
2026-09-03 07:13:46,788 - inference_perf.datagen.replay.replay_graph_session_datagen - INFO - Event wekatrace8_0b4a56f22f01dc235b7ce1cc3aeabd6943e8:event_254_sa_subagent_007_0158b938_s0_turn_3 skipping — predecessor failed
2026-09-03 07:13:46,789 - inference_perf.datagen.replay.replay_graph_session_datagen - INFO - Event wekatrace8_0b4a56f22f01dc235b7ce1cc3aeabd6943e8:event_280_parent_turn_130 skipping — predecessor failed
2026-09-03 07:13:46,789 - inference_perf.datagen.replay.replay_graph_session_datagen - INFO - Event wekatrace8_0b4a56f22f01dc235b7ce1cc3aeabd6943e8:event_255_sa_subagent_007_0158b938_s0_turn_4 skipping — predecessor failed
2026-09-03 07:13:46,789 - inference_perf.datagen.replay.replay_graph_session_datagen - INFO - Event wekatrace8_0b4a56f22f01dc235b7ce1cc3aeabd6943e8:event_281_parent_turn_131 skipping — predecessor failed
2026-09-03 07:13:46,789 - inference_perf.datagen.replay.replay_graph_session_datagen - INFO - Event wekatrace8_0b4a56f22f01dc235b7ce1cc3aeabd6943e8:event_256_sa_subagent_007_0158b938_s0_turn_5 skipping — predecessor failed
2026-09-03 07:13:46,789 - inference_perf.datagen.replay.replay_graph_session_datagen - INFO - Event wekatrace8_0b4a56f22f01dc235b7ce1cc3aeabd6943e8:event_282_parent_turn_132 skipping — predecessor failed
2026-09-03 07:13:46,789 - inference_perf.datagen.replay.replay_graph_session_datagen - INFO - Event wekatrace8_0b4a56f22f01dc235b7ce1cc3aeabd6943e8:event_257_sa_subagent_007_0158b938_s0_turn_6 skipping — predecessor failed
2026-09-03 07:13:46,789 - inference_perf.datagen.replay.replay_graph_session_datagen - INFO - Event wekatrace8_0b4a56f22f01dc235b7ce1cc3aeabd6943e8:event_283_parent_turn_133 skipping — predecessor failed
2026-09-03 07:13:46,789 - inference_perf.datagen.replay.replay_graph_session_datagen - INFO - Event wekatrace8_0b4a56f22f01dc235b7ce1cc3aeabd6943e8:event_284_parent_turn_134 skipping — predecessor failed
2026-09-03 07:13:46,789 - inference_perf.datagen.replay.replay_graph_session_datagen - INFO - Event wekatrace8_0b4a56f22f01dc235b7ce1cc3aeabd6943e8:event_258_sa_subagent_007_0158b938_s0_turn_7 skipping — predecessor failed
2026-09-03 07:13:46,789 - inference_perf.datagen.replay.replay_graph_session_datagen - INFO - Event wekatrace8_0b4a56f22f01dc235b7ce1cc3aeabd6943e8:event_285_parent_turn_135 skipping — predecessor failed
2026-09-03 07:13:46,789 - inference_perf.datagen.replay.replay_graph_session_datagen - INFO - Event wekatrace8_0b4a56f22f01dc235b7ce1cc3aeabd6943e8:event_259_sa_subagent_007_0158b938_s0_turn_8 skipping — predecessor failed
2026-09-03 07:13:46,790 - inference_perf.datagen.replay.replay_graph_session_datagen - INFO - Event wekatrace8_0b4a56f22f01dc235b7ce1cc3aeabd6943e8:event_286_parent_turn_136 skipping — predecessor failed
2026-09-03 07:13:46,790 - inference_perf.datagen.replay.replay_graph_session_datagen - INFO - Event wekatrace8_0b4a56f22f01dc235b7ce1cc3aeabd6943e8:event_260_sa_subagent_007_0158b938_s0_turn_9 skipping — predecessor failed
2026-09-03 07:13:46,790 - inference_perf.datagen.replay.replay_graph_session_datagen - INFO - Event wekatrace8_0b4a56f22f01dc235b7ce1cc3aeabd6943e8:event_287_parent_turn_137 skipping — predecessor failed
2026-09-03 07:13:46,790 - inference_perf.datagen.replay.replay_graph_session_datagen - INFO - Event wekatrace8_0b4a56f22f01dc235b7ce1cc3aeabd6943e8:event_288_parent_turn_138 skipping — predecessor failed
2026-09-03 07:13:46,790 - inference_perf.datagen.replay.replay_graph_session_datagen - INFO - Event wekatrace8_0b4a56f22f01dc235b7ce1cc3aeabd6943e8:event_289_parent_turn_139 skipping — predecessor failed
2026-09-03 07:13:46,790 - inference_perf.datagen.replay.replay_graph_session_datagen - INFO - Event wekatrace8_0b4a56f22f01dc235b7ce1cc3aeabd6943e8:event_290_parent_turn_140 skipping — predecessor failed
2026-09-03 07:13:46,790 - inference_perf.datagen.replay.replay_graph_session_datagen - INFO - Event wekatrace8_0b4a56f22f01dc235b7ce1cc3aeabd6943e8:event_291_parent_turn_141 skipping — predecessor failed
2026-09-03 07:13:46,791 - inference_perf.datagen.replay.replay_graph_session_datagen - INFO - Event wekatrace8_0b4a56f22f01dc235b7ce1cc3aeabd6943e8:event_292_parent_turn_142 skipping — predecessor failed
2026-09-03 07:13:46,791 - inference_perf.datagen.replay.replay_graph_session_datagen - INFO - Event wekatrace8_0b4a56f22f01dc235b7ce1cc3aeabd6943e8:event_293_parent_turn_143 skipping — predecessor failed
2026-09-03 07:13:46,791 - inference_perf.datagen.replay.replay_graph_session_datagen - INFO - Event wekatrace8_0b4a56f22f01dc235b7ce1cc3aeabd6943e8:event_294_parent_turn_144 skipping — predecessor failed
2026-09-03 07:13:46,791 - inference_perf.datagen.replay.replay_graph_session_datagen - INFO - Event wekatrace8_0b4a56f22f01dc235b7ce1cc3aeabd6943e8:event_295_parent_turn_145 skipping — predecessor failed
2026-09-03 07:13:46,791 - inference_perf.datagen.replay.replay_graph_session_datagen - INFO - Event wekatrace8_0b4a56f22f01dc235b7ce1cc3aeabd6943e8:event_296_parent_turn_146 skipping — predecessor failed
2026-09-03 07:13:46,791 - inference_perf.datagen.replay.replay_graph_session_datagen - INFO - Event wekatrace8_0b4a56f22f01dc235b7ce1cc3aeabd6943e8:event_297_parent_turn_147 skipping — predecessor failed
2026-09-03 07:13:46,791 - inference_perf.datagen.replay.replay_graph_session_datagen - INFO - Event wekatrace8_0b4a56f22f01dc235b7ce1cc3aeabd6943e8:event_298_parent_turn_148 skipping — predecessor failed
2026-09-03 07:13:46,791 - inference_perf.datagen.replay.replay_graph_session_datagen - INFO - Event wekatrace8_0b4a56f22f01dc235b7ce1cc3aeabd6943e8:event_299_parent_turn_149 skipping — predecessor failed
2026-09-03 07:13:46,791 - inference_perf.datagen.replay.replay_graph_session_datagen - INFO - Event wekatrace8_0b4a56f22f01dc235b7ce1cc3aeabd6943e8:event_300_parent_turn_150 skipping — predecessor failed
2026-09-03 07:13:46,792 - inference_perf.datagen.replay.replay_graph_session_datagen - INFO - Event wekatrace8_0b4a56f22f01dc235b7ce1cc3aeabd6943e8:event_301_parent_turn_151 skipping — predecessor failed
2026-09-03 07:13:46,792 - inference_perf.datagen.replay.replay_graph_session_datagen - INFO - Event wekatrace8_0b4a56f22f01dc235b7ce1cc3aeabd6943e8:event_302_parent_turn_152 skipping — predecessor failed
2026-09-03 07:13:46,792 - inference_perf.datagen.replay.replay_graph_session_datagen - INFO - Event wekatrace8_0b4a56f22f01dc235b7ce1cc3aeabd6943e8:event_303_parent_turn_153 skipping — predecessor failed
2026-09-03 07:13:46,792 - inference_perf.datagen.replay.replay_graph_session_datagen - INFO - Event wekatrace8_0b4a56f22f01dc235b7ce1cc3aeabd6943e8:event_304_parent_turn_154 skipping — predecessor failed
2026-09-03 07:13:46,792 - inference_perf.datagen.replay.replay_graph_session_datagen - INFO - Event wekatrace8_0b4a56f22f01dc235b7ce1cc3aeabd6943e8:event_305_parent_turn_155 skipping — predecessor failed
2026-09-03 07:13:46,792 - inference_perf.datagen.replay.replay_graph_session_datagen - INFO - Event wekatrace8_0b4a56f22f01dc235b7ce1cc3aeabd6943e8:event_306_parent_turn_156 skipping — predecessor failed
2026-09-03 07:13:46,792 - inference_perf.datagen.replay.replay_graph_session_datagen - INFO - Event wekatrace8_0b4a56f22f01dc235b7ce1cc3aeabd6943e8:event_307_parent_turn_157 skipping — predecessor failed
2026-09-03 07:13:46,792 - inference_perf.datagen.replay.replay_graph_session_datagen - INFO - Event wekatrace8_0b4a56f22f01dc235b7ce1cc3aeabd6943e8:event_308_parent_turn_158 skipping — predecessor failed
2026-09-03 07:13:46,792 - inference_perf.datagen.replay.replay_graph_session_datagen - INFO - Event wekatrace8_0b4a56f22f01dc235b7ce1cc3aeabd6943e8:event_309_parent_turn_159 skipping — predecessor failed
2026-09-03 07:13:46,793 - inference_perf.datagen.replay.replay_graph_session_datagen - INFO - Event wekatrace8_0b4a56f22f01dc235b7ce1cc3aeabd6943e8:event_310_parent_turn_160 skipping — predecessor failed
2026-09-03 07:13:46,793 - inference_perf.datagen.replay.replay_graph_session_datagen - INFO - Event wekatrace8_0b4a56f22f01dc235b7ce1cc3aeabd6943e8:event_311_parent_turn_161 skipping — predecessor failed
2026-09-03 07:13:46,793 - inference_perf.datagen.replay.replay_graph_session_datagen - INFO - Event wekatrace8_0b4a56f22f01dc235b7ce1cc3aeabd6943e8:event_312_parent_turn_162 skipping — predecessor failed
2026-09-03 07:13:46,793 - inference_perf.datagen.replay.replay_graph_session_datagen - INFO - Event wekatrace8_0b4a56f22f01dc235b7ce1cc3aeabd6943e8:event_313_parent_turn_163 skipping — predecessor failed
2026-09-03 07:13:46,793 - inference_perf.datagen.replay.replay_graph_session_datagen - INFO - Event wekatrace8_0b4a56f22f01dc235b7ce1cc3aeabd6943e8:event_314_parent_turn_164 skipping — predecessor failed
2026-09-03 07:13:46,793 - inference_perf.datagen.replay.replay_graph_session_datagen - INFO - Event wekatrace8_0b4a56f22f01dc235b7ce1cc3aeabd6943e8:event_315_parent_turn_165 skipping — predecessor failed
2026-09-03 07:13:46,793 - inference_perf.datagen.replay.replay_graph_session_datagen - INFO - Event wekatrace8_0b4a56f22f01dc235b7ce1cc3aeabd6943e8:event_316_parent_turn_166 skipping — predecessor failed
2026-09-03 07:13:46,793 - inference_perf.datagen.replay.replay_graph_session_datagen - INFO - Event wekatrace8_0b4a56f22f01dc235b7ce1cc3aeabd6943e8:event_317_parent_turn_167 skipping — predecessor failed
2026-09-03 07:13:46,793 - inference_perf.datagen.replay.replay_graph_session_datagen - INFO - Event wekatrace8_0b4a56f22f01dc235b7ce1cc3aeabd6943e8:event_318_parent_turn_168 skipping — predecessor failed
2026-09-03 07:13:46,793 - inference_perf.datagen.replay.replay_graph_session_datagen - INFO - Event wekatrace8_0b4a56f22f01dc235b7ce1cc3aeabd6943e8:event_319_parent_turn_169 skipping — predecessor failed
2026-09-03 07:13:46,794 - inference_perf.datagen.replay.replay_graph_session_datagen - INFO - Event wekatrace8_0b4a56f22f01dc235b7ce1cc3aeabd6943e8:event_320_parent_turn_170 skipping — predecessor failed
2026-09-03 07:13:46,794 - inference_perf.datagen.replay.replay_graph_session_datagen - INFO - Event wekatrace8_0b4a56f22f01dc235b7ce1cc3aeabd6943e8:event_321_parent_turn_171 skipping — predecessor failed
2026-09-03 07:13:46,794 - inference_perf.datagen.replay.replay_graph_session_datagen - INFO - Event wekatrace8_0b4a56f22f01dc235b7ce1cc3aeabd6943e8:event_322_parent_turn_172 skipping — predecessor failed
2026-09-03 07:13:46,794 - inference_perf.datagen.replay.replay_graph_session_datagen - INFO - Event wekatrace8_0b4a56f22f01dc235b7ce1cc3aeabd6943e8:event_323_parent_turn_173 skipping — predecessor failed
2026-09-03 07:13:46,794 - inference_perf.datagen.replay.replay_graph_session_datagen - INFO - Event wekatrace8_0b4a56f22f01dc235b7ce1cc3aeabd6943e8:event_324_parent_turn_174 skipping — predecessor failed
2026-09-03 07:13:46,794 - inference_perf.datagen.replay.replay_graph_session_datagen - INFO - Event wekatrace8_0b4a56f22f01dc235b7ce1cc3aeabd6943e8:event_325_parent_turn_175 skipping — predecessor failed
2026-09-03 07:13:46,794 - inference_perf.datagen.replay.replay_graph_session_datagen - INFO - Event wekatrace8_0b4a56f22f01dc235b7ce1cc3aeabd6943e8:event_326_parent_turn_176 skipping — predecessor failed
2026-09-03 07:13:46,794 - inference_perf.datagen.replay.replay_graph_session_datagen - INFO - Event wekatrace8_0b4a56f22f01dc235b7ce1cc3aeabd6943e8:event_327_parent_turn_177 skipping — predecessor failed
2026-09-03 07:13:46,794 - inference_perf.datagen.replay.replay_graph_session_datagen - INFO - Event wekatrace8_0b4a56f22f01dc235b7ce1cc3aeabd6943e8:event_328_parent_turn_178 skipping — predecessor failed
2026-09-03 07:13:46,794 - inference_perf.datagen.replay.replay_graph_session_datagen - INFO - Event wekatrace8_0b4a56f22f01dc235b7ce1cc3aeabd6943e8:event_329_parent_turn_179 skipping — predecessor failed
2026-09-03 07:13:46,795 - inference_perf.datagen.replay.replay_graph_session_datagen - INFO - Event wekatrace8_0b4a56f22f01dc235b7ce1cc3aeabd6943e8:event_330_parent_turn_180 skipping — predecessor failed
2026-09-03 07:13:46,795 - inference_perf.datagen.replay.replay_graph_session_datagen - INFO - Event wekatrace8_0b4a56f22f01dc235b7ce1cc3aeabd6943e8:event_331_parent_turn_181 skipping — predecessor failed
2026-09-03 07:13:46,795 - inference_perf.datagen.replay.replay_graph_session_datagen - INFO - Event wekatrace8_0b4a56f22f01dc235b7ce1cc3aeabd6943e8:event_332_parent_turn_182 skipping — predecessor failed
2026-09-03 07:13:46,795 - inference_perf.datagen.replay.replay_graph_session_datagen - INFO - Event wekatrace8_0b4a56f22f01dc235b7ce1cc3aeabd6943e8:event_333_parent_turn_183 skipping — predecessor failed
2026-09-03 07:13:46,795 - inference_perf.datagen.replay.replay_graph_session_datagen - INFO - Event wekatrace8_0b4a56f22f01dc235b7ce1cc3aeabd6943e8:event_334_parent_turn_184 skipping — predecessor failed
2026-09-03 07:13:46,795 - inference_perf.datagen.replay.replay_graph_session_datagen - INFO - Event wekatrace8_0b4a56f22f01dc235b7ce1cc3aeabd6943e8:event_335_parent_turn_185 skipping — predecessor failed
2026-09-03 07:13:46,795 - inference_perf.datagen.replay.replay_graph_session_datagen - INFO - Event wekatrace8_0b4a56f22f01dc235b7ce1cc3aeabd6943e8:event_336_parent_turn_186 skipping — predecessor failed
2026-09-03 07:13:46,795 - inference_perf.datagen.replay.replay_graph_session_datagen - INFO - Event wekatrace8_0b4a56f22f01dc235b7ce1cc3aeabd6943e8:event_337_parent_turn_187 skipping — predecessor failed
2026-09-03 07:13:46,795 - inference_perf.datagen.replay.replay_graph_session_datagen - INFO - Event wekatrace8_0b4a56f22f01dc235b7ce1cc3aeabd6943e8:event_338_parent_turn_188 skipping — predecessor failed
2026-09-03 07:13:46,795 - inference_perf.datagen.replay.replay_graph_session_datagen - INFO - Event wekatrace8_0b4a56f22f01dc235b7ce1cc3aeabd6943e8:event_339_parent_turn_189 skipping — predecessor failed
2026-09-03 07:13:46,795 - inference_perf.datagen.replay.replay_graph_session_datagen - INFO - Event wekatrace8_0b4a56f22f01dc235b7ce1cc3aeabd6943e8:event_340_parent_turn_190 skipping — predecessor failed
2026-09-03 07:13:46,796 - inference_perf.datagen.replay.replay_graph_session_datagen - INFO - Event wekatrace8_0b4a56f22f01dc235b7ce1cc3aeabd6943e8:event_341_parent_turn_191 skipping — predecessor failed
2026-09-03 07:13:46,796 - inference_perf.datagen.replay.replay_graph_session_datagen - INFO - Event wekatrace8_0b4a56f22f01dc235b7ce1cc3aeabd6943e8:event_342_parent_turn_192 skipping — predecessor failed
2026-09-03 07:13:46,796 - inference_perf.datagen.replay.replay_graph_session_datagen - INFO - Event wekatrace8_0b4a56f22f01dc235b7ce1cc3aeabd6943e8:event_343_parent_turn_193 skipping — predecessor failed
2026-09-03 07:13:46,796 - inference_perf.datagen.replay.replay_graph_session_datagen - INFO - Event wekatrace8_0b4a56f22f01dc235b7ce1cc3aeabd6943e8:event_344_parent_turn_194 skipping — predecessor failed
2026-09-03 07:13:46,796 - inference_perf.datagen.replay.replay_graph_session_datagen - INFO - Event wekatrace8_0b4a56f22f01dc235b7ce1cc3aeabd6943e8:event_345_sa_subagent_008_fed3562b_s0_turn_0 skipping — predecessor failed
2026-09-03 07:13:46,796 - inference_perf.datagen.replay.replay_graph_session_datagen - INFO - Event wekatrace8_0b4a56f22f01dc235b7ce1cc3aeabd6943e8:event_368_parent_turn_195 skipping — predecessor failed
2026-09-03 07:13:46,796 - inference_perf.datagen.replay.replay_graph_session_datagen - INFO - Event wekatrace8_0b4a56f22f01dc235b7ce1cc3aeabd6943e8:event_346_sa_subagent_008_fed3562b_s0_turn_1 skipping — predecessor failed
2026-09-03 07:13:46,798 - inference_perf.datagen.replay.replay_graph_session_datagen - INFO - Event wekatrace8_0b4a56f22f01dc235b7ce1cc3aeabd6943e8:event_369_parent_turn_196 skipping — predecessor failed
2026-09-03 07:13:46,798 - inference_perf.datagen.replay.replay_graph_session_datagen - INFO - Event wekatrace8_0b4a56f22f01dc235b7ce1cc3aeabd6943e8:event_370_parent_turn_197 skipping — predecessor failed
2026-09-03 07:13:46,798 - inference_perf.datagen.replay.replay_graph_session_datagen - INFO - Event wekatrace8_0b4a56f22f01dc235b7ce1cc3aeabd6943e8:event_347_sa_subagent_008_fed3562b_s0_turn_2 skipping — predecessor failed
2026-09-03 07:13:46,798 - inference_perf.datagen.replay.replay_graph_session_datagen - INFO - Event wekatrace8_0b4a56f22f01dc235b7ce1cc3aeabd6943e8:event_371_parent_turn_198 skipping — predecessor failed
2026-09-03 07:13:46,798 - inference_perf.datagen.replay.replay_graph_session_datagen - INFO - Event wekatrace8_0b4a56f22f01dc235b7ce1cc3aeabd6943e8:event_348_sa_subagent_008_fed3562b_s0_turn_3 skipping — predecessor failed
2026-09-03 07:13:46,798 - inference_perf.datagen.replay.replay_graph_session_datagen - INFO - Event wekatrace8_0b4a56f22f01dc235b7ce1cc3aeabd6943e8:event_372_parent_turn_199 skipping — predecessor failed
2026-09-03 07:13:46,798 - inference_perf.datagen.replay.replay_graph_session_datagen - INFO - Event wekatrace8_0b4a56f22f01dc235b7ce1cc3aeabd6943e8:event_349_sa_subagent_008_fed3562b_s0_turn_4 skipping — predecessor failed
2026-09-03 07:13:46,799 - inference_perf.datagen.replay.replay_graph_session_datagen - INFO - Event wekatrace8_0b4a56f22f01dc235b7ce1cc3aeabd6943e8:event_373_parent_turn_200 skipping — predecessor failed
2026-09-03 07:13:46,799 - inference_perf.datagen.replay.replay_graph_session_datagen - INFO - Event wekatrace8_0b4a56f22f01dc235b7ce1cc3aeabd6943e8:event_350_sa_subagent_008_fed3562b_s0_turn_5 skipping — predecessor failed
2026-09-03 07:13:46,799 - inference_perf.datagen.replay.replay_graph_session_datagen - INFO - Event wekatrace8_0b4a56f22f01dc235b7ce1cc3aeabd6943e8:event_374_parent_turn_201 skipping — predecessor failed
2026-09-03 07:13:46,799 - inference_perf.datagen.replay.replay_graph_session_datagen - INFO - Event wekatrace8_0b4a56f22f01dc235b7ce1cc3aeabd6943e8:event_351_sa_subagent_008_fed3562b_s0_turn_6 skipping — predecessor failed
2026-09-03 07:13:46,799 - inference_perf.datagen.replay.replay_graph_session_datagen - INFO - Event wekatrace8_0b4a56f22f01dc235b7ce1cc3aeabd6943e8:event_375_parent_turn_202 skipping — predecessor failed
2026-09-03 07:13:46,799 - inference_perf.datagen.replay.replay_graph_session_datagen - INFO - Event wekatrace8_0b4a56f22f01dc235b7ce1cc3aeabd6943e8:event_352_sa_subagent_008_fed3562b_s0_turn_7 skipping — predecessor failed
2026-09-03 07:13:46,799 - inference_perf.datagen.replay.replay_graph_session_datagen - INFO - Event wekatrace8_0b4a56f22f01dc235b7ce1cc3aeabd6943e8:event_376_parent_turn_203 skipping — predecessor failed
2026-09-03 07:13:46,799 - inference_perf.datagen.replay.replay_graph_session_datagen - INFO - Event wekatrace8_0b4a56f22f01dc235b7ce1cc3aeabd6943e8:event_353_sa_subagent_008_fed3562b_s0_turn_8 skipping — predecessor failed
2026-09-03 07:13:46,799 - inference_perf.datagen.replay.replay_graph_session_datagen - INFO - Event wekatrace8_0b4a56f22f01dc235b7ce1cc3aeabd6943e8:event_377_parent_turn_204 skipping — predecessor failed
2026-09-03 07:13:46,799 - inference_perf.datagen.replay.replay_graph_session_datagen - INFO - Event wekatrace8_0b4a56f22f01dc235b7ce1cc3aeabd6943e8:event_378_parent_turn_205 skipping — predecessor failed
2026-09-03 07:13:46,799 - inference_perf.datagen.replay.replay_graph_session_datagen - INFO - Event wekatrace8_0b4a56f22f01dc235b7ce1cc3aeabd6943e8:event_354_sa_subagent_008_fed3562b_s0_turn_9 skipping — predecessor failed
2026-09-03 07:13:46,800 - inference_perf.datagen.replay.replay_graph_session_datagen - INFO - Event wekatrace8_0b4a56f22f01dc235b7ce1cc3aeabd6943e8:event_379_parent_turn_206 skipping — predecessor failed
2026-09-03 07:13:46,800 - inference_perf.datagen.replay.replay_graph_session_datagen - INFO - Event wekatrace8_0b4a56f22f01dc235b7ce1cc3aeabd6943e8:event_355_sa_subagent_008_fed3562b_s0_turn_10 skipping — predecessor failed
2026-09-03 07:13:46,800 - inference_perf.datagen.replay.replay_graph_session_datagen - INFO - Event wekatrace8_0b4a56f22f01dc235b7ce1cc3aeabd6943e8:event_380_parent_turn_207 skipping — predecessor failed
2026-09-03 07:13:46,800 - inference_perf.datagen.replay.replay_graph_session_datagen - INFO - Event wekatrace8_0b4a56f22f01dc235b7ce1cc3aeabd6943e8:event_356_sa_subagent_008_fed3562b_s0_turn_11 skipping — predecessor failed
2026-09-03 07:13:46,800 - inference_perf.datagen.replay.replay_graph_session_datagen - INFO - Event wekatrace8_0b4a56f22f01dc235b7ce1cc3aeabd6943e8:event_381_parent_turn_208 skipping — predecessor failed
2026-09-03 07:13:46,800 - inference_perf.datagen.replay.replay_graph_session_datagen - INFO - Event wekatrace8_0b4a56f22f01dc235b7ce1cc3aeabd6943e8:event_357_sa_subagent_008_fed3562b_s0_turn_12 skipping — predecessor failed
2026-09-03 07:13:46,800 - inference_perf.datagen.replay.replay_graph_session_datagen - INFO - Event wekatrace8_0b4a56f22f01dc235b7ce1cc3aeabd6943e8:event_358_sa_subagent_009_0768ce5f_s0_turn_0 skipping — predecessor failed
2026-09-03 07:13:46,800 - inference_perf.datagen.replay.replay_graph_session_datagen - INFO - Event wekatrace8_0b4a56f22f01dc235b7ce1cc3aeabd6943e8:event_382_parent_turn_209 skipping — predecessor failed
2026-09-03 07:13:46,800 - inference_perf.datagen.replay.replay_graph_session_datagen - INFO - Event wekatrace8_0b4a56f22f01dc235b7ce1cc3aeabd6943e8:event_359_sa_subagent_009_0768ce5f_s0_turn_1 skipping — predecessor failed
2026-09-03 07:13:46,800 - inference_perf.datagen.replay.replay_graph_session_datagen - INFO - Event wekatrace8_0b4a56f22f01dc235b7ce1cc3aeabd6943e8:event_383_parent_turn_210 skipping — predecessor failed
2026-09-03 07:13:46,800 - inference_perf.datagen.replay.replay_graph_session_datagen - INFO - Event wekatrace8_0b4a56f22f01dc235b7ce1cc3aeabd6943e8:event_360_sa_subagent_009_0768ce5f_s0_turn_2 skipping — predecessor failed
2026-09-03 07:13:46,800 - inference_perf.datagen.replay.replay_graph_session_datagen - INFO - Event wekatrace8_0b4a56f22f01dc235b7ce1cc3aeabd6943e8:event_384_parent_turn_211 skipping — predecessor failed
2026-09-03 07:13:46,801 - inference_perf.datagen.replay.replay_graph_session_datagen - INFO - Event wekatrace8_0b4a56f22f01dc235b7ce1cc3aeabd6943e8:event_385_parent_turn_212 skipping — predecessor failed
2026-09-03 07:13:46,801 - inference_perf.datagen.replay.replay_graph_session_datagen - INFO - Event wekatrace8_0b4a56f22f01dc235b7ce1cc3aeabd6943e8:event_361_sa_subagent_009_0768ce5f_s0_turn_3 skipping — predecessor failed
2026-09-03 07:13:46,801 - inference_perf.datagen.replay.replay_graph_session_datagen - INFO - Event wekatrace8_0b4a56f22f01dc235b7ce1cc3aeabd6943e8:event_386_parent_turn_213 skipping — predecessor failed
2026-09-03 07:13:46,801 - inference_perf.datagen.replay.replay_graph_session_datagen - INFO - Event wekatrace8_0b4a56f22f01dc235b7ce1cc3aeabd6943e8:event_362_sa_subagent_009_0768ce5f_s0_turn_4 skipping — predecessor failed
2026-09-03 07:13:46,801 - inference_perf.datagen.replay.replay_graph_session_datagen - INFO - Event wekatrace8_0b4a56f22f01dc235b7ce1cc3aeabd6943e8:event_387_parent_turn_214 skipping — predecessor failed
2026-09-03 07:13:46,801 - inference_perf.datagen.replay.replay_graph_session_datagen - INFO - Event wekatrace8_0b4a56f22f01dc235b7ce1cc3aeabd6943e8:event_363_sa_subagent_009_0768ce5f_s0_turn_5 skipping — predecessor failed
2026-09-03 07:13:46,801 - inference_perf.datagen.replay.replay_graph_session_datagen - INFO - Event wekatrace8_0b4a56f22f01dc235b7ce1cc3aeabd6943e8:event_388_parent_turn_215 skipping — predecessor failed
2026-09-03 07:13:46,801 - inference_perf.datagen.replay.replay_graph_session_datagen - INFO - Event wekatrace8_0b4a56f22f01dc235b7ce1cc3aeabd6943e8:event_364_sa_subagent_009_0768ce5f_s0_turn_6 skipping — predecessor failed
2026-09-03 07:13:46,801 - inference_perf.datagen.replay.replay_graph_session_datagen - INFO - Event wekatrace8_0b4a56f22f01dc235b7ce1cc3aeabd6943e8:event_389_parent_turn_216 skipping — predecessor failed
2026-09-03 07:13:46,801 - inference_perf.datagen.replay.replay_graph_session_datagen - INFO - Event wekatrace8_0b4a56f22f01dc235b7ce1cc3aeabd6943e8:event_365_sa_subagent_009_0768ce5f_s0_turn_7 skipping — predecessor failed
2026-09-03 07:13:46,802 - inference_perf.datagen.replay.replay_graph_session_datagen - INFO - Event wekatrace8_0b4a56f22f01dc235b7ce1cc3aeabd6943e8:event_390_parent_turn_217 skipping — predecessor failed
2026-09-03 07:13:46,802 - inference_perf.datagen.replay.replay_graph_session_datagen - INFO - Event wekatrace8_0b4a56f22f01dc235b7ce1cc3aeabd6943e8:event_366_sa_subagent_009_0768ce5f_s0_turn_8 skipping — predecessor failed
2026-09-03 07:13:46,802 - inference_perf.datagen.replay.replay_graph_session_datagen - INFO - Event wekatrace8_0b4a56f22f01dc235b7ce1cc3aeabd6943e8:event_391_parent_turn_218 skipping — predecessor failed
2026-09-03 07:13:46,802 - inference_perf.datagen.replay.replay_graph_session_datagen - INFO - Event wekatrace8_0b4a56f22f01dc235b7ce1cc3aeabd6943e8:event_367_sa_subagent_009_0768ce5f_s0_turn_9 skipping — predecessor failed
2026-09-03 07:13:46,802 - inference_perf.datagen.replay.replay_graph_session_datagen - INFO - Event wekatrace8_0b4a56f22f01dc235b7ce1cc3aeabd6943e8:event_392_parent_turn_219 skipping — predecessor failed
2026-09-03 07:13:46,802 - inference_perf.datagen.replay.replay_graph_session_datagen - INFO - Event wekatrace8_0b4a56f22f01dc235b7ce1cc3aeabd6943e8:event_393_parent_turn_220 skipping — predecessor failed
2026-09-03 07:13:46,802 - inference_perf.datagen.replay.replay_graph_session_datagen - INFO - Event wekatrace8_0b4a56f22f01dc235b7ce1cc3aeabd6943e8:event_394_parent_turn_221 skipping — predecessor failed
2026-09-03 07:13:46,803 - inference_perf.datagen.replay.replay_graph_session_datagen - INFO - Event wekatrace8_0b4a56f22f01dc235b7ce1cc3aeabd6943e8:event_395_parent_turn_222 skipping — predecessor failed
2026-09-03 07:13:46,803 - inference_perf.datagen.replay.replay_graph_session_datagen - INFO - Event wekatrace8_0b4a56f22f01dc235b7ce1cc3aeabd6943e8:event_396_parent_turn_223 skipping — predecessor failed
2026-09-03 07:13:46,803 - inference_perf.datagen.replay.replay_graph_session_datagen - INFO - Event wekatrace8_0b4a56f22f01dc235b7ce1cc3aeabd6943e8:event_397_parent_turn_224 skipping — predecessor failed
2026-09-03 07:13:46,803 - inference_perf.datagen.replay.replay_graph_session_datagen - INFO - Event wekatrace8_0b4a56f22f01dc235b7ce1cc3aeabd6943e8:event_398_parent_turn_225 skipping — predecessor failed
2026-09-03 07:13:46,803 - inference_perf.datagen.replay.replay_graph_session_datagen - INFO - Event wekatrace8_0b4a56f22f01dc235b7ce1cc3aeabd6943e8:event_399_parent_turn_226 skipping — predecessor failed
2026-09-03 07:13:46,803 - inference_perf.datagen.replay.replay_graph_session_datagen - INFO - Event wekatrace8_0b4a56f22f01dc235b7ce1cc3aeabd6943e8:event_400_parent_turn_227 skipping — predecessor failed
2026-09-03 07:13:46,803 - inference_perf.datagen.replay.replay_graph_session_datagen - INFO - Event wekatrace8_0b4a56f22f01dc235b7ce1cc3aeabd6943e8:event_401_parent_turn_228 skipping — predecessor failed
2026-09-03 07:13:46,804 - inference_perf.datagen.replay.replay_graph_session_datagen - INFO - Event wekatrace8_0b4a56f22f01dc235b7ce1cc3aeabd6943e8:event_402_parent_turn_229 skipping — predecessor failed
2026-09-03 07:13:46,804 - inference_perf.datagen.replay.replay_graph_session_datagen - INFO - Event wekatrace8_0b4a56f22f01dc235b7ce1cc3aeabd6943e8:event_403_parent_turn_230 skipping — predecessor failed
2026-09-03 07:13:46,804 - inference_perf.datagen.replay.replay_graph_session_datagen - INFO - Event wekatrace8_0b4a56f22f01dc235b7ce1cc3aeabd6943e8:event_404_parent_turn_231 skipping — predecessor failed
2026-09-03 07:13:46,804 - inference_perf.datagen.replay.replay_graph_session_datagen - INFO - Event wekatrace8_0b4a56f22f01dc235b7ce1cc3aeabd6943e8:event_405_parent_turn_232 skipping — predecessor failed
2026-09-03 07:13:46,805 - inference_perf.datagen.replay.replay_graph_session_datagen - INFO - Event wekatrace8_0b4a56f22f01dc235b7ce1cc3aeabd6943e8:event_406_parent_turn_233 skipping — predecessor failed
2026-09-03 07:13:46,805 - inference_perf.datagen.replay.replay_graph_session_datagen - INFO - Event wekatrace8_0b4a56f22f01dc235b7ce1cc3aeabd6943e8:event_407_parent_turn_234 skipping — predecessor failed
2026-09-03 07:13:46,805 - inference_perf.datagen.replay.replay_graph_session_datagen - INFO - Event wekatrace8_0b4a56f22f01dc235b7ce1cc3aeabd6943e8:event_408_parent_turn_235 skipping — predecessor failed
2026-09-03 07:13:46,805 - inference_perf.datagen.replay.replay_graph_session_datagen - INFO - Event wekatrace8_0b4a56f22f01dc235b7ce1cc3aeabd6943e8:event_409_parent_turn_236 skipping — predecessor failed
2026-09-03 07:13:46,805 - inference_perf.datagen.replay.replay_graph_session_datagen - INFO - Event wekatrace8_0b4a56f22f01dc235b7ce1cc3aeabd6943e8:event_410_parent_turn_237 skipping — predecessor failed
2026-09-03 07:13:46,805 - inference_perf.datagen.replay.replay_graph_session_datagen - INFO - Event wekatrace8_0b4a56f22f01dc235b7ce1cc3aeabd6943e8:event_411_parent_turn_238 skipping — predecessor failed
2026-09-03 07:13:46,805 - inference_perf.datagen.replay.replay_graph_session_datagen - INFO - Event wekatrace8_0b4a56f22f01dc235b7ce1cc3aeabd6943e8:event_412_parent_turn_239 skipping — predecessor failed
2026-09-03 07:13:46,806 - inference_perf.datagen.replay.replay_graph_session_datagen - INFO - Event wekatrace8_0b4a56f22f01dc235b7ce1cc3aeabd6943e8:event_413_parent_turn_240 skipping — predecessor failed
2026-09-03 07:13:46,806 - inference_perf.datagen.replay.replay_graph_session_datagen - INFO - Event wekatrace8_0b4a56f22f01dc235b7ce1cc3aeabd6943e8:event_414_parent_turn_241 skipping — predecessor failed
2026-09-03 07:13:46,806 - inference_perf.datagen.replay.replay_graph_session_datagen - INFO - Event wekatrace8_0b4a56f22f01dc235b7ce1cc3aeabd6943e8:event_415_parent_turn_242 skipping — predecessor failed
2026-09-03 07:13:46,806 - inference_perf.datagen.replay.replay_graph_session_datagen - INFO - Event wekatrace8_0b4a56f22f01dc235b7ce1cc3aeabd6943e8:event_416_parent_turn_243 skipping — predecessor failed
2026-09-03 07:13:46,806 - inference_perf.datagen.replay.replay_graph_session_datagen - INFO - Event wekatrace8_0b4a56f22f01dc235b7ce1cc3aeabd6943e8:event_417_parent_turn_244 skipping — predecessor failed
2026-09-03 07:13:46,806 - inference_perf.datagen.replay.replay_graph_session_datagen - INFO - Event wekatrace8_0b4a56f22f01dc235b7ce1cc3aeabd6943e8:event_418_parent_turn_245 skipping — predecessor failed
2026-09-03 07:13:46,806 - inference_perf.datagen.replay.replay_graph_session_datagen - INFO - Event wekatrace8_0b4a56f22f01dc235b7ce1cc3aeabd6943e8:event_419_sa_subagent_010_16075c9a_s0_turn_0 skipping — predecessor failed
2026-09-03 07:13:46,806 - inference_perf.datagen.replay.replay_graph_session_datagen - INFO - Event wekatrace8_0b4a56f22f01dc235b7ce1cc3aeabd6943e8:event_485_parent_turn_246 skipping — predecessor failed
2026-09-03 07:13:46,806 - inference_perf.datagen.replay.replay_graph_session_datagen - INFO - Event wekatrace8_0b4a56f22f01dc235b7ce1cc3aeabd6943e8:event_420_sa_subagent_010_16075c9a_s0_turn_1 skipping — predecessor failed
2026-09-03 07:13:46,807 - inference_perf.datagen.replay.replay_graph_session_datagen - INFO - Event wekatrace8_0b4a56f22f01dc235b7ce1cc3aeabd6943e8:event_486_parent_turn_247 skipping — predecessor failed
2026-09-03 07:13:46,807 - inference_perf.datagen.replay.replay_graph_session_datagen - INFO - Event wekatrace8_0b4a56f22f01dc235b7ce1cc3aeabd6943e8:event_421_sa_subagent_010_16075c9a_s0_turn_2 skipping — predecessor failed
2026-09-03 07:13:46,807 - inference_perf.datagen.replay.replay_graph_session_datagen - INFO - Event wekatrace8_0b4a56f22f01dc235b7ce1cc3aeabd6943e8:event_487_sa_subagent_013_0c71ca73_s0_turn_0 skipping — predecessor failed
2026-09-03 07:13:46,807 - inference_perf.datagen.replay.replay_graph_session_datagen - INFO - Event wekatrace8_0b4a56f22f01dc235b7ce1cc3aeabd6943e8:event_511_parent_turn_248 skipping — predecessor failed
2026-09-03 07:13:46,807 - inference_perf.datagen.replay.replay_graph_session_datagen - INFO - Event wekatrace8_0b4a56f22f01dc235b7ce1cc3aeabd6943e8:event_422_sa_subagent_010_16075c9a_s0_turn_3 skipping — predecessor failed
2026-09-03 07:13:46,807 - inference_perf.datagen.replay.replay_graph_session_datagen - INFO - Event wekatrace8_0b4a56f22f01dc235b7ce1cc3aeabd6943e8:event_488_sa_subagent_013_0c71ca73_s0_turn_1 skipping — predecessor failed
2026-09-03 07:13:46,807 - inference_perf.datagen.replay.replay_graph_session_datagen - INFO - Event wekatrace8_0b4a56f22f01dc235b7ce1cc3aeabd6943e8:event_512_parent_turn_249 skipping — predecessor failed
2026-09-03 07:13:46,807 - inference_perf.datagen.replay.replay_graph_session_datagen - INFO - Event wekatrace8_0b4a56f22f01dc235b7ce1cc3aeabd6943e8:event_423_sa_subagent_010_16075c9a_s0_turn_4 skipping — predecessor failed
2026-09-03 07:13:46,807 - inference_perf.datagen.replay.replay_graph_session_datagen - INFO - Event wekatrace8_0b4a56f22f01dc235b7ce1cc3aeabd6943e8:event_489_sa_subagent_013_0c71ca73_s0_turn_2 skipping — predecessor failed
2026-09-03 07:13:46,807 - inference_perf.datagen.replay.replay_graph_session_datagen - INFO - Event wekatrace8_0b4a56f22f01dc235b7ce1cc3aeabd6943e8:event_513_parent_turn_250 skipping — predecessor failed
2026-09-03 07:13:46,808 - inference_perf.datagen.replay.replay_graph_session_datagen - INFO - Event wekatrace8_0b4a56f22f01dc235b7ce1cc3aeabd6943e8:event_424_sa_subagent_010_16075c9a_s0_turn_5 skipping — predecessor failed
2026-09-03 07:13:46,808 - inference_perf.datagen.replay.replay_graph_session_datagen - INFO - Event wekatrace8_0b4a56f22f01dc235b7ce1cc3aeabd6943e8:event_490_sa_subagent_013_0c71ca73_s0_turn_3 skipping — predecessor failed
2026-09-03 07:13:46,808 - inference_perf.datagen.replay.replay_graph_session_datagen - INFO - Event wekatrace8_0b4a56f22f01dc235b7ce1cc3aeabd6943e8:event_514_parent_turn_251 skipping — predecessor failed
2026-09-03 07:13:46,808 - inference_perf.datagen.replay.replay_graph_session_datagen - INFO - Event wekatrace8_0b4a56f22f01dc235b7ce1cc3aeabd6943e8:event_425_sa_subagent_010_16075c9a_s0_turn_6 skipping — predecessor failed
2026-09-03 07:13:46,808 - inference_perf.datagen.replay.replay_graph_session_datagen - INFO - Event wekatrace8_0b4a56f22f01dc235b7ce1cc3aeabd6943e8:event_491_sa_subagent_013_0c71ca73_s0_turn_4 skipping — predecessor failed
2026-09-03 07:13:46,808 - inference_perf.datagen.replay.replay_graph_session_datagen - INFO - Event wekatrace8_0b4a56f22f01dc235b7ce1cc3aeabd6943e8:event_515_parent_turn_252 skipping — predecessor failed
2026-09-03 07:13:46,808 - inference_perf.datagen.replay.replay_graph_session_datagen - INFO - Event wekatrace8_0b4a56f22f01dc235b7ce1cc3aeabd6943e8:event_426_sa_subagent_010_16075c9a_s0_turn_7 skipping — predecessor failed
2026-09-03 07:13:46,808 - inference_perf.datagen.replay.replay_graph_session_datagen - INFO - Event wekatrace8_0b4a56f22f01dc235b7ce1cc3aeabd6943e8:event_492_sa_subagent_013_0c71ca73_s0_turn_5 skipping — predecessor failed
2026-09-03 07:13:46,808 - inference_perf.datagen.replay.replay_graph_session_datagen - INFO - Event wekatrace8_0b4a56f22f01dc235b7ce1cc3aeabd6943e8:event_516_parent_turn_253 skipping — predecessor failed
2026-09-03 07:13:46,808 - inference_perf.datagen.replay.replay_graph_session_datagen - INFO - Event wekatrace8_0b4a56f22f01dc235b7ce1cc3aeabd6943e8:event_427_sa_subagent_010_16075c9a_s0_turn_8 skipping — predecessor failed
2026-09-03 07:13:46,809 - inference_perf.datagen.replay.replay_graph_session_datagen - INFO - Event wekatrace8_0b4a56f22f01dc235b7ce1cc3aeabd6943e8:event_493_sa_subagent_013_0c71ca73_s0_turn_6 skipping — predecessor failed
2026-09-03 07:13:46,809 - inference_perf.datagen.replay.replay_graph_session_datagen - INFO - Event wekatrace8_0b4a56f22f01dc235b7ce1cc3aeabd6943e8:event_428_sa_subagent_010_16075c9a_s0_turn_9 skipping — predecessor failed
2026-09-03 07:13:46,809 - inference_perf.datagen.replay.replay_graph_session_datagen - INFO - Event wekatrace8_0b4a56f22f01dc235b7ce1cc3aeabd6943e8:event_494_sa_subagent_013_0c71ca73_s0_turn_7 skipping — predecessor failed
2026-09-03 07:13:46,809 - inference_perf.datagen.replay.replay_graph_session_datagen - INFO - Event wekatrace8_0b4a56f22f01dc235b7ce1cc3aeabd6943e8:event_429_sa_subagent_010_16075c9a_s0_turn_10 skipping — predecessor failed
2026-09-03 07:13:46,809 - inference_perf.datagen.replay.replay_graph_session_datagen - INFO - Event wekatrace8_0b4a56f22f01dc235b7ce1cc3aeabd6943e8:event_495_sa_subagent_013_0c71ca73_s0_turn_8 skipping — predecessor failed
2026-09-03 07:13:46,809 - inference_perf.datagen.replay.replay_graph_session_datagen - INFO - Event wekatrace8_0b4a56f22f01dc235b7ce1cc3aeabd6943e8:event_430_sa_subagent_010_16075c9a_s0_turn_11 skipping — predecessor failed
2026-09-03 07:13:46,809 - inference_perf.datagen.replay.replay_graph_session_datagen - INFO - Event wekatrace8_0b4a56f22f01dc235b7ce1cc3aeabd6943e8:event_496_sa_subagent_013_0c71ca73_s0_turn_9 skipping — predecessor failed
2026-09-03 07:13:46,809 - inference_perf.datagen.replay.replay_graph_session_datagen - INFO - Event wekatrace8_0b4a56f22f01dc235b7ce1cc3aeabd6943e8:event_431_sa_subagent_010_16075c9a_s0_turn_12 skipping — predecessor failed
2026-09-03 07:13:46,809 - inference_perf.datagen.replay.replay_graph_session_datagen - INFO - Event wekatrace8_0b4a56f22f01dc235b7ce1cc3aeabd6943e8:event_497_sa_subagent_013_0c71ca73_s0_turn_10 skipping — predecessor failed
2026-09-03 07:13:46,810 - inference_perf.datagen.replay.replay_graph_session_datagen - INFO - Event wekatrace8_0b4a56f22f01dc235b7ce1cc3aeabd6943e8:event_432_sa_subagent_010_16075c9a_s0_turn_13 skipping — predecessor failed
2026-09-03 07:13:46,810 - inference_perf.datagen.replay.replay_graph_session_datagen - INFO - Event wekatrace8_0b4a56f22f01dc235b7ce1cc3aeabd6943e8:event_498_sa_subagent_013_0c71ca73_s0_turn_11 skipping — predecessor failed
2026-09-03 07:13:46,810 - inference_perf.datagen.replay.replay_graph_session_datagen - INFO - Event wekatrace8_0b4a56f22f01dc235b7ce1cc3aeabd6943e8:event_433_sa_subagent_010_16075c9a_s0_turn_14 skipping — predecessor failed
2026-09-03 07:13:46,810 - inference_perf.datagen.replay.replay_graph_session_datagen - INFO - Event wekatrace8_0b4a56f22f01dc235b7ce1cc3aeabd6943e8:event_499_sa_subagent_013_0c71ca73_s0_turn_12 skipping — predecessor failed
2026-09-03 07:13:46,810 - inference_perf.datagen.replay.replay_graph_session_datagen - INFO - Event wekatrace8_0b4a56f22f01dc235b7ce1cc3aeabd6943e8:event_434_sa_subagent_010_16075c9a_s0_turn_15 skipping — predecessor failed
2026-09-03 07:13:46,810 - inference_perf.datagen.replay.replay_graph_session_datagen - INFO - Event wekatrace8_0b4a56f22f01dc235b7ce1cc3aeabd6943e8:event_500_sa_subagent_013_0c71ca73_s0_turn_13 skipping — predecessor failed
2026-09-03 07:13:46,810 - inference_perf.datagen.replay.replay_graph_session_datagen - INFO - Event wekatrace8_0b4a56f22f01dc235b7ce1cc3aeabd6943e8:event_435_sa_subagent_010_16075c9a_s0_turn_16 skipping — predecessor failed
2026-09-03 07:13:46,810 - inference_perf.datagen.replay.replay_graph_session_datagen - INFO - Event wekatrace8_0b4a56f22f01dc235b7ce1cc3aeabd6943e8:event_501_sa_subagent_013_0c71ca73_s0_turn_14 skipping — predecessor failed
2026-09-03 07:13:46,810 - inference_perf.datagen.replay.replay_graph_session_datagen - INFO - Event wekatrace8_0b4a56f22f01dc235b7ce1cc3aeabd6943e8:event_436_sa_subagent_010_16075c9a_s0_turn_17 skipping — predecessor failed
2026-09-03 07:13:46,810 - inference_perf.datagen.replay.replay_graph_session_datagen - INFO - Event wekatrace8_0b4a56f22f01dc235b7ce1cc3aeabd6943e8:event_502_sa_subagent_013_0c71ca73_s0_turn_15 skipping — predecessor failed
2026-09-03 07:13:46,811 - inference_perf.datagen.replay.replay_graph_session_datagen - INFO - Event wekatrace8_0b4a56f22f01dc235b7ce1cc3aeabd6943e8:event_437_sa_subagent_010_16075c9a_s0_turn_18 skipping — predecessor failed
2026-09-03 07:13:46,811 - inference_perf.datagen.replay.replay_graph_session_datagen - INFO - Event wekatrace8_0b4a56f22f01dc235b7ce1cc3aeabd6943e8:event_503_sa_subagent_013_0c71ca73_s0_turn_16 skipping — predecessor failed
2026-09-03 07:13:46,811 - inference_perf.datagen.replay.replay_graph_session_datagen - INFO - Event wekatrace8_0b4a56f22f01dc235b7ce1cc3aeabd6943e8:event_438_sa_subagent_010_16075c9a_s0_turn_19 skipping — predecessor failed
2026-09-03 07:13:46,811 - inference_perf.datagen.replay.replay_graph_session_datagen - INFO - Event wekatrace8_0b4a56f22f01dc235b7ce1cc3aeabd6943e8:event_504_sa_subagent_013_0c71ca73_s0_turn_17 skipping — predecessor failed
2026-09-03 07:13:46,811 - inference_perf.datagen.replay.replay_graph_session_datagen - INFO - Event wekatrace8_0b4a56f22f01dc235b7ce1cc3aeabd6943e8:event_439_sa_subagent_010_16075c9a_s0_turn_20 skipping — predecessor failed
2026-09-03 07:13:46,811 - inference_perf.datagen.replay.replay_graph_session_datagen - INFO - Event wekatrace8_0b4a56f22f01dc235b7ce1cc3aeabd6943e8:event_505_sa_subagent_013_0c71ca73_s0_turn_18 skipping — predecessor failed
2026-09-03 07:13:46,812 - inference_perf.datagen.replay.replay_graph_session_datagen - INFO - Event wekatrace8_0b4a56f22f01dc235b7ce1cc3aeabd6943e8:event_440_sa_subagent_010_16075c9a_s0_turn_21 skipping — predecessor failed
2026-09-03 07:13:46,812 - inference_perf.datagen.replay.replay_graph_session_datagen - INFO - Event wekatrace8_0b4a56f22f01dc235b7ce1cc3aeabd6943e8:event_441_sa_subagent_011_3349b004_s0_turn_0 skipping — predecessor failed
2026-09-03 07:13:46,812 - inference_perf.datagen.replay.replay_graph_session_datagen - INFO - Event wekatrace8_0b4a56f22f01dc235b7ce1cc3aeabd6943e8:event_506_sa_subagent_013_0c71ca73_s0_turn_19 skipping — predecessor failed
2026-09-03 07:13:46,812 - inference_perf.datagen.replay.replay_graph_session_datagen - INFO - Event wekatrace8_0b4a56f22f01dc235b7ce1cc3aeabd6943e8:event_442_sa_subagent_011_3349b004_s0_turn_1 skipping — predecessor failed
2026-09-03 07:13:46,812 - inference_perf.datagen.replay.replay_graph_session_datagen - INFO - Event wekatrace8_0b4a56f22f01dc235b7ce1cc3aeabd6943e8:event_507_sa_subagent_013_0c71ca73_s0_turn_20 skipping — predecessor failed
2026-09-03 07:13:46,812 - inference_perf.datagen.replay.replay_graph_session_datagen - INFO - Event wekatrace8_0b4a56f22f01dc235b7ce1cc3aeabd6943e8:event_443_sa_subagent_011_3349b004_s0_turn_2 skipping — predecessor failed
2026-09-03 07:13:46,812 - inference_perf.datagen.replay.replay_graph_session_datagen - INFO - Event wekatrace8_0b4a56f22f01dc235b7ce1cc3aeabd6943e8:event_508_sa_subagent_013_0c71ca73_s0_turn_21 skipping — predecessor failed
2026-09-03 07:13:46,812 - inference_perf.datagen.replay.replay_graph_session_datagen - INFO - Event wekatrace8_0b4a56f22f01dc235b7ce1cc3aeabd6943e8:event_444_sa_subagent_011_3349b004_s0_turn_3 skipping — predecessor failed
2026-09-03 07:13:46,812 - inference_perf.datagen.replay.replay_graph_session_datagen - INFO - Event wekatrace8_0b4a56f22f01dc235b7ce1cc3aeabd6943e8:event_509_sa_subagent_013_0c71ca73_s0_turn_22 skipping — predecessor failed
2026-09-03 07:13:46,812 - inference_perf.datagen.replay.replay_graph_session_datagen - INFO - Event wekatrace8_0b4a56f22f01dc235b7ce1cc3aeabd6943e8:event_445_sa_subagent_011_3349b004_s0_turn_4 skipping — predecessor failed
2026-09-03 07:13:46,813 - inference_perf.datagen.replay.replay_graph_session_datagen - INFO - Event wekatrace8_0b4a56f22f01dc235b7ce1cc3aeabd6943e8:event_510_sa_subagent_013_0c71ca73_s0_turn_23 skipping — predecessor failed
2026-09-03 07:13:46,813 - inference_perf.datagen.replay.replay_graph_session_datagen - INFO - Event wekatrace8_0b4a56f22f01dc235b7ce1cc3aeabd6943e8:event_446_sa_subagent_011_3349b004_s0_turn_5 skipping — predecessor failed
2026-09-03 07:13:46,813 - inference_perf.datagen.replay.replay_graph_session_datagen - INFO - Event wekatrace8_0b4a56f22f01dc235b7ce1cc3aeabd6943e8:event_447_sa_subagent_011_3349b004_s0_turn_6 skipping — predecessor failed
2026-09-03 07:13:46,813 - inference_perf.datagen.replay.replay_graph_session_datagen - INFO - Event wekatrace8_0b4a56f22f01dc235b7ce1cc3aeabd6943e8:event_448_sa_subagent_011_3349b004_s0_turn_7 skipping — predecessor failed
2026-09-03 07:13:46,813 - inference_perf.datagen.replay.replay_graph_session_datagen - INFO - Event wekatrace8_0b4a56f22f01dc235b7ce1cc3aeabd6943e8:event_449_sa_subagent_011_3349b004_s0_turn_8 skipping — predecessor failed
2026-09-03 07:13:46,813 - inference_perf.datagen.replay.replay_graph_session_datagen - INFO - Event wekatrace8_0b4a56f22f01dc235b7ce1cc3aeabd6943e8:event_450_sa_subagent_011_3349b004_s0_turn_9 skipping — predecessor failed
2026-09-03 07:13:46,813 - inference_perf.datagen.replay.replay_graph_session_datagen - INFO - Event wekatrace8_0b4a56f22f01dc235b7ce1cc3aeabd6943e8:event_451_sa_subagent_011_3349b004_s0_turn_10 skipping — predecessor failed
2026-09-03 07:13:46,813 - inference_perf.datagen.replay.replay_graph_session_datagen - INFO - Event wekatrace8_0b4a56f22f01dc235b7ce1cc3aeabd6943e8:event_452_sa_subagent_011_3349b004_s0_turn_11 skipping — predecessor failed
2026-09-03 07:13:46,813 - inference_perf.datagen.replay.replay_graph_session_datagen - INFO - Event wekatrace8_0b4a56f22f01dc235b7ce1cc3aeabd6943e8:event_453_sa_subagent_011_3349b004_s0_turn_12 skipping — predecessor failed
2026-09-03 07:13:46,814 - inference_perf.datagen.replay.replay_graph_session_datagen - INFO - Event wekatrace8_0b4a56f22f01dc235b7ce1cc3aeabd6943e8:event_454_sa_subagent_011_3349b004_s0_turn_13 skipping — predecessor failed
2026-09-03 07:13:46,814 - inference_perf.datagen.replay.replay_graph_session_datagen - INFO - Event wekatrace8_0b4a56f22f01dc235b7ce1cc3aeabd6943e8:event_455_sa_subagent_011_3349b004_s0_turn_14 skipping — predecessor failed
2026-09-03 07:13:46,814 - inference_perf.datagen.replay.replay_graph_session_datagen - INFO - Event wekatrace8_0b4a56f22f01dc235b7ce1cc3aeabd6943e8:event_456_sa_subagent_011_3349b004_s0_turn_15 skipping — predecessor failed
2026-09-03 07:13:46,814 - inference_perf.datagen.replay.replay_graph_session_datagen - INFO - Event wekatrace8_0b4a56f22f01dc235b7ce1cc3aeabd6943e8:event_457_sa_subagent_011_3349b004_s0_turn_16 skipping — predecessor failed
2026-09-03 07:13:46,814 - inference_perf.datagen.replay.replay_graph_session_datagen - INFO - Event wekatrace8_0b4a56f22f01dc235b7ce1cc3aeabd6943e8:event_458_sa_subagent_011_3349b004_s0_turn_17 skipping — predecessor failed
2026-09-03 07:13:46,814 - inference_perf.datagen.replay.replay_graph_session_datagen - INFO - Event wekatrace8_0b4a56f22f01dc235b7ce1cc3aeabd6943e8:event_459_sa_subagent_011_3349b004_s0_turn_18 skipping — predecessor failed
2026-09-03 07:13:46,814 - inference_perf.datagen.replay.replay_graph_session_datagen - INFO - Event wekatrace8_0b4a56f22f01dc235b7ce1cc3aeabd6943e8:event_460_sa_subagent_011_3349b004_s0_turn_19 skipping — predecessor failed
2026-09-03 07:13:46,815 - inference_perf.datagen.replay.replay_graph_session_datagen - INFO - Event wekatrace8_0b4a56f22f01dc235b7ce1cc3aeabd6943e8:event_461_sa_subagent_012_4dbabe22_s0_turn_0 skipping — predecessor failed
2026-09-03 07:13:46,815 - inference_perf.datagen.replay.replay_graph_session_datagen - INFO - Event wekatrace8_0b4a56f22f01dc235b7ce1cc3aeabd6943e8:event_462_sa_subagent_012_4dbabe22_s0_turn_1 skipping — predecessor failed
2026-09-03 07:13:46,815 - inference_perf.datagen.replay.replay_graph_session_datagen - INFO - Event wekatrace8_0b4a56f22f01dc235b7ce1cc3aeabd6943e8:event_463_sa_subagent_012_4dbabe22_s0_turn_2 skipping — predecessor failed
2026-09-03 07:13:46,815 - inference_perf.datagen.replay.replay_graph_session_datagen - INFO - Event wekatrace8_0b4a56f22f01dc235b7ce1cc3aeabd6943e8:event_464_sa_subagent_012_4dbabe22_s0_turn_3 skipping — predecessor failed
2026-09-03 07:13:46,815 - inference_perf.datagen.replay.replay_graph_session_datagen - INFO - Event wekatrace8_0b4a56f22f01dc235b7ce1cc3aeabd6943e8:event_465_sa_subagent_012_4dbabe22_s0_turn_4 skipping — predecessor failed
2026-09-03 07:13:46,815 - inference_perf.datagen.replay.replay_graph_session_datagen - INFO - Event wekatrace8_0b4a56f22f01dc235b7ce1cc3aeabd6943e8:event_466_sa_subagent_012_4dbabe22_s0_turn_5 skipping — predecessor failed
2026-09-03 07:13:46,815 - inference_perf.datagen.replay.replay_graph_session_datagen - INFO - Event wekatrace8_0b4a56f22f01dc235b7ce1cc3aeabd6943e8:event_467_sa_subagent_012_4dbabe22_s0_turn_6 skipping — predecessor failed
2026-09-03 07:13:46,816 - inference_perf.datagen.replay.replay_graph_session_datagen - INFO - Event wekatrace8_0b4a56f22f01dc235b7ce1cc3aeabd6943e8:event_468_sa_subagent_012_4dbabe22_s0_turn_7 skipping — predecessor failed
2026-09-03 07:13:46,816 - inference_perf.datagen.replay.replay_graph_session_datagen - INFO - Event wekatrace8_0b4a56f22f01dc235b7ce1cc3aeabd6943e8:event_469_sa_subagent_012_4dbabe22_s0_turn_8 skipping — predecessor failed
2026-09-03 07:13:46,816 - inference_perf.datagen.replay.replay_graph_session_datagen - INFO - Event wekatrace8_0b4a56f22f01dc235b7ce1cc3aeabd6943e8:event_470_sa_subagent_012_4dbabe22_s0_turn_9 skipping — predecessor failed
2026-09-03 07:13:46,816 - inference_perf.datagen.replay.replay_graph_session_datagen - INFO - Event wekatrace8_0b4a56f22f01dc235b7ce1cc3aeabd6943e8:event_471_sa_subagent_012_4dbabe22_s0_turn_10 skipping — predecessor failed
2026-09-03 07:13:46,816 - inference_perf.datagen.replay.replay_graph_session_datagen - INFO - Event wekatrace8_0b4a56f22f01dc235b7ce1cc3aeabd6943e8:event_472_sa_subagent_012_4dbabe22_s0_turn_11 skipping — predecessor failed
2026-09-03 07:13:46,816 - inference_perf.datagen.replay.replay_graph_session_datagen - INFO - Event wekatrace8_0b4a56f22f01dc235b7ce1cc3aeabd6943e8:event_473_sa_subagent_012_4dbabe22_s0_turn_12 skipping — predecessor failed
2026-09-03 07:13:46,816 - inference_perf.datagen.replay.replay_graph_session_datagen - INFO - Event wekatrace8_0b4a56f22f01dc235b7ce1cc3aeabd6943e8:event_474_sa_subagent_012_4dbabe22_s0_turn_13 skipping — predecessor failed
2026-09-03 07:13:46,817 - inference_perf.datagen.replay.replay_graph_session_datagen - INFO - Event wekatrace8_0b4a56f22f01dc235b7ce1cc3aeabd6943e8:event_475_sa_subagent_012_4dbabe22_s0_turn_14 skipping — predecessor failed
2026-09-03 07:13:46,817 - inference_perf.datagen.replay.replay_graph_session_datagen - INFO - Event wekatrace8_0b4a56f22f01dc235b7ce1cc3aeabd6943e8:event_476_sa_subagent_012_4dbabe22_s0_turn_15 skipping — predecessor failed
2026-09-03 07:13:46,817 - inference_perf.datagen.replay.replay_graph_session_datagen - INFO - Event wekatrace8_0b4a56f22f01dc235b7ce1cc3aeabd6943e8:event_477_sa_subagent_012_4dbabe22_s0_turn_16 skipping — predecessor failed
2026-09-03 07:13:46,817 - inference_perf.datagen.replay.replay_graph_session_datagen - INFO - Event wekatrace8_0b4a56f22f01dc235b7ce1cc3aeabd6943e8:event_478_sa_subagent_012_4dbabe22_s0_turn_17 skipping — predecessor failed
2026-09-03 07:13:46,819 - inference_perf.datagen.replay.replay_graph_session_datagen - INFO - Event wekatrace8_0b4a56f22f01dc235b7ce1cc3aeabd6943e8:event_479_sa_subagent_012_4dbabe22_s0_turn_18 skipping — predecessor failed
2026-09-03 07:13:46,819 - inference_perf.datagen.replay.replay_graph_session_datagen - INFO - Event wekatrace8_0b4a56f22f01dc235b7ce1cc3aeabd6943e8:event_480_sa_subagent_012_4dbabe22_s0_turn_19 skipping — predecessor failed
2026-09-03 07:13:46,819 - inference_perf.datagen.replay.replay_graph_session_datagen - INFO - Event wekatrace8_0b4a56f22f01dc235b7ce1cc3aeabd6943e8:event_481_sa_subagent_012_4dbabe22_s0_turn_20 skipping — predecessor failed
2026-09-03 07:13:46,819 - inference_perf.datagen.replay.replay_graph_session_datagen - INFO - Event wekatrace8_0b4a56f22f01dc235b7ce1cc3aeabd6943e8:event_482_sa_subagent_012_4dbabe22_s0_turn_21 skipping — predecessor failed
2026-09-03 07:13:46,819 - inference_perf.datagen.replay.replay_graph_session_datagen - INFO - Event wekatrace8_0b4a56f22f01dc235b7ce1cc3aeabd6943e8:event_483_sa_subagent_012_4dbabe22_s0_turn_22 skipping — predecessor failed
2026-09-03 07:13:46,820 - inference_perf.datagen.replay.replay_graph_session_datagen - INFO - Event wekatrace8_0b4a56f22f01dc235b7ce1cc3aeabd6943e8:event_484_sa_subagent_012_4dbabe22_s0_turn_23 skipping — predecessor failed
2026-09-03 07:13:50,754 - inference_perf.datagen.replay.replay_graph_session_datagen - INFO - Event wekatrace5_09a5d415a7157ed48a5a6fa2711f2d8565c1:event_150_sa_subagent_005_cb11a7ac_s0_turn_12 skipping — predecessor wait failed: TimeoutError
2026-09-03 07:13:50,755 - inference_perf.datagen.replay.replay_graph_session_datagen - INFO - Event wekatrace5_09a5d415a7157ed48a5a6fa2711f2d8565c1:event_151_parent_turn_73 skipping — predecessor failed
2026-09-03 07:13:50,755 - inference_perf.datagen.replay.replay_graph_session_datagen - INFO - Event wekatrace5_09a5d415a7157ed48a5a6fa2711f2d8565c1:event_152_parent_turn_74 skipping — predecessor failed
2026-09-03 07:13:50,755 - inference_perf.datagen.replay.replay_graph_session_datagen - INFO - Event wekatrace5_09a5d415a7157ed48a5a6fa2711f2d8565c1:event_153_parent_turn_75 skipping — predecessor failed
2026-09-03 07:13:50,755 - inference_perf.datagen.replay.replay_graph_session_datagen - INFO - Event wekatrace5_09a5d415a7157ed48a5a6fa2711f2d8565c1:event_154_parent_turn_76 skipping — predecessor failed
2026-09-03 07:13:50,755 - inference_perf.datagen.replay.replay_graph_session_datagen - INFO - Event wekatrace5_09a5d415a7157ed48a5a6fa2711f2d8565c1:event_155_parent_turn_77 skipping — predecessor failed
2026-09-03 07:13:50,755 - inference_perf.datagen.replay.replay_graph_session_datagen - INFO - Event wekatrace5_09a5d415a7157ed48a5a6fa2711f2d8565c1:event_156_parent_turn_78 skipping — predecessor failed
2026-09-03 07:13:50,755 - inference_perf.datagen.replay.replay_graph_session_datagen - INFO - Event wekatrace5_09a5d415a7157ed48a5a6fa2711f2d8565c1:event_157_parent_turn_79 skipping — predecessor failed
2026-09-03 07:13:50,755 - inference_perf.datagen.replay.replay_graph_session_datagen - INFO - Event wekatrace5_09a5d415a7157ed48a5a6fa2711f2d8565c1:event_158_parent_turn_80 skipping — predecessor failed
2026-09-03 07:13:50,756 - inference_perf.datagen.replay.replay_graph_session_datagen - INFO - Event wekatrace5_09a5d415a7157ed48a5a6fa2711f2d8565c1:event_159_parent_turn_81 skipping — predecessor failed
2026-09-03 07:13:50,756 - inference_perf.datagen.replay.replay_graph_session_datagen - INFO - Event wekatrace5_09a5d415a7157ed48a5a6fa2711f2d8565c1:event_160_parent_turn_82 skipping — predecessor failed
2026-09-03 07:13:50,756 - inference_perf.datagen.replay.replay_graph_session_datagen - INFO - Event wekatrace5_09a5d415a7157ed48a5a6fa2711f2d8565c1:event_161_parent_turn_83 skipping — predecessor failed
2026-09-03 07:13:50,756 - inference_perf.datagen.replay.replay_graph_session_datagen - INFO - Event wekatrace5_09a5d415a7157ed48a5a6fa2711f2d8565c1:event_162_parent_turn_84 skipping — predecessor failed
2026-09-03 07:13:50,756 - inference_perf.datagen.replay.replay_graph_session_datagen - INFO - Event wekatrace5_09a5d415a7157ed48a5a6fa2711f2d8565c1:event_163_parent_turn_85 skipping — predecessor failed
2026-09-03 07:13:50,756 - inference_perf.datagen.replay.replay_graph_session_datagen - INFO - Event wekatrace5_09a5d415a7157ed48a5a6fa2711f2d8565c1:event_164_parent_turn_86 skipping — predecessor failed
2026-09-03 07:13:50,757 - inference_perf.datagen.replay.replay_graph_session_datagen - INFO - Event wekatrace5_09a5d415a7157ed48a5a6fa2711f2d8565c1:event_165_parent_turn_87 skipping — predecessor failed
2026-09-03 07:13:50,757 - inference_perf.datagen.replay.replay_graph_session_datagen - INFO - Event wekatrace5_09a5d415a7157ed48a5a6fa2711f2d8565c1:event_166_parent_turn_88 skipping — predecessor failed
2026-09-03 07:13:50,757 - inference_perf.datagen.replay.replay_graph_session_datagen - INFO - Event wekatrace5_09a5d415a7157ed48a5a6fa2711f2d8565c1:event_167_parent_turn_89 skipping — predecessor failed
2026-09-03 07:13:50,757 - inference_perf.datagen.replay.replay_graph_session_datagen - INFO - Event wekatrace5_09a5d415a7157ed48a5a6fa2711f2d8565c1:event_168_parent_turn_90 skipping — predecessor failed
2026-09-03 07:13:50,757 - inference_perf.datagen.replay.replay_graph_session_datagen - INFO - Event wekatrace5_09a5d415a7157ed48a5a6fa2711f2d8565c1:event_169_parent_turn_91 skipping — predecessor failed
2026-09-03 07:13:50,757 - inference_perf.datagen.replay.replay_graph_session_datagen - INFO - Event wekatrace5_09a5d415a7157ed48a5a6fa2711f2d8565c1:event_170_parent_turn_92 skipping — predecessor failed
2026-09-03 07:13:50,757 - inference_perf.datagen.replay.replay_graph_session_datagen - INFO - Event wekatrace5_09a5d415a7157ed48a5a6fa2711f2d8565c1:event_171_parent_turn_93 skipping — predecessor failed
2026-09-03 07:13:50,758 - inference_perf.datagen.replay.replay_graph_session_datagen - INFO - Event wekatrace5_09a5d415a7157ed48a5a6fa2711f2d8565c1:event_172_parent_turn_94 skipping — predecessor failed
2026-09-03 07:13:50,758 - inference_perf.datagen.replay.replay_graph_session_datagen - INFO - Event wekatrace5_09a5d415a7157ed48a5a6fa2711f2d8565c1:event_173_parent_turn_95 skipping — predecessor failed
2026-09-03 07:13:50,758 - inference_perf.datagen.replay.replay_graph_session_datagen - INFO - Event wekatrace5_09a5d415a7157ed48a5a6fa2711f2d8565c1:event_174_parent_turn_96 skipping — predecessor failed
2026-09-03 07:13:50,758 - inference_perf.datagen.replay.replay_graph_session_datagen - INFO - Event wekatrace5_09a5d415a7157ed48a5a6fa2711f2d8565c1:event_175_parent_turn_97 skipping — predecessor failed
2026-09-03 07:13:50,758 - inference_perf.datagen.replay.replay_graph_session_datagen - INFO - Event wekatrace5_09a5d415a7157ed48a5a6fa2711f2d8565c1:event_176_parent_turn_98 skipping — predecessor failed
2026-09-03 07:13:50,759 - inference_perf.datagen.replay.replay_graph_session_datagen - INFO - Event wekatrace5_09a5d415a7157ed48a5a6fa2711f2d8565c1:event_177_parent_turn_99 skipping — predecessor failed
2026-09-03 07:13:50,759 - inference_perf.datagen.replay.replay_graph_session_datagen - INFO - Event wekatrace5_09a5d415a7157ed48a5a6fa2711f2d8565c1:event_178_parent_turn_100 skipping — predecessor failed
2026-09-03 07:13:50,759 - inference_perf.datagen.replay.replay_graph_session_datagen - INFO - Event wekatrace5_09a5d415a7157ed48a5a6fa2711f2d8565c1:event_179_parent_turn_101 skipping — predecessor failed
2026-09-03 07:13:50,759 - inference_perf.datagen.replay.replay_graph_session_datagen - INFO - Event wekatrace5_09a5d415a7157ed48a5a6fa2711f2d8565c1:event_180_parent_turn_102 skipping — predecessor failed
2026-09-03 07:13:50,759 - inference_perf.datagen.replay.replay_graph_session_datagen - INFO - Event wekatrace5_09a5d415a7157ed48a5a6fa2711f2d8565c1:event_181_parent_turn_103 skipping — predecessor failed
2026-09-03 07:13:50,759 - inference_perf.datagen.replay.replay_graph_session_datagen - INFO - Event wekatrace5_09a5d415a7157ed48a5a6fa2711f2d8565c1:event_182_parent_turn_104 skipping — predecessor failed
2026-09-03 07:13:50,760 - inference_perf.datagen.replay.replay_graph_session_datagen - INFO - Event wekatrace5_09a5d415a7157ed48a5a6fa2711f2d8565c1:event_183_parent_turn_105 skipping — predecessor failed
2026-09-03 07:13:50,760 - inference_perf.datagen.replay.replay_graph_session_datagen - INFO - Event wekatrace5_09a5d415a7157ed48a5a6fa2711f2d8565c1:event_184_parent_turn_106 skipping — predecessor failed
2026-09-03 07:13:50,760 - inference_perf.datagen.replay.replay_graph_session_datagen - INFO - Event wekatrace5_09a5d415a7157ed48a5a6fa2711f2d8565c1:event_185_parent_turn_107 skipping — predecessor failed
2026-09-03 07:13:50,760 - inference_perf.datagen.replay.replay_graph_session_datagen - INFO - Event wekatrace5_09a5d415a7157ed48a5a6fa2711f2d8565c1:event_186_parent_turn_108 skipping — predecessor failed
2026-09-03 07:13:50,760 - inference_perf.datagen.replay.replay_graph_session_datagen - INFO - Event wekatrace5_09a5d415a7157ed48a5a6fa2711f2d8565c1:event_187_parent_turn_109 skipping — predecessor failed
2026-09-03 07:13:50,762 - inference_perf.datagen.replay.replay_graph_session_datagen - INFO - Event wekatrace5_09a5d415a7157ed48a5a6fa2711f2d8565c1:event_188_parent_turn_110 skipping — predecessor failed
2026-09-03 07:13:50,763 - inference_perf.datagen.replay.replay_graph_session_datagen - INFO - Event wekatrace5_09a5d415a7157ed48a5a6fa2711f2d8565c1:event_189_parent_turn_111 skipping — predecessor failed
2026-09-03 07:13:50,763 - inference_perf.datagen.replay.replay_graph_session_datagen - INFO - Event wekatrace5_09a5d415a7157ed48a5a6fa2711f2d8565c1:event_190_parent_turn_112 skipping — predecessor failed
2026-09-03 07:13:50,763 - inference_perf.datagen.replay.replay_graph_session_datagen - INFO - Event wekatrace5_09a5d415a7157ed48a5a6fa2711f2d8565c1:event_191_parent_turn_113 skipping — predecessor failed
2026-09-03 07:13:50,763 - inference_perf.datagen.replay.replay_graph_session_datagen - INFO - Event wekatrace5_09a5d415a7157ed48a5a6fa2711f2d8565c1:event_192_parent_turn_114 skipping — predecessor failed
2026-09-03 07:13:50,763 - inference_perf.datagen.replay.replay_graph_session_datagen - INFO - Event wekatrace5_09a5d415a7157ed48a5a6fa2711f2d8565c1:event_193_parent_turn_115 skipping — predecessor failed
2026-09-03 07:13:50,763 - inference_perf.datagen.replay.replay_graph_session_datagen - INFO - Event wekatrace5_09a5d415a7157ed48a5a6fa2711f2d8565c1:event_194_parent_turn_116 skipping — predecessor failed
2026-09-03 07:13:50,763 - inference_perf.datagen.replay.replay_graph_session_datagen - INFO - Event wekatrace5_09a5d415a7157ed48a5a6fa2711f2d8565c1:event_195_parent_turn_117 skipping — predecessor failed
2026-09-03 07:13:50,764 - inference_perf.datagen.replay.replay_graph_session_datagen - INFO - Event wekatrace5_09a5d415a7157ed48a5a6fa2711f2d8565c1:event_196_parent_turn_118 skipping — predecessor failed
2026-09-03 07:13:50,764 - inference_perf.datagen.replay.replay_graph_session_datagen - INFO - Event wekatrace5_09a5d415a7157ed48a5a6fa2711f2d8565c1:event_197_parent_turn_119 skipping — predecessor failed
2026-09-03 07:13:50,764 - inference_perf.datagen.replay.replay_graph_session_datagen - INFO - Event wekatrace5_09a5d415a7157ed48a5a6fa2711f2d8565c1:event_198_parent_turn_120 skipping — predecessor failed
2026-09-03 07:13:50,764 - inference_perf.datagen.replay.replay_graph_session_datagen - INFO - Event wekatrace5_09a5d415a7157ed48a5a6fa2711f2d8565c1:event_199_parent_turn_121 skipping — predecessor failed
2026-09-03 07:13:50,764 - inference_perf.datagen.replay.replay_graph_session_datagen - INFO - Event wekatrace5_09a5d415a7157ed48a5a6fa2711f2d8565c1:event_200_parent_turn_122 skipping — predecessor failed
2026-09-03 07:13:50,764 - inference_perf.datagen.replay.replay_graph_session_datagen - INFO - Event wekatrace5_09a5d415a7157ed48a5a6fa2711f2d8565c1:event_201_parent_turn_123 skipping — predecessor failed
2026-09-03 07:13:50,765 - inference_perf.datagen.replay.replay_graph_session_datagen - INFO - Event wekatrace5_09a5d415a7157ed48a5a6fa2711f2d8565c1:event_202_parent_turn_124 skipping — predecessor failed
2026-09-03 07:13:50,765 - inference_perf.datagen.replay.replay_graph_session_datagen - INFO - Event wekatrace5_09a5d415a7157ed48a5a6fa2711f2d8565c1:event_203_parent_turn_125 skipping — predecessor failed
2026-09-03 07:13:50,765 - inference_perf.datagen.replay.replay_graph_session_datagen - INFO - Event wekatrace5_09a5d415a7157ed48a5a6fa2711f2d8565c1:event_204_parent_turn_126 skipping — predecessor failed
2026-09-03 07:13:50,765 - inference_perf.datagen.replay.replay_graph_session_datagen - INFO - Event wekatrace5_09a5d415a7157ed48a5a6fa2711f2d8565c1:event_205_parent_turn_127 skipping — predecessor failed
2026-09-03 07:13:50,765 - inference_perf.datagen.replay.replay_graph_session_datagen - INFO - Event wekatrace5_09a5d415a7157ed48a5a6fa2711f2d8565c1:event_206_parent_turn_128 skipping — predecessor failed
2026-09-03 07:13:50,765 - inference_perf.datagen.replay.replay_graph_session_datagen - INFO - Event wekatrace5_09a5d415a7157ed48a5a6fa2711f2d8565c1:event_207_parent_turn_129 skipping — predecessor failed
2026-09-03 07:13:50,766 - inference_perf.datagen.replay.replay_graph_session_datagen - INFO - Event wekatrace5_09a5d415a7157ed48a5a6fa2711f2d8565c1:event_208_parent_turn_130 skipping — predecessor failed
2026-09-03 07:13:50,766 - inference_perf.datagen.replay.replay_graph_session_datagen - INFO - Event wekatrace5_09a5d415a7157ed48a5a6fa2711f2d8565c1:event_209_parent_turn_131 skipping — predecessor failed
2026-09-03 07:13:50,766 - inference_perf.datagen.replay.replay_graph_session_datagen - INFO - Event wekatrace5_09a5d415a7157ed48a5a6fa2711f2d8565c1:event_210_parent_turn_132 skipping — predecessor failed
2026-09-03 07:13:50,766 - inference_perf.datagen.replay.replay_graph_session_datagen - INFO - Event wekatrace5_09a5d415a7157ed48a5a6fa2711f2d8565c1:event_211_parent_turn_133 skipping — predecessor failed
2026-09-03 07:13:50,766 - inference_perf.datagen.replay.replay_graph_session_datagen - INFO - Event wekatrace5_09a5d415a7157ed48a5a6fa2711f2d8565c1:event_212_parent_turn_134 skipping — predecessor failed
2026-09-03 07:13:50,766 - inference_perf.datagen.replay.replay_graph_session_datagen - INFO - Event wekatrace5_09a5d415a7157ed48a5a6fa2711f2d8565c1:event_213_parent_turn_135 skipping — predecessor failed
2026-09-03 07:13:50,767 - inference_perf.datagen.replay.replay_graph_session_datagen - INFO - Event wekatrace5_09a5d415a7157ed48a5a6fa2711f2d8565c1:event_214_parent_turn_136 skipping — predecessor failed
2026-09-03 07:13:50,767 - inference_perf.datagen.replay.replay_graph_session_datagen - INFO - Event wekatrace5_09a5d415a7157ed48a5a6fa2711f2d8565c1:event_215_parent_turn_137 skipping — predecessor failed
2026-09-03 07:13:50,767 - inference_perf.datagen.replay.replay_graph_session_datagen - INFO - Event wekatrace5_09a5d415a7157ed48a5a6fa2711f2d8565c1:event_216_parent_turn_138 skipping — predecessor failed
2026-09-03 07:13:50,767 - inference_perf.datagen.replay.replay_graph_session_datagen - INFO - Event wekatrace5_09a5d415a7157ed48a5a6fa2711f2d8565c1:event_217_parent_turn_139 skipping — predecessor failed
2026-09-03 07:13:50,767 - inference_perf.datagen.replay.replay_graph_session_datagen - INFO - Event wekatrace5_09a5d415a7157ed48a5a6fa2711f2d8565c1:event_218_parent_turn_140 skipping — predecessor failed
2026-09-03 07:13:50,767 - inference_perf.datagen.replay.replay_graph_session_datagen - INFO - Event wekatrace5_09a5d415a7157ed48a5a6fa2711f2d8565c1:event_219_parent_turn_141 skipping — predecessor failed
2026-09-03 07:13:50,768 - inference_perf.datagen.replay.replay_graph_session_datagen - INFO - Event wekatrace5_09a5d415a7157ed48a5a6fa2711f2d8565c1:event_220_parent_turn_142 skipping — predecessor failed
2026-09-03 07:13:50,768 - inference_perf.datagen.replay.replay_graph_session_datagen - INFO - Event wekatrace5_09a5d415a7157ed48a5a6fa2711f2d8565c1:event_221_parent_turn_143 skipping — predecessor failed
2026-09-03 07:13:50,768 - inference_perf.datagen.replay.replay_graph_session_datagen - INFO - Event wekatrace5_09a5d415a7157ed48a5a6fa2711f2d8565c1:event_222_parent_turn_144 skipping — predecessor failed
2026-09-03 07:13:50,768 - inference_perf.datagen.replay.replay_graph_session_datagen - INFO - Event wekatrace5_09a5d415a7157ed48a5a6fa2711f2d8565c1:event_223_parent_turn_145 skipping — predecessor failed
2026-09-03 07:13:50,768 - inference_perf.datagen.replay.replay_graph_session_datagen - INFO - Event wekatrace5_09a5d415a7157ed48a5a6fa2711f2d8565c1:event_224_parent_turn_146 skipping — predecessor failed
2026-09-03 07:13:50,768 - inference_perf.datagen.replay.replay_graph_session_datagen - INFO - Event wekatrace5_09a5d415a7157ed48a5a6fa2711f2d8565c1:event_225_parent_turn_147 skipping — predecessor failed
2026-09-03 07:13:50,769 - inference_perf.datagen.replay.replay_graph_session_datagen - INFO - Event wekatrace5_09a5d415a7157ed48a5a6fa2711f2d8565c1:event_226_parent_turn_148 skipping — predecessor failed
2026-09-03 07:13:50,769 - inference_perf.datagen.replay.replay_graph_session_datagen - INFO - Event wekatrace5_09a5d415a7157ed48a5a6fa2711f2d8565c1:event_227_parent_turn_149 skipping — predecessor failed
2026-09-03 07:13:50,769 - inference_perf.datagen.replay.replay_graph_session_datagen - INFO - Event wekatrace5_09a5d415a7157ed48a5a6fa2711f2d8565c1:event_228_parent_turn_150 skipping — predecessor failed
2026-09-03 07:13:50,769 - inference_perf.datagen.replay.replay_graph_session_datagen - INFO - Event wekatrace5_09a5d415a7157ed48a5a6fa2711f2d8565c1:event_229_parent_turn_151 skipping — predecessor failed
2026-09-03 07:13:50,769 - inference_perf.datagen.replay.replay_graph_session_datagen - INFO - Event wekatrace5_09a5d415a7157ed48a5a6fa2711f2d8565c1:event_230_parent_turn_152 skipping — predecessor failed
2026-09-03 07:13:50,769 - inference_perf.datagen.replay.replay_graph_session_datagen - INFO - Event wekatrace5_09a5d415a7157ed48a5a6fa2711f2d8565c1:event_231_parent_turn_153 skipping — predecessor failed
2026-09-03 07:13:50,769 - inference_perf.datagen.replay.replay_graph_session_datagen - INFO - Event wekatrace5_09a5d415a7157ed48a5a6fa2711f2d8565c1:event_232_parent_turn_154 skipping — predecessor failed
2026-09-03 07:13:50,769 - inference_perf.datagen.replay.replay_graph_session_datagen - INFO - Event wekatrace5_09a5d415a7157ed48a5a6fa2711f2d8565c1:event_233_parent_turn_155 skipping — predecessor failed
2026-09-03 07:13:50,770 - inference_perf.datagen.replay.replay_graph_session_datagen - INFO - Event wekatrace5_09a5d415a7157ed48a5a6fa2711f2d8565c1:event_234_parent_turn_156 skipping — predecessor failed
2026-09-03 07:13:50,770 - inference_perf.datagen.replay.replay_graph_session_datagen - INFO - Event wekatrace5_09a5d415a7157ed48a5a6fa2711f2d8565c1:event_235_parent_turn_157 skipping — predecessor failed
2026-09-03 07:13:50,770 - inference_perf.datagen.replay.replay_graph_session_datagen - INFO - Event wekatrace5_09a5d415a7157ed48a5a6fa2711f2d8565c1:event_236_parent_turn_158 skipping — predecessor failed
2026-09-03 07:13:50,770 - inference_perf.datagen.replay.replay_graph_session_datagen - INFO - Event wekatrace5_09a5d415a7157ed48a5a6fa2711f2d8565c1:event_237_parent_turn_159 skipping — predecessor failed
2026-09-03 07:13:50,770 - inference_perf.datagen.replay.replay_graph_session_datagen - INFO - Event wekatrace5_09a5d415a7157ed48a5a6fa2711f2d8565c1:event_238_parent_turn_160 skipping — predecessor failed
2026-09-03 07:13:50,770 - inference_perf.datagen.replay.replay_graph_session_datagen - INFO - Event wekatrace5_09a5d415a7157ed48a5a6fa2711f2d8565c1:event_239_parent_turn_161 skipping — predecessor failed
2026-09-03 07:13:50,770 - inference_perf.datagen.replay.replay_graph_session_datagen - INFO - Event wekatrace5_09a5d415a7157ed48a5a6fa2711f2d8565c1:event_240_parent_turn_162 skipping — predecessor failed
2026-09-03 07:13:50,770 - inference_perf.datagen.replay.replay_graph_session_datagen - INFO - Event wekatrace5_09a5d415a7157ed48a5a6fa2711f2d8565c1:event_241_parent_turn_163 skipping — predecessor failed
2026-09-03 07:13:50,771 - inference_perf.datagen.replay.replay_graph_session_datagen - INFO - Event wekatrace5_09a5d415a7157ed48a5a6fa2711f2d8565c1:event_242_parent_turn_164 skipping — predecessor failed
2026-09-03 07:16:22,007 - inference_perf.datagen.replay.replay_graph_session_datagen - INFO - Event wekatrace14_1d52e24446ecdb36d1351d53094d8a67f621:event_122_parent_turn_101 skipping — predecessor wait failed: TimeoutError
2026-09-03 07:16:22,008 - inference_perf.datagen.replay.replay_graph_session_datagen - INFO - Event wekatrace14_1d52e24446ecdb36d1351d53094d8a67f621:event_123_parent_turn_102 skipping — predecessor failed
2026-09-03 07:16:22,008 - inference_perf.datagen.replay.replay_graph_session_datagen - INFO - Event wekatrace14_1d52e24446ecdb36d1351d53094d8a67f621:event_124_parent_turn_103 skipping — predecessor failed
2026-09-03 07:16:22,009 - inference_perf.datagen.replay.replay_graph_session_datagen - INFO - Event wekatrace14_1d52e24446ecdb36d1351d53094d8a67f621:event_125_parent_turn_104 skipping — predecessor failed
2026-09-03 07:16:22,009 - inference_perf.datagen.replay.replay_graph_session_datagen - INFO - Event wekatrace14_1d52e24446ecdb36d1351d53094d8a67f621:event_126_parent_turn_105 skipping — predecessor failed
2026-09-03 07:16:22,009 - inference_perf.datagen.replay.replay_graph_session_datagen - INFO - Event wekatrace14_1d52e24446ecdb36d1351d53094d8a67f621:event_127_parent_turn_106 skipping — predecessor failed
2026-09-03 07:16:22,009 - inference_perf.datagen.replay.replay_graph_session_datagen - INFO - Event wekatrace14_1d52e24446ecdb36d1351d53094d8a67f621:event_128_parent_turn_107 skipping — predecessor failed
2026-09-03 07:16:22,009 - inference_perf.datagen.replay.replay_graph_session_datagen - INFO - Event wekatrace14_1d52e24446ecdb36d1351d53094d8a67f621:event_129_parent_turn_108 skipping — predecessor failed
2026-09-03 07:16:22,009 - inference_perf.datagen.replay.replay_graph_session_datagen - INFO - Event wekatrace14_1d52e24446ecdb36d1351d53094d8a67f621:event_130_parent_turn_109 skipping — predecessor failed
2026-09-03 07:16:22,009 - inference_perf.loadgen.load_generator - INFO - All 16 sessions completed
2026-09-03 07:16:22,010 - inference_perf.datagen.replay.replay_graph_session_datagen - INFO - Event wekatrace14_1d52e24446ecdb36d1351d53094d8a67f621:event_131_parent_turn_110 skipping — predecessor failed
2026-09-03 07:16:22,010 - inference_perf.datagen.replay.replay_graph_session_datagen - INFO - Event wekatrace14_1d52e24446ecdb36d1351d53094d8a67f621:event_132_parent_turn_111 skipping — predecessor failed
2026-09-03 07:16:22,010 - inference_perf.datagen.replay.replay_graph_session_datagen - INFO - Event wekatrace14_1d52e24446ecdb36d1351d53094d8a67f621:event_133_parent_turn_112 skipping — predecessor failed
2026-09-03 07:16:22,010 - inference_perf.datagen.replay.replay_graph_session_datagen - INFO - Event wekatrace14_1d52e24446ecdb36d1351d53094d8a67f621:event_134_parent_turn_113 skipping — predecessor failed
2026-09-03 07:16:22,010 - inference_perf.datagen.replay.replay_graph_session_datagen - INFO - Event wekatrace14_1d52e24446ecdb36d1351d53094d8a67f621:event_135_parent_turn_114 skipping — predecessor failed
2026-09-03 07:16:22,010 - inference_perf.datagen.replay.replay_graph_session_datagen - INFO - Event wekatrace14_1d52e24446ecdb36d1351d53094d8a67f621:event_136_parent_turn_115 skipping — predecessor failed
2026-09-03 07:16:22,010 - inference_perf.datagen.replay.replay_graph_session_datagen - INFO - Event wekatrace14_1d52e24446ecdb36d1351d53094d8a67f621:event_137_parent_turn_116 skipping — predecessor failed
2026-09-03 07:16:22,010 - inference_perf.datagen.replay.replay_graph_session_datagen - INFO - Event wekatrace14_1d52e24446ecdb36d1351d53094d8a67f621:event_138_parent_turn_117 skipping — predecessor failed
2026-09-03 07:16:22,011 - inference_perf.datagen.replay.replay_graph_session_datagen - INFO - Event wekatrace14_1d52e24446ecdb36d1351d53094d8a67f621:event_139_parent_turn_118 skipping — predecessor failed
2026-09-03 07:16:22,011 - inference_perf.datagen.replay.replay_graph_session_datagen - INFO - Event wekatrace14_1d52e24446ecdb36d1351d53094d8a67f621:event_140_parent_turn_119 skipping — predecessor failed
2026-09-03 07:16:22,011 - inference_perf.datagen.replay.replay_graph_session_datagen - INFO - Event wekatrace14_1d52e24446ecdb36d1351d53094d8a67f621:event_141_parent_turn_120 skipping — predecessor failed
2026-09-03 07:16:22,011 - inference_perf.datagen.replay.replay_graph_session_datagen - INFO - Event wekatrace14_1d52e24446ecdb36d1351d53094d8a67f621:event_142_parent_turn_121 skipping — predecessor failed
2026-09-03 07:16:32,538 - inference_perf.loadgen.load_generator - INFO - Stage 0 - session-based run completed
Overall Progress ━━━━━━━━━━━━━━━━━━━━━━━━━━━━━━━━━━━━━━ 100% 1/1 0:00:00 1:02:49
2026-09-03 07:16:33,547 - inference_perf.reportgen.base - INFO - Generating Reports...
2026-09-03 07:16:33,547 - inference_perf.utils.custom_tokenizer - INFO - Loading tokenizer 'Qwen/Qwen3-Coder-30B-A3B-Instruct-FP8'
2026-09-03 07:16:33,698 - httpx - INFO - HTTP Request: HEAD https://huggingface.co/Qwen/Qwen3-Coder-30B-A3B-Instruct-FP8/resolve/main/config.json "HTTP/1.1 307 Temporary Redirect"
2026-09-03 07:16:33,721 - httpx - INFO - HTTP Request: HEAD https://huggingface.co/api/resolve-cache/models/Qwen/Qwen3-Coder-30B-A3B-Instruct-FP8/dcaee4d4dfc5ee71ad501f01f530e5652438fde0/config.json "HTTP/1.1 200 OK"
2026-09-03 07:16:33,780 - httpx - INFO - HTTP Request: HEAD https://huggingface.co/Qwen/Qwen3-Coder-30B-A3B-Instruct-FP8/resolve/main/tokenizer_config.json "HTTP/1.1 307 Temporary Redirect"
2026-09-03 07:16:33,803 - httpx - INFO - HTTP Request: HEAD https://huggingface.co/api/resolve-cache/models/Qwen/Qwen3-Coder-30B-A3B-Instruct-FP8/dcaee4d4dfc5ee71ad501f01f530e5652438fde0/tokenizer_config.json "HTTP/1.1 200 OK"
2026-09-03 07:16:33,862 - httpx - INFO - HTTP Request: GET https://huggingface.co/api/models/Qwen/Qwen3-Coder-30B-A3B-Instruct-FP8/tree/main/additional_chat_templates?recursive=false&expand=false "HTTP/1.1 404 Not Found"
2026-09-03 07:16:33,922 - httpx - INFO - HTTP Request: GET https://huggingface.co/api/models/Qwen/Qwen3-Coder-30B-A3B-Instruct-FP8/tree/main?recursive=true&expand=false "HTTP/1.1 200 OK"
2026-09-03 07:16:34,839 - httpx - INFO - HTTP Request: GET https://huggingface.co/api/models/Qwen/Qwen3-Coder-30B-A3B-Instruct-FP8 "HTTP/1.1 200 OK"
2026-09-03 07:20:55,929 - inference_perf.reportgen.base - WARNING - Prometheus Metrics Client is not configured or not of type PrometheusMetricsClient
2026-09-03 07:20:56,627 - inference_perf.client.filestorage.local - INFO - Report saved to: /work/reports/summary_lifecycle_metrics.json
2026-09-03 07:20:56,628 - inference_perf.client.filestorage.local - INFO - Report saved to: /work/reports/stage_0_lifecycle_metrics.json
2026-09-03 07:21:03,805 - inference_perf.client.filestorage.local - INFO - Report saved to: /work/reports/per_request_lifecycle_metrics.json
2026-09-03 07:21:03,814 - inference_perf.client.filestorage.local - INFO - Report saved to: /work/reports/inference-perf.partial.stage_0.yaml
2026-09-03 07:21:03,815 - inference_perf.client.filestorage.local - INFO - Report saved to: /work/reports/summary_session_lifecycle_metrics.json
2026-09-03 07:21:03,816 - inference_perf.client.filestorage.local - INFO - Report saved to: /work/reports/stage_0_session_lifecycle_metrics.json
2026-09-03 07:21:03,822 - inference_perf.client.filestorage.local - INFO - Report saved to: /work/reports/config.yaml
=== START_SUMMARY ===
{
  "benchmark_time_seconds": 3741.4097976461053,
  "load_summary": {
    "count": 1558,
    "schedule_delay": {
      "mean": 1397.0194754692145,
      "min": 0.03498505335301161,
      "max": 3739.8227493260056,
      "p0.1": 0.040947014590725306,
      "p1": 3.6043775472883137,
      "p5": 61.29701061272063,
      "p10": 122.50081592518836,
      "p25": 448.56698617432266,
      "median": 1161.183737614192,
      "p75": 2274.061403579777,
      "p90": 3128.2934656410475,
      "p95": 3378.764877771863,
      "p99": 3572.9184980370756,
      "p99.9": 3705.9094000305945
    }
  },
  "successes": {
    "count": 1558,
    "latency": {
      "request_latency": {
        "mean": 30.988029096940284,
        "min": 0.11625273805111647,
        "max": 437.03764813020825,
        "p0.1": 0.1786690505295992,
        "p1": 0.844118284881115,
        "p5": 1.951253289123997,
        "p10": 2.5356329230591657,
        "p25": 5.1102998298592865,
        "median": 16.350627386942506,
        "p75": 37.07916396157816,
        "p90": 72.03276711329814,
        "p95": 116.87742077955022,
        "p99": 207.08431805303383,
        "p99.9": 366.00085506664794
      },
      "normalized_time_per_output_token": {
        "mean": 0.031534126553745385,
        "min": 0.0076817731004858066,
        "max": 0.3479965181089938,
        "p0.1": 0.008025377593387855,
        "p1": 0.01430968983170214,
        "p5": 0.01728655734169616,
        "p10": 0.018745805155685635,
        "p25": 0.022797628282398397,
        "median": 0.029033176355802465,
        "p75": 0.03546219427626229,
        "p90": 0.040829751601228,
        "p95": 0.04764004144092016,
        "p99": 0.09282163214210128,
        "p99.9": 0.31717939178891763
      },
      "time_per_output_token": {
        "mean": 0.028230035119957114,
        "min": 0.0006822021678090096,
        "max": 0.28238705624826255,
        "p0.1": 0.006161941742790597,
        "p1": 0.012885425984232647,
        "p5": 0.016031279003577134,
        "p10": 0.017782257932658214,
        "p25": 0.02136027252322721,
        "median": 0.026999377452729005,
        "p75": 0.033577739137007255,
        "p90": 0.03839599996362016,
        "p95": 0.041758028666746105,
        "p99": 0.05656889671226965,
        "p99.9": 0.10612769810132684
      },
      "time_to_first_token": {
        "mean": 0.7830242386909109,
        "min": 0.0319588128477335,
        "max": 16.7130876686424,
        "p0.1": 0.03320280647650361,
        "p1": 0.06506616825237871,
        "p5": 0.08149415971711278,
        "p10": 0.12241360777989031,
        "p25": 0.21690917015075684,
        "median": 0.38617090601474047,
        "p75": 0.7237591005396098,
        "p90": 1.4765129540115591,
        "p95": 2.5797829028218953,
        "p99": 7.301643675630912,
        "p99.9": 15.01103712899333
      },
      "inter_token_latency": {
        "mean": 0.029794964974237222,
        "min": 0.0,
        "max": 16.298739242367446,
        "p0.1": 9.954257868230343e-06,
        "p1": 1.3170763850212097e-05,
        "p5": 0.0008740602061152458,
        "p10": 0.013003278244286775,
        "p25": 0.018339907051995397,
        "median": 0.023581946734339,
        "p75": 0.029222094919532537,
        "p90": 0.036516625713557,
        "p95": 0.041269726864993556,
        "p99": 0.169820857672022,
        "p99.9": 0.8796173579329778
      }
    },
    "throughput": {
      "input_tokens_per_sec": 36526.1578899961,
      "output_tokens_per_sec": 435.4118068074001,
      "total_tokens_per_sec": 36961.5696968035,
      "requests_per_sec": 0.4164205698558362,
      "images_per_sec": 0.0,
      "videos_per_sec": 0.0,
      "audios_per_sec": 0.0
    },
    "request_size_bytes": {
      "mean": 352418.33119383827,
      "min": 876.0,
      "max": 1039981.0,
      "p0.1": 1685.117,
      "p1": 2087.52,
      "p5": 11685.85,
      "p10": 24855.500000000036,
      "p25": 180809.25,
      "median": 302047.0,
      "p75": 513521.0,
      "p90": 689861.8999999999,
      "p95": 802730.6999999998,
      "p99": 986977.1800000002,
      "p99.9": 1035770.9550000003
    },
    "image": {
      "count": {
        "mean": 0.0,
        "min": 0.0,
        "max": 0.0,
        "p0.1": 0.0,
        "p1": 0.0,
        "p5": 0.0,
        "p10": 0.0,
        "p25": 0.0,
        "median": 0.0,
        "p75": 0.0,
        "p90": 0.0,
        "p95": 0.0,
        "p99": 0.0,
        "p99.9": 0.0
      },
      "pixels": null,
      "bytes": null,
      "aspect_ratio": null
    },
    "video": {
      "count": {
        "mean": 0.0,
        "min": 0.0,
        "max": 0.0,
        "p0.1": 0.0,
        "p1": 0.0,
        "p5": 0.0,
        "p10": 0.0,
        "p25": 0.0,
        "median": 0.0,
        "p75": 0.0,
        "p90": 0.0,
        "p95": 0.0,
        "p99": 0.0,
        "p99.9": 0.0
      },
      "frames": null,
      "pixels": null,
      "bytes": null,
      "aspect_ratio": null
    },
    "audio": {
      "count": {
        "mean": 0.0,
        "min": 0.0,
        "max": 0.0,
        "p0.1": 0.0,
        "p1": 0.0,
        "p5": 0.0,
        "p10": 0.0,
        "p25": 0.0,
        "median": 0.0,
        "p75": 0.0,
        "p90": 0.0,
        "p95": 0.0,
        "p99": 0.0,
        "p99.9": 0.0
      },
      "seconds": null,
      "bytes": null
    },
    "prompt_tokens": {
      "total": 136659325.0,
      "cached": 122389999.0,
      "uncached": 14269326.0,
      "mean": 87714.58600770218,
      "min": 139.0,
      "max": 259821.0,
      "p0.1": 368.964,
      "p1": 456.0,
      "p5": 2899.0,
      "p10": 6249.80000000001,
      "p25": 45714.0,
      "median": 75857.5,
      "p75": 127498.0,
      "p90": 167331.6,
      "p95": 206502.29999999996,
      "p99": 245016.24000000014,
      "p99.9": 258733.41400000002
    },
    "output_len": {
      "mean": 1045.6059050064184,
      "min": 2.0,
      "max": 15793.0,
      "p0.1": 7.114,
      "p1": 17.14,
      "p5": 83.0,
      "p10": 103.0,
      "p25": 185.5,
      "median": 552.0,
      "p75": 1242.75,
      "p90": 2470.8999999999996,
      "p95": 4028.0999999999954,
      "p99": 7634.210000000003,
      "p99.9": 11400.63700000033
    },
    "output_tokens": {
      "total": 1629054.0,
      "mean": 1045.6059050064184,
      "min": 2.0,
      "max": 15793.0,
      "p0.1": 7.114,
      "p1": 17.14,
      "p5": 83.0,
      "p10": 103.0,
      "p25": 185.5,
      "median": 552.0,
      "p75": 1242.75,
      "p90": 2470.8999999999996,
      "p95": 4028.0999999999954,
      "p99": 7634.210000000003,
      "p99.9": 11400.63700000033
    },
    "token_count_mismatches": 647,
    "client_fallback_requests": {
      "prompt": 0,
      "output": 0
    }
  },
  "failures": {
    "count": 0,
    "request_latency": null,
    "prompt_tokens": {
      "total": 0.0,
      "cached": 0.0,
      "uncached": 0.0
    },
    "by_label": {}
  }
}
=== END_SUMMARY ===
=== START_STAGE_0 ===
{
  "benchmark_time_seconds": 3741.4097976461053,
  "load_summary": {
    "count": 1558,
    "schedule_delay": {
      "mean": 1397.0194754692145,
      "min": 0.03498505335301161,
      "max": 3739.8227493260056,
      "p0.1": 0.040947014590725306,
      "p1": 3.6043775472883137,
      "p5": 61.29701061272063,
      "p10": 122.50081592518836,
      "p25": 448.56698617432266,
      "median": 1161.183737614192,
      "p75": 2274.061403579777,
      "p90": 3128.2934656410475,
      "p95": 3378.764877771863,
      "p99": 3572.9184980370756,
      "p99.9": 3705.9094000305945
    },
    "send_duration": 3739.8280770462006,
    "requested_rate": 0.0,
    "achieved_rate": 0.4165966905169991,
    "concurrency": 16
  },
  "successes": {
    "count": 1558,
    "latency": {
      "request_latency": {
        "mean": 30.988029096940284,
        "min": 0.11625273805111647,
        "max": 437.03764813020825,
        "p0.1": 0.1786690505295992,
        "p1": 0.844118284881115,
        "p5": 1.951253289123997,
        "p10": 2.5356329230591657,
        "p25": 5.1102998298592865,
        "median": 16.350627386942506,
        "p75": 37.07916396157816,
        "p90": 72.03276711329814,
        "p95": 116.87742077955022,
        "p99": 207.08431805303383,
        "p99.9": 366.00085506664794
      },
      "normalized_time_per_output_token": {
        "mean": 0.031534126553745385,
        "min": 0.0076817731004858066,
        "max": 0.3479965181089938,
        "p0.1": 0.008025377593387855,
        "p1": 0.01430968983170214,
        "p5": 0.01728655734169616,
        "p10": 0.018745805155685635,
        "p25": 0.022797628282398397,
        "median": 0.029033176355802465,
        "p75": 0.03546219427626229,
        "p90": 0.040829751601228,
        "p95": 0.04764004144092016,
        "p99": 0.09282163214210128,
        "p99.9": 0.31717939178891763
      },
      "time_per_output_token": {
        "mean": 0.028230035119957114,
        "min": 0.0006822021678090096,
        "max": 0.28238705624826255,
        "p0.1": 0.006161941742790597,
        "p1": 0.012885425984232647,
        "p5": 0.016031279003577134,
        "p10": 0.017782257932658214,
        "p25": 0.02136027252322721,
        "median": 0.026999377452729005,
        "p75": 0.033577739137007255,
        "p90": 0.03839599996362016,
        "p95": 0.041758028666746105,
        "p99": 0.05656889671226965,
        "p99.9": 0.10612769810132684
      },
      "time_to_first_token": {
        "mean": 0.7830242386909109,
        "min": 0.0319588128477335,
        "max": 16.7130876686424,
        "p0.1": 0.03320280647650361,
        "p1": 0.06506616825237871,
        "p5": 0.08149415971711278,
        "p10": 0.12241360777989031,
        "p25": 0.21690917015075684,
        "median": 0.38617090601474047,
        "p75": 0.7237591005396098,
        "p90": 1.4765129540115591,
        "p95": 2.5797829028218953,
        "p99": 7.301643675630912,
        "p99.9": 15.01103712899333
      },
      "inter_token_latency": {
        "mean": 0.029794964974237222,
        "min": 0.0,
        "max": 16.298739242367446,
        "p0.1": 9.954257868230343e-06,
        "p1": 1.3170763850212097e-05,
        "p5": 0.0008740602061152458,
        "p10": 0.013003278244286775,
        "p25": 0.018339907051995397,
        "median": 0.023581946734339,
        "p75": 0.029222094919532537,
        "p90": 0.036516625713557,
        "p95": 0.041269726864993556,
        "p99": 0.169820857672022,
        "p99.9": 0.8796173579329778
      }
    },
    "throughput": {
      "input_tokens_per_sec": 36526.1578899961,
      "output_tokens_per_sec": 435.4118068074001,
      "total_tokens_per_sec": 36961.5696968035,
      "requests_per_sec": 0.4164205698558362,
      "images_per_sec": 0.0,
      "videos_per_sec": 0.0,
      "audios_per_sec": 0.0
    },
    "request_size_bytes": {
      "mean": 352418.33119383827,
      "min": 876.0,
      "max": 1039981.0,
      "p0.1": 1685.117,
      "p1": 2087.52,
      "p5": 11685.85,
      "p10": 24855.500000000036,
      "p25": 180809.25,
      "median": 302047.0,
      "p75": 513521.0,
      "p90": 689861.8999999999,
      "p95": 802730.6999999998,
      "p99": 986977.1800000002,
      "p99.9": 1035770.9550000003
    },
    "image": {
      "count": {
        "mean": 0.0,
        "min": 0.0,
        "max": 0.0,
        "p0.1": 0.0,
        "p1": 0.0,
        "p5": 0.0,
        "p10": 0.0,
        "p25": 0.0,
        "median": 0.0,
        "p75": 0.0,
        "p90": 0.0,
        "p95": 0.0,
        "p99": 0.0,
        "p99.9": 0.0
      },
      "pixels": null,
      "bytes": null,
      "aspect_ratio": null
    },
    "video": {
      "count": {
        "mean": 0.0,
        "min": 0.0,
        "max": 0.0,
        "p0.1": 0.0,
        "p1": 0.0,
        "p5": 0.0,
        "p10": 0.0,
        "p25": 0.0,
        "median": 0.0,
        "p75": 0.0,
        "p90": 0.0,
        "p95": 0.0,
        "p99": 0.0,
        "p99.9": 0.0
      },
      "frames": null,
      "pixels": null,
      "bytes": null,
      "aspect_ratio": null
    },
    "audio": {
      "count": {
        "mean": 0.0,
        "min": 0.0,
        "max": 0.0,
        "p0.1": 0.0,
        "p1": 0.0,
        "p5": 0.0,
        "p10": 0.0,
        "p25": 0.0,
        "median": 0.0,
        "p75": 0.0,
        "p90": 0.0,
        "p95": 0.0,
        "p99": 0.0,
        "p99.9": 0.0
      },
      "seconds": null,
      "bytes": null
    },
    "prompt_tokens": {
      "total": 136659325.0,
      "cached": 122389999.0,
      "uncached": 14269326.0,
      "mean": 87714.58600770218,
      "min": 139.0,
      "max": 259821.0,
      "p0.1": 368.964,
      "p1": 456.0,
      "p5": 2899.0,
      "p10": 6249.80000000001,
      "p25": 45714.0,
      "median": 75857.5,
      "p75": 127498.0,
      "p90": 167331.6,
      "p95": 206502.29999999996,
      "p99": 245016.24000000014,
      "p99.9": 258733.41400000002
    },
    "output_len": {
      "mean": 1045.6059050064184,
      "min": 2.0,
      "max": 15793.0,
      "p0.1": 7.114,
      "p1": 17.14,
      "p5": 83.0,
      "p10": 103.0,
      "p25": 185.5,
      "median": 552.0,
      "p75": 1242.75,
      "p90": 2470.8999999999996,
      "p95": 4028.0999999999954,
      "p99": 7634.210000000003,
      "p99.9": 11400.63700000033
    },
    "output_tokens": {
      "total": 1629054.0,
      "mean": 1045.6059050064184,
      "min": 2.0,
      "max": 15793.0,
      "p0.1": 7.114,
      "p1": 17.14,
      "p5": 83.0,
      "p10": 103.0,
      "p25": 185.5,
      "median": 552.0,
      "p75": 1242.75,
      "p90": 2470.8999999999996,
      "p95": 4028.0999999999954,
      "p99": 7634.210000000003,
      "p99.9": 11400.63700000033
    },
    "token_count_mismatches": 647,
    "client_fallback_requests": {
      "prompt": 0,
      "output": 0
    }
  },
  "failures": {
    "count": 0,
    "request_latency": null,
    "prompt_tokens": {
      "total": 0.0,
      "cached": 0.0,
      "uncached": 0.0
    },
    "by_label": {}
  }
}
=== END_STAGE_0 ===
=== START_PARTIAL_BR_V0_2_STAGE_0 ===
version: 0.2.1
run:
  uid: inference-perf-stage-0-ac0fafcb
  eid: inference-perf-experiment-a72c1253
  time:
    start: '2026-09-03T06:13:43.226129Z'
    end: '2026-09-03T07:16:22.010143Z'
    duration: PT3758.784S
results:
  request_performance:
    aggregate:
      requests:
        total: 1558
        failures: 0
        input_length:
          units: count
          mean: 87714.58600770218
          stddev: 59728.542921611945
          min: 139.0
          p0p1: 368.964
          p1: 456.0
          p5: 2899.0
          p10: 6249.80000000001
          p25: 45714.0
          p50: 75857.5
          p75: 127498.0
          p90: 167331.6
          p95: 206502.29999999996
          p99: 245016.24000000014
          p99p9: 258733.41400000002
          max: 259821.0
        output_length:
          units: count
          mean: 1045.6059050064184
          stddev: 1464.3942379977807
          min: 2.0
          p0p1: 7.114
          p1: 17.14
          p5: 83.0
          p10: 103.0
          p25: 185.5
          p50: 552.0
          p75: 1242.75
          p90: 2470.8999999999996
          p95: 4028.0999999999954
          p99: 7634.210000000003
          p99p9: 11400.63700000033
          max: 15793.0
      latency:
        time_to_first_token:
          units: s
          mean: 0.7830242386909109
          stddev: 1.3859096520857686
          min: 0.0319588128477335
          p0p1: 0.03320280647650361
          p1: 0.06506616825237871
          p5: 0.08149415971711278
          p10: 0.12241360777989031
          p25: 0.21690917015075684
          p50: 0.38617090601474047
          p75: 0.7237591005396098
          p90: 1.4765129540115591
          p95: 2.5797829028218953
          p99: 7.301643675630912
          p99p9: 15.01103712899333
          max: 16.7130876686424
        normalized_time_per_output_token:
          units: s/token
          mean: 0.031534126553745385
          stddev: 0.021077898627813455
          min: 0.0076817731004858066
          p0p1: 0.008025377593387855
          p1: 0.01430968983170214
          p5: 0.01728655734169616
          p10: 0.018745805155685635
          p25: 0.022797628282398397
          p50: 0.029033176355802465
          p75: 0.03546219427626229
          p90: 0.040829751601228
          p95: 0.04764004144092016
          p99: 0.09282163214210128
          p99p9: 0.31717939178891763
          max: 0.3479965181089938
        time_per_output_token:
          units: s/token
          mean: 0.028230035119957114
          stddev: 0.011697362398257711
          min: 0.0006822021678090096
          p0p1: 0.006161941742790597
          p1: 0.012885425984232647
          p5: 0.016031279003577134
          p10: 0.017782257932658214
          p25: 0.02136027252322721
          p50: 0.026999377452729005
          p75: 0.033577739137007255
          p90: 0.03839599996362016
          p95: 0.041758028666746105
          p99: 0.05656889671226965
          p99p9: 0.10612769810132684
          max: 0.28238705624826255
        inter_token_latency:
          units: s/token
          mean: 0.029794964974237222
          stddev: 0.13374212576019556
          min: 0.0
          p0p1: 9.954257868230343e-06
          p1: 1.3170763850212097e-05
          p5: 0.0008740602061152458
          p10: 0.013003278244286775
          p25: 0.018339907051995397
          p50: 0.023581946734339
          p75: 0.029222094919532537
          p90: 0.036516625713557
          p95: 0.041269726864993556
          p99: 0.169820857672022
          p99p9: 0.8796173579329778
          max: 16.298739242367446
        request_latency:
          units: s
          mean: 30.988029096940284
          stddev: 44.138891582536495
          min: 0.11625273805111647
          p0p1: 0.1786690505295992
          p1: 0.844118284881115
          p5: 1.951253289123997
          p10: 2.5356329230591657
          p25: 5.1102998298592865
          p50: 16.350627386942506
          p75: 37.07916396157816
          p90: 72.03276711329814
          p95: 116.87742077955022
          p99: 207.08431805303383
          p99p9: 366.00085506664794
          max: 437.03764813020825
      throughput:
        input_token_rate:
          units: tokens/s
          mean: 36526.1578899961
        output_token_rate:
          units: tokens/s
          mean: 435.4118068074001
        total_token_rate:
          units: tokens/s
          mean: 36961.5696968035
        request_rate:
          units: queries/s
          mean: 0.4164205698558362

=== END_PARTIAL_BR_V0_2_STAGE_0 ===
=== START_STAGE_0 ===
{
  "stage_metadata": {
    "stage_id": 0,
    "status": "COMPLETED",
    "timeout_configured": 4800.0,
    "actual_duration": 3758.7840139865875,
    "teardown_duration": 10.528616468422115,
    "dropped_requests": 0,
    "concurrent_sessions": 16,
    "session_rate": null
  },
  "num_sessions": 16,
  "num_sessions_succeeded": 8,
  "num_sessions_failed": 8,
  "total_events": 2415,
  "total_events_completed": 1551,
  "total_events_cancelled": 856,
  "sessions_with_recorded_substitution": 0,
  "total_recorded_substitutions": {
    "count": 0,
    "messages": []
  },
  "sessions_per_second": 0.00425669777354469,
  "session_duration_sec": {
    "mean": 3144.5817718058825,
    "min": 2008.7615387439728,
    "max": 3758.735318183899,
    "p0.1": 2010.0156432306767,
    "p1": 2021.3025836110114,
    "p5": 2071.4667630791664,
    "p10": 2278.7310141324997,
    "p25": 2773.6844061017036,
    "median": 3372.4393877983093,
    "p75": 3602.513732612133,
    "p90": 3605.5013011693954,
    "p95": 3645.2989928126335,
    "p99": 3736.048053109646,
    "p99.9": 3756.466591676474
  },
  "num_events": {
    "mean": 150.9375,
    "min": 60.0,
    "max": 517.0,
    "p0.1": 60.06,
    "p1": 60.6,
    "p5": 63.0,
    "p10": 66.0,
    "p25": 76.5,
    "median": 114.5,
    "p75": 196.5,
    "p90": 232.0,
    "p95": 311.5,
    "p99": 475.8999999999999,
    "p99.9": 512.8900000000003
  },
  "num_events_cancelled": {
    "mean": 53.5,
    "min": 0.0,
    "max": 362.0,
    "p0.1": 0.0,
    "p1": 0.0,
    "p5": 0.0,
    "p10": 0.0,
    "p25": 0.0,
    "median": 10.5,
    "p75": 85.5,
    "p90": 116.5,
    "p95": 179.0,
    "p99": 325.3999999999999,
    "p99.9": 358.3400000000003
  },
  "total_input_tokens": {
    "mean": 8541207.8125,
    "min": 2470258.0,
    "max": 16953159.0,
    "p0.1": 2480397.235,
    "p1": 2571650.35,
    "p5": 2977219.75,
    "p10": 3409371.5,
    "p25": 6201157.5,
    "median": 9175442.5,
    "p75": 10577185.25,
    "p90": 11972301.0,
    "p95": 13811748.0,
    "p99": 16324876.799999999,
    "p99.9": 16890330.780000005
  },
  "total_output_tokens": {
    "mean": 101815.875,
    "min": 49308.0,
    "max": 160512.0,
    "p0.1": 49368.9,
    "p1": 49917.0,
    "p5": 52353.0,
    "p10": 54947.5,
    "p25": 82417.5,
    "median": 108520.5,
    "p75": 119541.75,
    "p90": 141304.5,
    "p95": 151071.75,
    "p99": 158623.94999999998,
    "p99.9": 160323.195
  },
  "total_cached_tokens": {
    "mean": 7649374.9375,
    "min": 657463.0,
    "max": 16480105.0,
    "p0.1": 688094.665,
    "p1": 963779.6499999999,
    "p5": 2189046.25,
    "p10": 2822026.0,
    "p25": 4935825.5,
    "median": 7789499.0,
    "p75": 10185177.75,
    "p90": 11190737.5,
    "p95": 12816710.5,
    "p99": 15747426.099999998,
    "p99.9": 16406837.110000005
  },
  "total_cacheable_input_tokens": {
    "mean": 8541110.375,
    "min": 2469866.0,
    "max": 16953159.0,
    "p0.1": 2480004.275,
    "p1": 2571248.75,
    "p5": 2976779.75,
    "p10": 3409143.5,
    "p25": 6201157.5,
    "median": 9175087.0,
    "p75": 10577185.25,
    "p90": 11972301.0,
    "p95": 13811748.0,
    "p99": 16324876.799999999,
    "p99.9": 16890330.780000005
  },
  "sessions_with_cache_info": 16,
  "kv_cache_hit_percent": 89.55949053052719,
  "kv_cache_hit_per_session_percent": {
    "mean": 85.31262987733595,
    "min": 26.619379350944545,
    "max": 97.20964098785365,
    "p0.1": 27.243990754447562,
    "p1": 32.86549338597473,
    "p5": 57.84994952609547,
    "p10": 73.49779405776627,
    "p25": 82.92281069603617,
    "median": 92.66690424934184,
    "p75": 95.83850385669813,
    "p90": 96.57565811439316,
    "p95": 96.77008034377793,
    "p99": 97.1217288590385,
    "p99.9": 97.20084977497213
  },
  "tfut_sec": {
    "mean": 17.878504675347358,
    "min": 0.06925152521580458,
    "max": 223.17367722652853,
    "p0.1": 0.06952663887757808,
    "p1": 0.07200266183353961,
    "p5": 0.08300720830447972,
    "p10": 0.08776003075763583,
    "p25": 2.112165763741359,
    "median": 2.895375545602292,
    "p75": 8.97083552973345,
    "p90": 8.988223547581583,
    "p95": 62.536670988891274,
    "p99": 191.046275979001,
    "p99.9": 219.96093710177604
  },
  "sessions_with_tfut": 16,
  "tfut_none_reasons": null,
  "num_user_facing_events": {
    "mean": 150.9375,
    "min": 60.0,
    "max": 517.0,
    "p0.1": 60.06,
    "p1": 60.6,
    "p5": 63.0,
    "p10": 66.0,
    "p25": 76.5,
    "median": 114.5,
    "p75": 196.5,
    "p90": 232.0,
    "p95": 311.5,
    "p99": 475.8999999999999,
    "p99.9": 512.8900000000003
  },
  "num_structured_output_excluded": {
    "mean": 0.0,
    "min": 0.0,
    "max": 0.0,
    "p0.1": 0.0,
    "p1": 0.0,
    "p5": 0.0,
    "p10": 0.0,
    "p25": 0.0,
    "median": 0.0,
    "p75": 0.0,
    "p90": 0.0,
    "p95": 0.0,
    "p99": 0.0,
    "p99.9": 0.0
  }
}
=== END_STAGE_0 ===
                         Throughput and Goodput Summary                         
┏━━━━━━━┳━━━━━━━━━━┳━━━━━━━━━┳━━━━━━━━━━┳━━━━━━━┳━━━━━━━━━┳━━━━━━━━━━┳━━━━━━━━━┓
┃       ┃          ┃ Achiev… ┃    Error ┃       ┃      In ┃      Out ┃     Tot ┃
┃ Stage ┃ Req Rate ┃    Rate ┃     Rate ┃ Req/s ┃ Tokens… ┃ Tokens/s ┃ Tokens… ┃
┡━━━━━━━╇━━━━━━━━━━╇━━━━━━━━━╇━━━━━━━━━━╇━━━━━━━╇━━━━━━━━━╇━━━━━━━━━━╇━━━━━━━━━┩
│     0 │      0.0 │     0.4 │     0.0% │   0.4 │ 36526.2 │    435.4 │ 36961.6 │
└───────┴──────────┴─────────┴──────────┴───────┴─────────┴──────────┴─────────┘
                          Request & Token Latency (ms)                          
┏━━━━━━━┳━━━━━━━┳━━━━━━━┳━━━━━━━┳━━━━━━━┳━━━━━━━┳━━━━━━━┳━━━━━━━┳━━━━━━━┳━━━━━━┓
┃       ┃   Req ┃   Req ┃   Req ┃       ┃       ┃       ┃       ┃       ┃      ┃
┃       ┃   Lat ┃   Lat ┃   Lat ┃  TTFT ┃  TTFT ┃  TTFT ┃   ITL ┃   ITL ┃  ITL ┃
┃ Stage ┃  Mean ┃   Med ┃   P90 ┃  Mean ┃   Med ┃   P90 ┃  Mean ┃   Med ┃  P90 ┃
┡━━━━━━━╇━━━━━━━╇━━━━━━━╇━━━━━━━╇━━━━━━━╇━━━━━━━╇━━━━━━━╇━━━━━━━╇━━━━━━━╇━━━━━━┩
│     0 │ 3098… │ 1635… │ 7203… │ 783.0 │ 386.2 │ 1476… │  29.8 │  23.6 │ 36.5 │
└───────┴───────┴───────┴───────┴───────┴───────┴───────┴───────┴───────┴──────┘
                          Token Generation Speed (ms)                           
┏━━━━━━━┳━━━━━━━━━━━┳━━━━━━━━━━┳━━━━━━━━━━┳━━━━━━━━━━━┳━━━━━━━━━━━┳━━━━━━━━━━━━┓
┃       ┃           ┃          ┃          ┃ Norm TPOT ┃ Norm TPOT ┃  Norm TPOT ┃
┃ Stage ┃ TPOT Mean ┃ TPOT Med ┃ TPOT P90 ┃      Mean ┃       Med ┃        P90 ┃
┡━━━━━━━╇━━━━━━━━━━━╇━━━━━━━━━━╇━━━━━━━━━━╇━━━━━━━━━━━╇━━━━━━━━━━━╇━━━━━━━━━━━━┩
│     0 │      28.2 │     27.0 │     38.4 │      31.5 │      29.0 │       40.8 │
└───────┴───────────┴──────────┴──────────┴───────────┴───────────┴────────────┘
                            Token Length Aggregates                             
┏━━━━━━━┳━━━━━━━┳━━━━━━━┳━━━━━━━┳━━━━━━━┳━━━━━━━┳━━━━━━━┳━━━━━━━┳━━━━━━━┳━━━━━━┓
┃       ┃       ┃       ┃       ┃   Out ┃   Out ┃   Out ┃   Out ┃   Out ┃  Out ┃
┃       ┃ Prom… ┃ Prom… ┃ Prom… ┃  Mean ┃   Med ┃   P90 ┃  Mean ┃   Med ┃  P90 ┃
┃ Stage ┃  Mean ┃   Med ┃   P90 ┃ (cli… ┃ (cli… ┃ (cli… ┃ (ser… ┃ (ser… ┃ (se… ┃
┡━━━━━━━╇━━━━━━━╇━━━━━━━╇━━━━━━━╇━━━━━━━╇━━━━━━━╇━━━━━━━╇━━━━━━━╇━━━━━━━╇━━━━━━┩
│     0 │ 8771… │ 7585… │ 1673… │ 1045… │ 552.0 │ 2470… │ 1045… │ 552.0 │ 247… │
└───────┴───────┴───────┴───────┴───────┴───────┴───────┴───────┴───────┴──────┘
 Prompt: server-reported usage where available, client tokenization otherwise.  
    Out (client): response text re-tokenized by the client (output_len). Out    
  (server): the count reported in the server's usage (output_tokens), with the  
     client count substituted for any request the server did not count. See     
                                docs/metrics.md.                                
                                Session Summary                                 
┏━━━━━━━┳━━━━━━━┳━━━━━━━┳━━━━━━━┳━━━━━━━┳━━━━━━━┳━━━━━━━┳━━━━━━━┳━━━━━━━┳━━━━━━┓
┃       ┃       ┃       ┃       ┃       ┃       ┃       ┃       ┃       ┃  Bad ┃
┃       ┃       ┃       ┃       ┃       ┃       ┃       ┃       ┃       ┃ Tool ┃
┃       ┃       ┃ Total ┃       ┃       ┃ Error ┃ Total ┃ Even… ┃ Even… ┃ Cal… ┃
┃ Stage ┃ Sess… ┃ Sess… ┃ Succ… ┃ Fail… ┃     % ┃ Even… ┃ Comp… ┃ Canc… ┃ Sub… ┃
┡━━━━━━━╇━━━━━━━╇━━━━━━━╇━━━━━━━╇━━━━━━━╇━━━━━━━╇━━━━━━━╇━━━━━━━╇━━━━━━━╇━━━━━━┩
│     0 │  0.00 │    16 │     8 │     8 │ 50.0% │  2415 │  1551 │   856 │    0 │
└───────┴───────┴───────┴───────┴───────┴───────┴───────┴───────┴───────┴──────┘
                           Session Duration & Events                            
┏━━━━━━━┳━━━━━━━━━━━┳━━━━━━━━━━━┳━━━━━━━━━━━┳━━━━━━━━━━━┳━━━━━━━━━━┳━━━━━━━━━━━┓
┃       ┃  Duration ┃  Duration ┃  Duration ┃    Events ┃   Events ┃    Events ┃
┃ Stage ┃  Mean (s) ┃   Med (s) ┃   P90 (s) ┃      Mean ┃      Med ┃       P90 ┃
┡━━━━━━━╇━━━━━━━━━━━╇━━━━━━━━━━━╇━━━━━━━━━━━╇━━━━━━━━━━━╇━━━━━━━━━━╇━━━━━━━━━━━┩
│     0 │   3144.58 │   3372.44 │   3605.50 │     150.9 │    114.5 │     232.0 │
└───────┴───────────┴───────────┴───────────┴───────────┴──────────┴───────────┘
                       Session Token Totals (per session)                       
┏━━━━━━━┳━━━━━━━━━━━┳━━━━━━━━━━━┳━━━━━━━━━━━┳━━━━━━━━━━━┳━━━━━━━━━━━┳━━━━━━━━━━┓
┃       ┃        In ┃        In ┃        In ┃       Out ┃       Out ┃      Out ┃
┃       ┃  Tok/Sess ┃  Tok/Sess ┃  Tok/Sess ┃  Tok/Sess ┃  Tok/Sess ┃ Tok/Sess ┃
┃ Stage ┃      Mean ┃       Med ┃       P90 ┃      Mean ┃       Med ┃      P90 ┃
┡━━━━━━━╇━━━━━━━━━━━╇━━━━━━━━━━━╇━━━━━━━━━━━╇━━━━━━━━━━━╇━━━━━━━━━━━╇━━━━━━━━━━┩
│     0 │ 8541207.8 │ 9175442.5 │ 11972301… │  101815.9 │  108520.5 │ 141304.5 │
└───────┴───────────┴───────────┴───────────┴───────────┴───────────┴──────────┘
                           Session KV Cache Hit Rate                            
┏━━━━━━━┳━━━━━━━━━━━━━┳━━━━━━━━━━━━━┳━━━━━━━━━━━━━┳━━━━━━━━━━━━━━┳━━━━━━━━━━━━━┓
┃       ┃       Hit % ┃  Hit %/Sess ┃  Hit %/Sess ┃   Hit %/Sess ┃ Sessions w/ ┃
┃ Stage ┃    (pooled) ┃        Mean ┃         Med ┃          P90 ┃        Info ┃
┡━━━━━━━╇━━━━━━━━━━━━━╇━━━━━━━━━━━━━╇━━━━━━━━━━━━━╇━━━━━━━━━━━━━━╇━━━━━━━━━━━━━┩
│     0 │        89.6 │        85.3 │        92.7 │         96.6 │          16 │
└───────┴─────────────┴─────────────┴─────────────┴──────────────┴─────────────┘
                    Session TFUT (Time to First User Token)                     
┏━━━━━━━┳━━━━━━━━━━━━━┳━━━━━━━━━━━━━┳━━━━━━━━━━━━━┳━━━━━━━━━━━━━━┳━━━━━━━━━━━━━┓
┃       ┃   TFUT Mean ┃    TFUT Med ┃    TFUT P90 ┃  Sessions w/ ┃   TFUT None ┃
┃ Stage ┃         (s) ┃         (s) ┃         (s) ┃         TFUT ┃     Reasons ┃
┡━━━━━━━╇━━━━━━━━━━━━━╇━━━━━━━━━━━━━╇━━━━━━━━━━━━━╇━━━━━━━━━━━━━━╇━━━━━━━━━━━━━┩
│     0 │      17.879 │       2.895 │       8.988 │           16 │           - │
└───────┴─────────────┴─────────────┴─────────────┴──────────────┴─────────────┘
Request Error Summary
┏━━━━━━━┳━━━━━━━━━━━┓
┃ Stage ┃ Successes ┃
┡━━━━━━━╇━━━━━━━━━━━┩
│     0 │      1558 │
└───────┴───────────┘
compacted 1558 entries