[transformers] PyTorch was not found. Models won't be available and only tokenizers, configuration and file/data utilities can be used.
2026-09-03 06:13:22,366 - inference_perf.config.config - INFO - Using configuration from: /config/config.yaml
2026-09-03 06:13:22,378 - inference_perf.config.config - INFO - Benchmarking with the following config:

api:
  type: chat
  streaming: true
  headers: null
  slo_unit: null
  slo_tpot_header: null
  slo_ttft_header: null
  response_format: null
  session_id_header_key: x-session-id
  session_id_body_field: session_id
  session_close_path: /close_session
  session_final_header_key: x-session-final
  session_token_header_key: null
data:
  type: weka_trace_replay
  path: null
  corpus_file_path: null
  input_distribution: null
  output_distribution: null
  shared_prefix: null
  multimodal: null
  trace: null
  otel_trace_replay: null
  weka_trace_replay:
    trace_directory: /work/traces
    use_static_model: true
    static_model_name: Qwen/Qwen3-Coder-30B-A3B-Instruct-FP8
    default_block_size: 64
    skip_invalid_files: true
    trace_idle_gap_cap_seconds: 30.0
    max_wait_ms: 30000
    subagent_separate_session_id: true
    close_subagent_sessions: true
  conversation_replay: null
  visionarena: null
  synthetic_agentic: null
  use_chat_template: false
load:
  type: trace_session_replay
  interval: 1.0
  stages:
  - !!python/object:inference_perf.config.loadgen.config.TraceSessionReplayLoadStage
    __dict__:
      concurrent_sessions: 16
      session_rate: null
      num_sessions: 16
      timeout: 4800.0
    __pydantic_extra__: null
    __pydantic_fields_set__: !!set
      concurrent_sessions: null
      num_sessions: null
      timeout: null
    __pydantic_private__: null
  sweep: null
  num_workers: 4
  worker_max_concurrency: 1024
  worker_max_tcp_connections: 2500
  trace: null
  circuit_breakers: []
  request_timeout: 900
  stage_teardown_grace_seconds: 120.0
  lora_traffic_split: null
  base_seed: 1788415988282
metrics: null
report:
  request_lifecycle:
    summary: true
    per_stage: true
    per_request: true
    per_request_fields:
      request: false
      response: false
      info: true
      response_chunks: false
      computed_metrics: true
    per_adapter: true
    per_adapter_stage: false
    percentiles:
    - 0.1
    - 1.0
    - 5.0
    - 10.0
    - 25.0
    - 50.0
    - 75.0
    - 90.0
    - 95.0
    - 99.0
    - 99.9
    use_server_output_tokens: true
    max_error_messages: 100
  prometheus:
    summary: true
    per_stage: false
  session_lifecycle:
    summary: true
    per_stage: true
    per_session: false
  goodput: null
storage:
  local_storage:
    path: /work/reports
    report_file_prefix: null
  google_cloud_storage: null
  simple_storage_service: null
server:
  type: sglang
  model_name: Qwen/Qwen3-Coder-30B-A3B-Instruct-FP8
  base_url: http://10.100.9.16:8000
  ignore_eos: true
tokenizer:
  pretrained_model_name_or_path: Qwen/Qwen3-Coder-30B-A3B-Instruct-FP8
circuit_breakers: null


2026-09-03 06:13:22,379 - inference_perf.client.filestorage.local - INFO - Report files will be stored at: /work/reports
2026-09-03 06:13:22,380 - inference_perf.utils.custom_tokenizer - INFO - Loading tokenizer 'Qwen/Qwen3-Coder-30B-A3B-Instruct-FP8'
2026-09-03 06:13:22,520 - httpx - INFO - HTTP Request: GET https://huggingface.co/api/agent-harnesses "HTTP/1.1 200 OK"
2026-09-03 06:13:22,581 - httpx - INFO - HTTP Request: HEAD https://huggingface.co/Qwen/Qwen3-Coder-30B-A3B-Instruct-FP8/resolve/main/config.json "HTTP/1.1 307 Temporary Redirect"
2026-09-03 06:13:22,604 - httpx - INFO - HTTP Request: HEAD https://huggingface.co/api/resolve-cache/models/Qwen/Qwen3-Coder-30B-A3B-Instruct-FP8/dcaee4d4dfc5ee71ad501f01f530e5652438fde0/config.json "HTTP/1.1 200 OK"
2026-09-03 06:13:22,629 - httpx - INFO - HTTP Request: GET https://huggingface.co/api/resolve-cache/models/Qwen/Qwen3-Coder-30B-A3B-Instruct-FP8/dcaee4d4dfc5ee71ad501f01f530e5652438fde0/config.json "HTTP/1.1 200 OK"
2026-09-03 06:13:22,703 - httpx - INFO - HTTP Request: HEAD https://huggingface.co/Qwen/Qwen3-Coder-30B-A3B-Instruct-FP8/resolve/main/tokenizer_config.json "HTTP/1.1 307 Temporary Redirect"
2026-09-03 06:13:22,726 - httpx - INFO - HTTP Request: HEAD https://huggingface.co/api/resolve-cache/models/Qwen/Qwen3-Coder-30B-A3B-Instruct-FP8/dcaee4d4dfc5ee71ad501f01f530e5652438fde0/tokenizer_config.json "HTTP/1.1 200 OK"
2026-09-03 06:13:22,750 - httpx - INFO - HTTP Request: GET https://huggingface.co/api/resolve-cache/models/Qwen/Qwen3-Coder-30B-A3B-Instruct-FP8/dcaee4d4dfc5ee71ad501f01f530e5652438fde0/tokenizer_config.json "HTTP/1.1 200 OK"
2026-09-03 06:13:22,821 - httpx - INFO - HTTP Request: GET https://huggingface.co/api/models/Qwen/Qwen3-Coder-30B-A3B-Instruct-FP8/tree/main/additional_chat_templates?recursive=false&expand=false "HTTP/1.1 404 Not Found"
2026-09-03 06:13:22,884 - httpx - INFO - HTTP Request: GET https://huggingface.co/api/models/Qwen/Qwen3-Coder-30B-A3B-Instruct-FP8/tree/main?recursive=true&expand=false "HTTP/1.1 200 OK"
2026-09-03 06:13:22,949 - httpx - INFO - HTTP Request: HEAD https://huggingface.co/Qwen/Qwen3-Coder-30B-A3B-Instruct-FP8/resolve/main/vocab.json "HTTP/1.1 307 Temporary Redirect"
2026-09-03 06:13:22,971 - httpx - INFO - HTTP Request: HEAD https://huggingface.co/api/resolve-cache/models/Qwen/Qwen3-Coder-30B-A3B-Instruct-FP8/dcaee4d4dfc5ee71ad501f01f530e5652438fde0/vocab.json "HTTP/1.1 200 OK"
2026-09-03 06:13:22,997 - httpx - INFO - HTTP Request: GET https://huggingface.co/api/resolve-cache/models/Qwen/Qwen3-Coder-30B-A3B-Instruct-FP8/dcaee4d4dfc5ee71ad501f01f530e5652438fde0/vocab.json "HTTP/1.1 200 OK"
2026-09-03 06:13:23,151 - httpx - INFO - HTTP Request: HEAD https://huggingface.co/Qwen/Qwen3-Coder-30B-A3B-Instruct-FP8/resolve/main/merges.txt "HTTP/1.1 307 Temporary Redirect"
2026-09-03 06:13:23,176 - httpx - INFO - HTTP Request: HEAD https://huggingface.co/api/resolve-cache/models/Qwen/Qwen3-Coder-30B-A3B-Instruct-FP8/dcaee4d4dfc5ee71ad501f01f530e5652438fde0/merges.txt "HTTP/1.1 200 OK"
2026-09-03 06:13:23,200 - httpx - INFO - HTTP Request: GET https://huggingface.co/api/resolve-cache/models/Qwen/Qwen3-Coder-30B-A3B-Instruct-FP8/dcaee4d4dfc5ee71ad501f01f530e5652438fde0/merges.txt "HTTP/1.1 200 OK"
2026-09-03 06:13:23,285 - httpx - INFO - HTTP Request: HEAD https://huggingface.co/Qwen/Qwen3-Coder-30B-A3B-Instruct-FP8/resolve/main/tokenizer.json "HTTP/1.1 302 Found"
2026-09-03 06:13:24,155 - httpx - INFO - HTTP Request: HEAD https://huggingface.co/Qwen/Qwen3-Coder-30B-A3B-Instruct-FP8/resolve/main/added_tokens.json "HTTP/1.1 404 Not Found"
2026-09-03 06:13:24,214 - httpx - INFO - HTTP Request: HEAD https://huggingface.co/Qwen/Qwen3-Coder-30B-A3B-Instruct-FP8/resolve/main/special_tokens_map.json "HTTP/1.1 404 Not Found"
2026-09-03 06:13:24,273 - httpx - INFO - HTTP Request: HEAD https://huggingface.co/Qwen/Qwen3-Coder-30B-A3B-Instruct-FP8/resolve/main/chat_template.jinja "HTTP/1.1 307 Temporary Redirect"
2026-09-03 06:13:24,295 - httpx - INFO - HTTP Request: HEAD https://huggingface.co/api/resolve-cache/models/Qwen/Qwen3-Coder-30B-A3B-Instruct-FP8/dcaee4d4dfc5ee71ad501f01f530e5652438fde0/chat_template.jinja "HTTP/1.1 200 OK"
2026-09-03 06:13:24,321 - httpx - INFO - HTTP Request: GET https://huggingface.co/api/resolve-cache/models/Qwen/Qwen3-Coder-30B-A3B-Instruct-FP8/dcaee4d4dfc5ee71ad501f01f530e5652438fde0/chat_template.jinja "HTTP/1.1 200 OK"
2026-09-03 06:13:25,349 - httpx - INFO - HTTP Request: GET https://huggingface.co/api/models/Qwen/Qwen3-Coder-30B-A3B-Instruct-FP8 "HTTP/1.1 200 OK"
2026-09-03 06:13:25,352 - inference_perf.utils.custom_tokenizer - INFO - Loading tokenizer 'Qwen/Qwen3-Coder-30B-A3B-Instruct-FP8'
2026-09-03 06:13:25,409 - httpx - INFO - HTTP Request: HEAD https://huggingface.co/Qwen/Qwen3-Coder-30B-A3B-Instruct-FP8/resolve/main/config.json "HTTP/1.1 307 Temporary Redirect"
2026-09-03 06:13:25,432 - httpx - INFO - HTTP Request: HEAD https://huggingface.co/api/resolve-cache/models/Qwen/Qwen3-Coder-30B-A3B-Instruct-FP8/dcaee4d4dfc5ee71ad501f01f530e5652438fde0/config.json "HTTP/1.1 200 OK"
2026-09-03 06:13:25,494 - httpx - INFO - HTTP Request: HEAD https://huggingface.co/Qwen/Qwen3-Coder-30B-A3B-Instruct-FP8/resolve/main/tokenizer_config.json "HTTP/1.1 307 Temporary Redirect"
2026-09-03 06:13:25,517 - httpx - INFO - HTTP Request: HEAD https://huggingface.co/api/resolve-cache/models/Qwen/Qwen3-Coder-30B-A3B-Instruct-FP8/dcaee4d4dfc5ee71ad501f01f530e5652438fde0/tokenizer_config.json "HTTP/1.1 200 OK"
2026-09-03 06:13:25,578 - httpx - INFO - HTTP Request: GET https://huggingface.co/api/models/Qwen/Qwen3-Coder-30B-A3B-Instruct-FP8/tree/main/additional_chat_templates?recursive=false&expand=false "HTTP/1.1 404 Not Found"
2026-09-03 06:13:25,633 - httpx - INFO - HTTP Request: GET https://huggingface.co/api/models/Qwen/Qwen3-Coder-30B-A3B-Instruct-FP8/tree/main?recursive=true&expand=false "HTTP/1.1 200 OK"
2026-09-03 06:13:26,692 - httpx - INFO - HTTP Request: GET https://huggingface.co/api/models/Qwen/Qwen3-Coder-30B-A3B-Instruct-FP8 "HTTP/1.1 200 OK"
2026-09-03 06:13:26,796 - inference_perf.datagen.replay.weka_trace_replay_datagen - INFO - Loaded prompt corpus from: /workspace/inference_perf/assets/shakespeare.txt (5020475 chars)
[transformers] Token indices sequence length is longer than the specified maximum sequence length for this model (1306158 > 1048576). Running this sequence through the model will result in indexing errors
2026-09-03 06:13:35,552 - inference_perf.datagen.replay.weka_trace_replay_datagen - INFO - Building replay sessions for 16 traces with 16 processes
2026-09-03 06:13:45,247 - inference_perf.datagen.replay.weka_trace_replay_datagen - INFO - Built 16 replay sessions from 16 traces in 9.7s
2026-09-03 06:13:45,282 - inference_perf.datagen.replay.replay_graph_session_datagen - INFO - Built replay schedule: 2415 events across 16 sessions (eager)
2026-09-03 06:13:45,559 - inference_perf.loadgen.load_generator - INFO - Stage 0 - session-based run started
2026-09-03 06:13:45,561 - inference_perf.loadgen.load_generator - INFO - Session pool: concurrent_sessions=16, session_rate=None, timeout=4800.0, num_sessions=16 (corpus offset 0), total_sessions=16
2026-09-03 06:13:45,562 - inference_perf.datagen.replay.replay_graph_session_datagen - INFO - Dispatching session wekatrace4_095a5152ab8fc1cdc847612872a01525cd1b: 91 events
2026-09-03 06:13:45,572 - inference_perf.datagen.replay.replay_graph_session_datagen - INFO - Dispatching session wekatrace3_0767e712d9e187634174712ce484b8bb7526: 68 events
2026-09-03 06:13:45,575 - inference_perf.datagen.replay.replay_graph_session_datagen - INFO - Dispatching session wekatrace13_1c51f458e8b542059f13268dfd08554de56a: 155 events
2026-09-03 06:13:45,578 - inference_perf.datagen.replay.replay_graph_session_datagen - INFO - Dispatching session wekatrace8_0b4a56f22f01dc235b7ce1cc3aeabd6943e8: 517 events
2026-09-03 06:13:45,588 - inference_perf.datagen.replay.replay_graph_session_datagen - INFO - Dispatching session wekatrace7_0b1cf5ad73920121aa53e1acb0851a8ecf32: 78 events
2026-09-03 06:13:45,594 - inference_perf.datagen.replay.replay_graph_session_datagen - INFO - Dispatching session wekatrace6_09c188c8b9201ec2046cc2df702623fef33e: 60 events
2026-09-03 06:13:45,607 - inference_perf.datagen.replay.replay_graph_session_datagen - INFO - Dispatching session wekatrace12_1ac9d045056424d98ec4b5725460ca2b6120: 72 events
2026-09-03 06:13:45,611 - inference_perf.datagen.replay.replay_graph_session_datagen - INFO - Dispatching session wekatrace5_09a5d415a7157ed48a5a6fa2711f2d8565c1: 243 events
2026-09-03 06:13:45,628 - inference_perf.datagen.replay.replay_graph_session_datagen - INFO - Dispatching session wekatrace9_0d75185d4e958ad360c16451eaa95d508edf: 210 events
2026-09-03 06:13:45,634 - inference_perf.datagen.replay.replay_graph_session_datagen - INFO - Dispatching session wekatrace11_0f9870e68e496146a60b68dd3f0aba9aced2: 80 events
2026-09-03 06:13:45,637 - inference_perf.datagen.replay.replay_graph_session_datagen - INFO - Dispatching session wekatrace2_05658118df5d398eec4703ce4fafe679ab30: 221 events
2026-09-03 06:13:45,644 - inference_perf.datagen.replay.replay_graph_session_datagen - INFO - Dispatching session wekatrace15_1e086b8be96979688eb61ba63e18745a8f82: 64 events
2026-09-03 06:13:45,646 - inference_perf.datagen.replay.replay_graph_session_datagen - INFO - Dispatching session wekatrace1_04b25fe5b2ffa5e7ec9890426cce59838a05: 138 events
2026-09-03 06:13:45,649 - inference_perf.datagen.replay.replay_graph_session_datagen - INFO - Dispatching session wekatrace14_1d52e24446ecdb36d1351d53094d8a67f621: 143 events
2026-09-03 06:13:45,653 - inference_perf.datagen.replay.replay_graph_session_datagen - INFO - Dispatching session wekatrace10_0d9c99c3f96c2bcac0f9dec0987d5f411bcd: 83 events
2026-09-03 06:13:45,655 - inference_perf.datagen.replay.replay_graph_session_datagen - INFO - Dispatching session wekatrace0_0475b786230f3f2e24220d28e247eaee2dae: 192 events
2026-09-03 07:13:47,147 - inference_perf.datagen.replay.replay_graph_session_datagen - INFO - Event wekatrace13_1c51f458e8b542059f13268dfd08554de56a:event_115_parent_turn_6 skipping — predecessor wait failed: TimeoutError
2026-09-03 07:13:47,149 - inference_perf.datagen.replay.replay_graph_session_datagen - INFO - Event wekatrace13_1c51f458e8b542059f13268dfd08554de56a:event_116_parent_turn_7 skipping — predecessor failed
2026-09-03 07:13:47,149 - inference_perf.datagen.replay.replay_graph_session_datagen - INFO - Event wekatrace13_1c51f458e8b542059f13268dfd08554de56a:event_117_parent_turn_8 skipping — predecessor failed
2026-09-03 07:13:47,149 - inference_perf.datagen.replay.replay_graph_session_datagen - INFO - Event wekatrace13_1c51f458e8b542059f13268dfd08554de56a:event_118_parent_turn_9 skipping — predecessor failed
2026-09-03 07:13:47,149 - inference_perf.datagen.replay.replay_graph_session_datagen - INFO - Event wekatrace13_1c51f458e8b542059f13268dfd08554de56a:event_119_parent_turn_10 skipping — predecessor failed
2026-09-03 07:13:47,150 - inference_perf.datagen.replay.replay_graph_session_datagen - INFO - Event wekatrace13_1c51f458e8b542059f13268dfd08554de56a:event_120_parent_turn_11 skipping — predecessor failed
2026-09-03 07:13:47,150 - inference_perf.datagen.replay.replay_graph_session_datagen - INFO - Event wekatrace13_1c51f458e8b542059f13268dfd08554de56a:event_121_parent_turn_12 skipping — predecessor failed
2026-09-03 07:13:47,150 - inference_perf.datagen.replay.replay_graph_session_datagen - INFO - Event wekatrace13_1c51f458e8b542059f13268dfd08554de56a:event_122_parent_turn_13 skipping — predecessor failed
2026-09-03 07:13:47,151 - inference_perf.datagen.replay.replay_graph_session_datagen - INFO - Event wekatrace13_1c51f458e8b542059f13268dfd08554de56a:event_123_parent_turn_14 skipping — predecessor failed
2026-09-03 07:13:47,151 - inference_perf.datagen.replay.replay_graph_session_datagen - INFO - Event wekatrace13_1c51f458e8b542059f13268dfd08554de56a:event_124_parent_turn_15 skipping — predecessor failed
2026-09-03 07:13:47,151 - inference_perf.datagen.replay.replay_graph_session_datagen - INFO - Event wekatrace13_1c51f458e8b542059f13268dfd08554de56a:event_125_parent_turn_16 skipping — predecessor failed
2026-09-03 07:13:47,152 - inference_perf.datagen.replay.replay_graph_session_datagen - INFO - Event wekatrace13_1c51f458e8b542059f13268dfd08554de56a:event_126_parent_turn_17 skipping — predecessor failed
2026-09-03 07:13:47,152 - inference_perf.datagen.replay.replay_graph_session_datagen - INFO - Event wekatrace13_1c51f458e8b542059f13268dfd08554de56a:event_127_parent_turn_18 skipping — predecessor failed
2026-09-03 07:13:47,152 - inference_perf.datagen.replay.replay_graph_session_datagen - INFO - Event wekatrace13_1c51f458e8b542059f13268dfd08554de56a:event_128_parent_turn_19 skipping — predecessor failed
2026-09-03 07:13:47,152 - inference_perf.datagen.replay.replay_graph_session_datagen - INFO - Event wekatrace13_1c51f458e8b542059f13268dfd08554de56a:event_129_parent_turn_20 skipping — predecessor failed
2026-09-03 07:13:47,152 - inference_perf.datagen.replay.replay_graph_session_datagen - INFO - Event wekatrace13_1c51f458e8b542059f13268dfd08554de56a:event_130_parent_turn_21 skipping — predecessor failed
2026-09-03 07:13:47,153 - inference_perf.datagen.replay.replay_graph_session_datagen - INFO - Event wekatrace13_1c51f458e8b542059f13268dfd08554de56a:event_131_parent_turn_22 skipping — predecessor failed
2026-09-03 07:13:47,153 - inference_perf.datagen.replay.replay_graph_session_datagen - INFO - Event wekatrace13_1c51f458e8b542059f13268dfd08554de56a:event_132_parent_turn_23 skipping — predecessor failed
2026-09-03 07:13:47,153 - inference_perf.datagen.replay.replay_graph_session_datagen - INFO - Event wekatrace13_1c51f458e8b542059f13268dfd08554de56a:event_133_parent_turn_24 skipping — predecessor failed
2026-09-03 07:13:47,153 - inference_perf.datagen.replay.replay_graph_session_datagen - INFO - Event wekatrace13_1c51f458e8b542059f13268dfd08554de56a:event_134_parent_turn_25 skipping — predecessor failed
2026-09-03 07:13:47,153 - inference_perf.datagen.replay.replay_graph_session_datagen - INFO - Event wekatrace13_1c51f458e8b542059f13268dfd08554de56a:event_135_parent_turn_26 skipping — predecessor failed
2026-09-03 07:13:47,154 - inference_perf.datagen.replay.replay_graph_session_datagen - INFO - Event wekatrace13_1c51f458e8b542059f13268dfd08554de56a:event_136_parent_turn_27 skipping — predecessor failed
2026-09-03 07:13:47,154 - inference_perf.datagen.replay.replay_graph_session_datagen - INFO - Event wekatrace13_1c51f458e8b542059f13268dfd08554de56a:event_137_parent_turn_28 skipping — predecessor failed
2026-09-03 07:13:47,154 - inference_perf.datagen.replay.replay_graph_session_datagen - INFO - Event wekatrace13_1c51f458e8b542059f13268dfd08554de56a:event_138_parent_turn_29 skipping — predecessor failed
2026-09-03 07:13:47,154 - inference_perf.datagen.replay.replay_graph_session_datagen - INFO - Event wekatrace13_1c51f458e8b542059f13268dfd08554de56a:event_139_parent_turn_30 skipping — predecessor failed
2026-09-03 07:13:47,154 - inference_perf.datagen.replay.replay_graph_session_datagen - INFO - Event wekatrace13_1c51f458e8b542059f13268dfd08554de56a:event_140_parent_turn_31 skipping — predecessor failed
2026-09-03 07:13:47,155 - inference_perf.datagen.replay.replay_graph_session_datagen - INFO - Event wekatrace13_1c51f458e8b542059f13268dfd08554de56a:event_141_parent_turn_32 skipping — predecessor failed
2026-09-03 07:13:47,155 - inference_perf.datagen.replay.replay_graph_session_datagen - INFO - Event wekatrace13_1c51f458e8b542059f13268dfd08554de56a:event_142_parent_turn_33 skipping — predecessor failed
2026-09-03 07:13:47,155 - inference_perf.datagen.replay.replay_graph_session_datagen - INFO - Event wekatrace13_1c51f458e8b542059f13268dfd08554de56a:event_143_parent_turn_34 skipping — predecessor failed
2026-09-03 07:13:47,155 - inference_perf.datagen.replay.replay_graph_session_datagen - INFO - Event wekatrace13_1c51f458e8b542059f13268dfd08554de56a:event_144_parent_turn_35 skipping — predecessor failed
2026-09-03 07:13:47,155 - inference_perf.datagen.replay.replay_graph_session_datagen - INFO - Event wekatrace13_1c51f458e8b542059f13268dfd08554de56a:event_145_parent_turn_36 skipping — predecessor failed
2026-09-03 07:13:47,156 - inference_perf.datagen.replay.replay_graph_session_datagen - INFO - Event wekatrace13_1c51f458e8b542059f13268dfd08554de56a:event_146_parent_turn_37 skipping — predecessor failed
2026-09-03 07:13:47,156 - inference_perf.datagen.replay.replay_graph_session_datagen - INFO - Event wekatrace13_1c51f458e8b542059f13268dfd08554de56a:event_147_parent_turn_38 skipping — predecessor failed
2026-09-03 07:13:47,156 - inference_perf.datagen.replay.replay_graph_session_datagen - INFO - Event wekatrace13_1c51f458e8b542059f13268dfd08554de56a:event_148_parent_turn_39 skipping — predecessor failed
2026-09-03 07:13:47,156 - inference_perf.datagen.replay.replay_graph_session_datagen - INFO - Event wekatrace13_1c51f458e8b542059f13268dfd08554de56a:event_149_parent_turn_40 skipping — predecessor failed
2026-09-03 07:13:47,156 - inference_perf.datagen.replay.replay_graph_session_datagen - INFO - Event wekatrace13_1c51f458e8b542059f13268dfd08554de56a:event_150_parent_turn_41 skipping — predecessor failed
2026-09-03 07:13:47,157 - inference_perf.datagen.replay.replay_graph_session_datagen - INFO - Event wekatrace13_1c51f458e8b542059f13268dfd08554de56a:event_151_parent_turn_42 skipping — predecessor failed
2026-09-03 07:13:47,157 - inference_perf.datagen.replay.replay_graph_session_datagen - INFO - Event wekatrace13_1c51f458e8b542059f13268dfd08554de56a:event_152_parent_turn_43 skipping — predecessor failed
2026-09-03 07:13:47,157 - inference_perf.datagen.replay.replay_graph_session_datagen - INFO - Event wekatrace13_1c51f458e8b542059f13268dfd08554de56a:event_153_parent_turn_44 skipping — predecessor failed
2026-09-03 07:13:47,157 - inference_perf.datagen.replay.replay_graph_session_datagen - INFO - Event wekatrace13_1c51f458e8b542059f13268dfd08554de56a:event_154_parent_turn_45 skipping — predecessor failed
2026-09-03 07:13:49,125 - inference_perf.datagen.replay.replay_graph_session_datagen - INFO - Event wekatrace0_0475b786230f3f2e24220d28e247eaee2dae:event_173_parent_turn_132 skipping — predecessor wait failed: TimeoutError
2026-09-03 07:13:49,127 - inference_perf.datagen.replay.replay_graph_session_datagen - INFO - Event wekatrace0_0475b786230f3f2e24220d28e247eaee2dae:event_174_parent_turn_133 skipping — predecessor failed
2026-09-03 07:13:49,127 - inference_perf.datagen.replay.replay_graph_session_datagen - INFO - Event wekatrace0_0475b786230f3f2e24220d28e247eaee2dae:event_175_parent_turn_134 skipping — predecessor failed
2026-09-03 07:13:49,127 - inference_perf.datagen.replay.replay_graph_session_datagen - INFO - Event wekatrace0_0475b786230f3f2e24220d28e247eaee2dae:event_176_parent_turn_135 skipping — predecessor failed
2026-09-03 07:13:49,127 - inference_perf.datagen.replay.replay_graph_session_datagen - INFO - Event wekatrace0_0475b786230f3f2e24220d28e247eaee2dae:event_177_parent_turn_136 skipping — predecessor failed
2026-09-03 07:13:49,127 - inference_perf.datagen.replay.replay_graph_session_datagen - INFO - Event wekatrace0_0475b786230f3f2e24220d28e247eaee2dae:event_178_parent_turn_137 skipping — predecessor failed
2026-09-03 07:13:49,128 - inference_perf.datagen.replay.replay_graph_session_datagen - INFO - Event wekatrace0_0475b786230f3f2e24220d28e247eaee2dae:event_179_parent_turn_138 skipping — predecessor failed
2026-09-03 07:13:49,128 - inference_perf.datagen.replay.replay_graph_session_datagen - INFO - Event wekatrace0_0475b786230f3f2e24220d28e247eaee2dae:event_180_parent_turn_139 skipping — predecessor failed
2026-09-03 07:13:49,128 - inference_perf.datagen.replay.replay_graph_session_datagen - INFO - Event wekatrace0_0475b786230f3f2e24220d28e247eaee2dae:event_181_parent_turn_140 skipping — predecessor failed
2026-09-03 07:13:49,128 - inference_perf.datagen.replay.replay_graph_session_datagen - INFO - Event wekatrace0_0475b786230f3f2e24220d28e247eaee2dae:event_182_parent_turn_141 skipping — predecessor failed
2026-09-03 07:13:49,128 - inference_perf.datagen.replay.replay_graph_session_datagen - INFO - Event wekatrace0_0475b786230f3f2e24220d28e247eaee2dae:event_183_parent_turn_142 skipping — predecessor failed
2026-09-03 07:13:49,129 - inference_perf.datagen.replay.replay_graph_session_datagen - INFO - Event wekatrace0_0475b786230f3f2e24220d28e247eaee2dae:event_184_parent_turn_143 skipping — predecessor failed
2026-09-03 07:13:49,129 - inference_perf.datagen.replay.replay_graph_session_datagen - INFO - Event wekatrace0_0475b786230f3f2e24220d28e247eaee2dae:event_185_parent_turn_144 skipping — predecessor failed
2026-09-03 07:13:49,129 - inference_perf.datagen.replay.replay_graph_session_datagen - INFO - Event wekatrace0_0475b786230f3f2e24220d28e247eaee2dae:event_186_parent_turn_145 skipping — predecessor failed
2026-09-03 07:13:49,129 - inference_perf.datagen.replay.replay_graph_session_datagen - INFO - Event wekatrace0_0475b786230f3f2e24220d28e247eaee2dae:event_187_parent_turn_146 skipping — predecessor failed
2026-09-03 07:13:49,129 - inference_perf.datagen.replay.replay_graph_session_datagen - INFO - Event wekatrace0_0475b786230f3f2e24220d28e247eaee2dae:event_188_parent_turn_147 skipping — predecessor failed
2026-09-03 07:13:49,130 - inference_perf.datagen.replay.replay_graph_session_datagen - INFO - Event wekatrace0_0475b786230f3f2e24220d28e247eaee2dae:event_189_parent_turn_148 skipping — predecessor failed
2026-09-03 07:13:49,130 - inference_perf.datagen.replay.replay_graph_session_datagen - INFO - Event wekatrace0_0475b786230f3f2e24220d28e247eaee2dae:event_190_parent_turn_149 skipping — predecessor failed
2026-09-03 07:13:49,130 - inference_perf.datagen.replay.replay_graph_session_datagen - INFO - Event wekatrace0_0475b786230f3f2e24220d28e247eaee2dae:event_191_parent_turn_150 skipping — predecessor failed
2026-09-03 07:13:49,214 - inference_perf.datagen.replay.replay_graph_session_datagen - INFO - Event wekatrace8_0b4a56f22f01dc235b7ce1cc3aeabd6943e8:event_165_sa_subagent_005_59c63173_s0_turn_2 skipping — predecessor wait failed: TimeoutError
2026-09-03 07:13:49,215 - inference_perf.datagen.replay.replay_graph_session_datagen - INFO - Event wekatrace8_0b4a56f22f01dc235b7ce1cc3aeabd6943e8:event_166_sa_subagent_005_59c63173_s0_turn_3 skipping — predecessor failed
2026-09-03 07:13:49,216 - inference_perf.datagen.replay.replay_graph_session_datagen - INFO - Event wekatrace8_0b4a56f22f01dc235b7ce1cc3aeabd6943e8:event_167_sa_subagent_005_59c63173_s0_turn_4 skipping — predecessor failed
2026-09-03 07:13:49,216 - inference_perf.datagen.replay.replay_graph_session_datagen - INFO - Event wekatrace8_0b4a56f22f01dc235b7ce1cc3aeabd6943e8:event_168_sa_subagent_005_59c63173_s0_turn_5 skipping — predecessor failed
2026-09-03 07:13:49,216 - inference_perf.datagen.replay.replay_graph_session_datagen - INFO - Event wekatrace8_0b4a56f22f01dc235b7ce1cc3aeabd6943e8:event_169_sa_subagent_005_59c63173_s0_turn_6 skipping — predecessor failed
2026-09-03 07:13:49,216 - inference_perf.datagen.replay.replay_graph_session_datagen - INFO - Event wekatrace8_0b4a56f22f01dc235b7ce1cc3aeabd6943e8:event_170_sa_subagent_005_59c63173_s0_turn_7 skipping — predecessor failed
2026-09-03 07:13:49,217 - inference_perf.datagen.replay.replay_graph_session_datagen - INFO - Event wekatrace8_0b4a56f22f01dc235b7ce1cc3aeabd6943e8:event_171_sa_subagent_005_59c63173_s0_turn_8 skipping — predecessor failed
2026-09-03 07:13:49,217 - inference_perf.datagen.replay.replay_graph_session_datagen - INFO - Event wekatrace8_0b4a56f22f01dc235b7ce1cc3aeabd6943e8:event_172_sa_subagent_005_59c63173_s0_turn_9 skipping — predecessor failed
2026-09-03 07:13:49,217 - inference_perf.datagen.replay.replay_graph_session_datagen - INFO - Event wekatrace8_0b4a56f22f01dc235b7ce1cc3aeabd6943e8:event_173_sa_subagent_005_59c63173_s0_turn_10 skipping — predecessor failed
2026-09-03 07:13:49,218 - inference_perf.datagen.replay.replay_graph_session_datagen - INFO - Event wekatrace8_0b4a56f22f01dc235b7ce1cc3aeabd6943e8:event_174_sa_subagent_005_59c63173_s0_turn_11 skipping — predecessor failed
2026-09-03 07:13:49,218 - inference_perf.datagen.replay.replay_graph_session_datagen - INFO - Event wekatrace8_0b4a56f22f01dc235b7ce1cc3aeabd6943e8:event_175_sa_subagent_005_59c63173_s0_turn_12 skipping — predecessor failed
2026-09-03 07:13:49,218 - inference_perf.datagen.replay.replay_graph_session_datagen - INFO - Event wekatrace8_0b4a56f22f01dc235b7ce1cc3aeabd6943e8:event_176_sa_subagent_005_59c63173_s0_turn_13 skipping — predecessor failed
2026-09-03 07:13:49,218 - inference_perf.datagen.replay.replay_graph_session_datagen - INFO - Event wekatrace8_0b4a56f22f01dc235b7ce1cc3aeabd6943e8:event_177_parent_turn_53 skipping — predecessor failed
2026-09-03 07:13:49,219 - inference_perf.datagen.replay.replay_graph_session_datagen - INFO - Event wekatrace8_0b4a56f22f01dc235b7ce1cc3aeabd6943e8:event_178_parent_turn_54 skipping — predecessor failed
2026-09-03 07:13:49,219 - inference_perf.datagen.replay.replay_graph_session_datagen - INFO - Event wekatrace8_0b4a56f22f01dc235b7ce1cc3aeabd6943e8:event_179_parent_turn_55 skipping — predecessor failed
2026-09-03 07:13:49,219 - inference_perf.datagen.replay.replay_graph_session_datagen - INFO - Event wekatrace8_0b4a56f22f01dc235b7ce1cc3aeabd6943e8:event_180_parent_turn_56 skipping — predecessor failed
2026-09-03 07:13:49,220 - inference_perf.datagen.replay.replay_graph_session_datagen - INFO - Event wekatrace8_0b4a56f22f01dc235b7ce1cc3aeabd6943e8:event_181_parent_turn_57 skipping — predecessor failed
2026-09-03 07:13:49,220 - inference_perf.datagen.replay.replay_graph_session_datagen - INFO - Event wekatrace8_0b4a56f22f01dc235b7ce1cc3aeabd6943e8:event_182_parent_turn_58 skipping — predecessor failed
2026-09-03 07:13:49,220 - inference_perf.datagen.replay.replay_graph_session_datagen - INFO - Event wekatrace8_0b4a56f22f01dc235b7ce1cc3aeabd6943e8:event_183_parent_turn_59 skipping — predecessor failed
2026-09-03 07:13:49,220 - inference_perf.datagen.replay.replay_graph_session_datagen - INFO - Event wekatrace8_0b4a56f22f01dc235b7ce1cc3aeabd6943e8:event_184_parent_turn_60 skipping — predecessor failed
2026-09-03 07:13:49,220 - inference_perf.datagen.replay.replay_graph_session_datagen - INFO - Event wekatrace8_0b4a56f22f01dc235b7ce1cc3aeabd6943e8:event_185_parent_turn_61 skipping — predecessor failed
2026-09-03 07:13:49,221 - inference_perf.datagen.replay.replay_graph_session_datagen - INFO - Event wekatrace8_0b4a56f22f01dc235b7ce1cc3aeabd6943e8:event_186_parent_turn_62 skipping — predecessor failed
2026-09-03 07:13:49,221 - inference_perf.datagen.replay.replay_graph_session_datagen - INFO - Event wekatrace8_0b4a56f22f01dc235b7ce1cc3aeabd6943e8:event_187_parent_turn_63 skipping — predecessor failed
2026-09-03 07:13:49,221 - inference_perf.datagen.replay.replay_graph_session_datagen - INFO - Event wekatrace8_0b4a56f22f01dc235b7ce1cc3aeabd6943e8:event_188_parent_turn_64 skipping — predecessor failed
2026-09-03 07:13:49,221 - inference_perf.datagen.replay.replay_graph_session_datagen - INFO - Event wekatrace8_0b4a56f22f01dc235b7ce1cc3aeabd6943e8:event_189_parent_turn_65 skipping — predecessor failed
2026-09-03 07:13:49,222 - inference_perf.datagen.replay.replay_graph_session_datagen - INFO - Event wekatrace8_0b4a56f22f01dc235b7ce1cc3aeabd6943e8:event_190_parent_turn_66 skipping — predecessor failed
2026-09-03 07:13:49,222 - inference_perf.datagen.replay.replay_graph_session_datagen - INFO - Event wekatrace8_0b4a56f22f01dc235b7ce1cc3aeabd6943e8:event_191_parent_turn_67 skipping — predecessor failed
2026-09-03 07:13:49,222 - inference_perf.datagen.replay.replay_graph_session_datagen - INFO - Event wekatrace8_0b4a56f22f01dc235b7ce1cc3aeabd6943e8:event_192_parent_turn_68 skipping — predecessor failed
2026-09-03 07:13:49,222 - inference_perf.datagen.replay.replay_graph_session_datagen - INFO - Event wekatrace8_0b4a56f22f01dc235b7ce1cc3aeabd6943e8:event_193_parent_turn_69 skipping — predecessor failed
2026-09-03 07:13:49,223 - inference_perf.datagen.replay.replay_graph_session_datagen - INFO - Event wekatrace8_0b4a56f22f01dc235b7ce1cc3aeabd6943e8:event_194_parent_turn_70 skipping — predecessor failed
2026-09-03 07:13:49,225 - inference_perf.datagen.replay.replay_graph_session_datagen - INFO - Event wekatrace8_0b4a56f22f01dc235b7ce1cc3aeabd6943e8:event_195_parent_turn_71 skipping — predecessor failed
2026-09-03 07:13:49,227 - inference_perf.datagen.replay.replay_graph_session_datagen - INFO - Event wekatrace8_0b4a56f22f01dc235b7ce1cc3aeabd6943e8:event_196_parent_turn_72 skipping — predecessor failed
2026-09-03 07:13:49,228 - inference_perf.datagen.replay.replay_graph_session_datagen - INFO - Event wekatrace8_0b4a56f22f01dc235b7ce1cc3aeabd6943e8:event_197_parent_turn_73 skipping — predecessor failed
2026-09-03 07:13:49,228 - inference_perf.datagen.replay.replay_graph_session_datagen - INFO - Event wekatrace8_0b4a56f22f01dc235b7ce1cc3aeabd6943e8:event_198_parent_turn_74 skipping — predecessor failed
2026-09-03 07:13:49,228 - inference_perf.datagen.replay.replay_graph_session_datagen - INFO - Event wekatrace8_0b4a56f22f01dc235b7ce1cc3aeabd6943e8:event_199_parent_turn_75 skipping — predecessor failed
2026-09-03 07:13:49,228 - inference_perf.datagen.replay.replay_graph_session_datagen - INFO - Event wekatrace8_0b4a56f22f01dc235b7ce1cc3aeabd6943e8:event_200_parent_turn_76 skipping — predecessor failed
2026-09-03 07:13:49,229 - inference_perf.datagen.replay.replay_graph_session_datagen - INFO - Event wekatrace8_0b4a56f22f01dc235b7ce1cc3aeabd6943e8:event_201_parent_turn_77 skipping — predecessor failed
2026-09-03 07:13:49,229 - inference_perf.datagen.replay.replay_graph_session_datagen - INFO - Event wekatrace8_0b4a56f22f01dc235b7ce1cc3aeabd6943e8:event_202_parent_turn_78 skipping — predecessor failed
2026-09-03 07:13:49,229 - inference_perf.datagen.replay.replay_graph_session_datagen - INFO - Event wekatrace8_0b4a56f22f01dc235b7ce1cc3aeabd6943e8:event_203_parent_turn_79 skipping — predecessor failed
2026-09-03 07:13:49,229 - inference_perf.datagen.replay.replay_graph_session_datagen - INFO - Event wekatrace8_0b4a56f22f01dc235b7ce1cc3aeabd6943e8:event_204_parent_turn_80 skipping — predecessor failed
2026-09-03 07:13:49,230 - inference_perf.datagen.replay.replay_graph_session_datagen - INFO - Event wekatrace8_0b4a56f22f01dc235b7ce1cc3aeabd6943e8:event_205_parent_turn_81 skipping — predecessor failed
2026-09-03 07:13:49,230 - inference_perf.datagen.replay.replay_graph_session_datagen - INFO - Event wekatrace8_0b4a56f22f01dc235b7ce1cc3aeabd6943e8:event_206_parent_turn_82 skipping — predecessor failed
2026-09-03 07:13:49,230 - inference_perf.datagen.replay.replay_graph_session_datagen - INFO - Event wekatrace8_0b4a56f22f01dc235b7ce1cc3aeabd6943e8:event_207_parent_turn_83 skipping — predecessor failed
2026-09-03 07:13:49,230 - inference_perf.datagen.replay.replay_graph_session_datagen - INFO - Event wekatrace8_0b4a56f22f01dc235b7ce1cc3aeabd6943e8:event_208_parent_turn_84 skipping — predecessor failed
2026-09-03 07:13:49,231 - inference_perf.datagen.replay.replay_graph_session_datagen - INFO - Event wekatrace8_0b4a56f22f01dc235b7ce1cc3aeabd6943e8:event_209_parent_turn_85 skipping — predecessor failed
2026-09-03 07:13:49,231 - inference_perf.datagen.replay.replay_graph_session_datagen - INFO - Event wekatrace8_0b4a56f22f01dc235b7ce1cc3aeabd6943e8:event_210_parent_turn_86 skipping — predecessor failed
2026-09-03 07:13:49,231 - inference_perf.datagen.replay.replay_graph_session_datagen - INFO - Event wekatrace8_0b4a56f22f01dc235b7ce1cc3aeabd6943e8:event_211_parent_turn_87 skipping — predecessor failed
2026-09-03 07:13:49,232 - inference_perf.datagen.replay.replay_graph_session_datagen - INFO - Event wekatrace8_0b4a56f22f01dc235b7ce1cc3aeabd6943e8:event_212_parent_turn_88 skipping — predecessor failed
2026-09-03 07:13:49,232 - inference_perf.datagen.replay.replay_graph_session_datagen - INFO - Event wekatrace8_0b4a56f22f01dc235b7ce1cc3aeabd6943e8:event_213_parent_turn_89 skipping — predecessor failed
2026-09-03 07:13:49,232 - inference_perf.datagen.replay.replay_graph_session_datagen - INFO - Event wekatrace8_0b4a56f22f01dc235b7ce1cc3aeabd6943e8:event_214_parent_turn_90 skipping — predecessor failed
2026-09-03 07:13:49,232 - inference_perf.datagen.replay.replay_graph_session_datagen - INFO - Event wekatrace8_0b4a56f22f01dc235b7ce1cc3aeabd6943e8:event_215_parent_turn_91 skipping — predecessor failed
2026-09-03 07:13:49,233 - inference_perf.datagen.replay.replay_graph_session_datagen - INFO - Event wekatrace8_0b4a56f22f01dc235b7ce1cc3aeabd6943e8:event_216_parent_turn_92 skipping — predecessor failed
2026-09-03 07:13:49,233 - inference_perf.datagen.replay.replay_graph_session_datagen - INFO - Event wekatrace8_0b4a56f22f01dc235b7ce1cc3aeabd6943e8:event_217_parent_turn_93 skipping — predecessor failed
2026-09-03 07:13:49,233 - inference_perf.datagen.replay.replay_graph_session_datagen - INFO - Event wekatrace8_0b4a56f22f01dc235b7ce1cc3aeabd6943e8:event_218_parent_turn_94 skipping — predecessor failed
2026-09-03 07:13:49,234 - inference_perf.datagen.replay.replay_graph_session_datagen - INFO - Event wekatrace8_0b4a56f22f01dc235b7ce1cc3aeabd6943e8:event_219_parent_turn_95 skipping — predecessor failed
2026-09-03 07:13:49,234 - inference_perf.datagen.replay.replay_graph_session_datagen - INFO - Event wekatrace8_0b4a56f22f01dc235b7ce1cc3aeabd6943e8:event_220_parent_turn_96 skipping — predecessor failed
2026-09-03 07:13:49,234 - inference_perf.datagen.replay.replay_graph_session_datagen - INFO - Event wekatrace8_0b4a56f22f01dc235b7ce1cc3aeabd6943e8:event_221_parent_turn_97 skipping — predecessor failed
2026-09-03 07:13:49,235 - inference_perf.datagen.replay.replay_graph_session_datagen - INFO - Event wekatrace8_0b4a56f22f01dc235b7ce1cc3aeabd6943e8:event_222_parent_turn_98 skipping — predecessor failed
2026-09-03 07:13:49,235 - inference_perf.datagen.replay.replay_graph_session_datagen - INFO - Event wekatrace2_05658118df5d398eec4703ce4fafe679ab30:event_104_parent_turn_54 skipping — predecessor wait failed: TimeoutError
2026-09-03 07:13:49,235 - inference_perf.datagen.replay.replay_graph_session_datagen - INFO - Event wekatrace8_0b4a56f22f01dc235b7ce1cc3aeabd6943e8:event_223_parent_turn_99 skipping — predecessor failed
2026-09-03 07:13:49,236 - inference_perf.datagen.replay.replay_graph_session_datagen - INFO - Event wekatrace8_0b4a56f22f01dc235b7ce1cc3aeabd6943e8:event_224_parent_turn_100 skipping — predecessor failed
2026-09-03 07:13:49,236 - inference_perf.datagen.replay.replay_graph_session_datagen - INFO - Event wekatrace8_0b4a56f22f01dc235b7ce1cc3aeabd6943e8:event_225_parent_turn_101 skipping — predecessor failed
2026-09-03 07:13:49,236 - inference_perf.datagen.replay.replay_graph_session_datagen - INFO - Event wekatrace2_05658118df5d398eec4703ce4fafe679ab30:event_105_parent_turn_55 skipping — predecessor failed
2026-09-03 07:13:49,236 - inference_perf.datagen.replay.replay_graph_session_datagen - INFO - Event wekatrace8_0b4a56f22f01dc235b7ce1cc3aeabd6943e8:event_226_parent_turn_102 skipping — predecessor failed
2026-09-03 07:13:49,237 - inference_perf.datagen.replay.replay_graph_session_datagen - INFO - Event wekatrace2_05658118df5d398eec4703ce4fafe679ab30:event_106_parent_turn_56 skipping — predecessor failed
2026-09-03 07:13:49,237 - inference_perf.datagen.replay.replay_graph_session_datagen - INFO - Event wekatrace8_0b4a56f22f01dc235b7ce1cc3aeabd6943e8:event_227_parent_turn_103 skipping — predecessor failed
2026-09-03 07:13:49,237 - inference_perf.datagen.replay.replay_graph_session_datagen - INFO - Event wekatrace8_0b4a56f22f01dc235b7ce1cc3aeabd6943e8:event_228_parent_turn_104 skipping — predecessor failed
2026-09-03 07:13:49,237 - inference_perf.datagen.replay.replay_graph_session_datagen - INFO - Event wekatrace8_0b4a56f22f01dc235b7ce1cc3aeabd6943e8:event_229_parent_turn_105 skipping — predecessor failed
2026-09-03 07:13:49,237 - inference_perf.datagen.replay.replay_graph_session_datagen - INFO - Event wekatrace2_05658118df5d398eec4703ce4fafe679ab30:event_107_parent_turn_57 skipping — predecessor failed
2026-09-03 07:13:49,237 - inference_perf.datagen.replay.replay_graph_session_datagen - INFO - Event wekatrace8_0b4a56f22f01dc235b7ce1cc3aeabd6943e8:event_230_parent_turn_106 skipping — predecessor failed
2026-09-03 07:13:49,238 - inference_perf.datagen.replay.replay_graph_session_datagen - INFO - Event wekatrace8_0b4a56f22f01dc235b7ce1cc3aeabd6943e8:event_231_parent_turn_107 skipping — predecessor failed
2026-09-03 07:13:49,238 - inference_perf.datagen.replay.replay_graph_session_datagen - INFO - Event wekatrace8_0b4a56f22f01dc235b7ce1cc3aeabd6943e8:event_232_parent_turn_108 skipping — predecessor failed
2026-09-03 07:13:49,238 - inference_perf.datagen.replay.replay_graph_session_datagen - INFO - Event wekatrace2_05658118df5d398eec4703ce4fafe679ab30:event_108_parent_turn_58 skipping — predecessor failed
2026-09-03 07:13:49,238 - inference_perf.datagen.replay.replay_graph_session_datagen - INFO - Event wekatrace8_0b4a56f22f01dc235b7ce1cc3aeabd6943e8:event_233_parent_turn_109 skipping — predecessor failed
2026-09-03 07:13:49,238 - inference_perf.datagen.replay.replay_graph_session_datagen - INFO - Event wekatrace8_0b4a56f22f01dc235b7ce1cc3aeabd6943e8:event_234_parent_turn_110 skipping — predecessor failed
2026-09-03 07:13:49,238 - inference_perf.datagen.replay.replay_graph_session_datagen - INFO - Event wekatrace2_05658118df5d398eec4703ce4fafe679ab30:event_109_parent_turn_59 skipping — predecessor failed
2026-09-03 07:13:49,238 - inference_perf.datagen.replay.replay_graph_session_datagen - INFO - Event wekatrace8_0b4a56f22f01dc235b7ce1cc3aeabd6943e8:event_235_sa_subagent_006_30a5a208_s0_turn_0 skipping — predecessor failed
2026-09-03 07:13:49,239 - inference_perf.datagen.replay.replay_graph_session_datagen - INFO - Event wekatrace2_05658118df5d398eec4703ce4fafe679ab30:event_110_parent_turn_60 skipping — predecessor failed
2026-09-03 07:13:49,239 - inference_perf.datagen.replay.replay_graph_session_datagen - INFO - Event wekatrace8_0b4a56f22f01dc235b7ce1cc3aeabd6943e8:event_261_parent_turn_111 skipping — predecessor failed
2026-09-03 07:13:49,239 - inference_perf.datagen.replay.replay_graph_session_datagen - INFO - Event wekatrace8_0b4a56f22f01dc235b7ce1cc3aeabd6943e8:event_236_sa_subagent_006_30a5a208_s0_turn_1 skipping — predecessor failed
2026-09-03 07:13:49,239 - inference_perf.datagen.replay.replay_graph_session_datagen - INFO - Event wekatrace2_05658118df5d398eec4703ce4fafe679ab30:event_111_parent_turn_61 skipping — predecessor failed
2026-09-03 07:13:49,239 - inference_perf.datagen.replay.replay_graph_session_datagen - INFO - Event wekatrace8_0b4a56f22f01dc235b7ce1cc3aeabd6943e8:event_262_parent_turn_112 skipping — predecessor failed
2026-09-03 07:13:49,239 - inference_perf.datagen.replay.replay_graph_session_datagen - INFO - Event wekatrace2_05658118df5d398eec4703ce4fafe679ab30:event_112_parent_turn_62 skipping — predecessor failed
2026-09-03 07:13:49,239 - inference_perf.datagen.replay.replay_graph_session_datagen - INFO - Event wekatrace8_0b4a56f22f01dc235b7ce1cc3aeabd6943e8:event_237_sa_subagent_006_30a5a208_s0_turn_2 skipping — predecessor failed
2026-09-03 07:13:49,240 - inference_perf.datagen.replay.replay_graph_session_datagen - INFO - Event wekatrace2_05658118df5d398eec4703ce4fafe679ab30:event_113_parent_turn_63 skipping — predecessor failed
2026-09-03 07:13:49,240 - inference_perf.datagen.replay.replay_graph_session_datagen - INFO - Event wekatrace8_0b4a56f22f01dc235b7ce1cc3aeabd6943e8:event_263_parent_turn_113 skipping — predecessor failed
2026-09-03 07:13:49,240 - inference_perf.datagen.replay.replay_graph_session_datagen - INFO - Event wekatrace8_0b4a56f22f01dc235b7ce1cc3aeabd6943e8:event_238_sa_subagent_006_30a5a208_s0_turn_3 skipping — predecessor failed
2026-09-03 07:13:49,240 - inference_perf.datagen.replay.replay_graph_session_datagen - INFO - Event wekatrace2_05658118df5d398eec4703ce4fafe679ab30:event_114_parent_turn_64 skipping — predecessor failed
2026-09-03 07:13:49,240 - inference_perf.datagen.replay.replay_graph_session_datagen - INFO - Event wekatrace8_0b4a56f22f01dc235b7ce1cc3aeabd6943e8:event_264_parent_turn_114 skipping — predecessor failed
2026-09-03 07:13:49,240 - inference_perf.datagen.replay.replay_graph_session_datagen - INFO - Event wekatrace2_05658118df5d398eec4703ce4fafe679ab30:event_115_parent_turn_65 skipping — predecessor failed
2026-09-03 07:13:49,241 - inference_perf.datagen.replay.replay_graph_session_datagen - INFO - Event wekatrace8_0b4a56f22f01dc235b7ce1cc3aeabd6943e8:event_239_sa_subagent_006_30a5a208_s0_turn_4 skipping — predecessor failed
2026-09-03 07:13:49,241 - inference_perf.datagen.replay.replay_graph_session_datagen - INFO - Event wekatrace8_0b4a56f22f01dc235b7ce1cc3aeabd6943e8:event_265_parent_turn_115 skipping — predecessor failed
2026-09-03 07:13:49,241 - inference_perf.datagen.replay.replay_graph_session_datagen - INFO - Event wekatrace2_05658118df5d398eec4703ce4fafe679ab30:event_116_parent_turn_66 skipping — predecessor failed
2026-09-03 07:13:49,241 - inference_perf.datagen.replay.replay_graph_session_datagen - INFO - Event wekatrace8_0b4a56f22f01dc235b7ce1cc3aeabd6943e8:event_240_sa_subagent_006_30a5a208_s0_turn_5 skipping — predecessor failed
2026-09-03 07:13:49,241 - inference_perf.datagen.replay.replay_graph_session_datagen - INFO - Event wekatrace2_05658118df5d398eec4703ce4fafe679ab30:event_117_parent_turn_67 skipping — predecessor failed
2026-09-03 07:13:49,241 - inference_perf.datagen.replay.replay_graph_session_datagen - INFO - Event wekatrace8_0b4a56f22f01dc235b7ce1cc3aeabd6943e8:event_266_parent_turn_116 skipping — predecessor failed
2026-09-03 07:13:49,241 - inference_perf.datagen.replay.replay_graph_session_datagen - INFO - Event wekatrace2_05658118df5d398eec4703ce4fafe679ab30:event_118_parent_turn_68 skipping — predecessor failed
2026-09-03 07:13:49,242 - inference_perf.datagen.replay.replay_graph_session_datagen - INFO - Event wekatrace8_0b4a56f22f01dc235b7ce1cc3aeabd6943e8:event_241_sa_subagent_006_30a5a208_s0_turn_6 skipping — predecessor failed
2026-09-03 07:13:49,242 - inference_perf.datagen.replay.replay_graph_session_datagen - INFO - Event wekatrace8_0b4a56f22f01dc235b7ce1cc3aeabd6943e8:event_267_parent_turn_117 skipping — predecessor failed
2026-09-03 07:13:49,242 - inference_perf.datagen.replay.replay_graph_session_datagen - INFO - Event wekatrace2_05658118df5d398eec4703ce4fafe679ab30:event_119_parent_turn_69 skipping — predecessor failed
2026-09-03 07:13:49,242 - inference_perf.datagen.replay.replay_graph_session_datagen - INFO - Event wekatrace8_0b4a56f22f01dc235b7ce1cc3aeabd6943e8:event_268_parent_turn_118 skipping — predecessor failed
2026-09-03 07:13:49,242 - inference_perf.datagen.replay.replay_graph_session_datagen - INFO - Event wekatrace2_05658118df5d398eec4703ce4fafe679ab30:event_120_parent_turn_70 skipping — predecessor failed
2026-09-03 07:13:49,242 - inference_perf.datagen.replay.replay_graph_session_datagen - INFO - Event wekatrace8_0b4a56f22f01dc235b7ce1cc3aeabd6943e8:event_242_sa_subagent_006_30a5a208_s0_turn_7 skipping — predecessor failed
2026-09-03 07:13:49,242 - inference_perf.datagen.replay.replay_graph_session_datagen - INFO - Event wekatrace8_0b4a56f22f01dc235b7ce1cc3aeabd6943e8:event_269_parent_turn_119 skipping — predecessor failed
2026-09-03 07:13:49,243 - inference_perf.datagen.replay.replay_graph_session_datagen - INFO - Event wekatrace2_05658118df5d398eec4703ce4fafe679ab30:event_121_parent_turn_71 skipping — predecessor failed
2026-09-03 07:13:49,243 - inference_perf.datagen.replay.replay_graph_session_datagen - INFO - Event wekatrace2_05658118df5d398eec4703ce4fafe679ab30:event_122_parent_turn_72 skipping — predecessor failed
2026-09-03 07:13:49,244 - inference_perf.datagen.replay.replay_graph_session_datagen - INFO - Event wekatrace2_05658118df5d398eec4703ce4fafe679ab30:event_123_parent_turn_73 skipping — predecessor failed
2026-09-03 07:13:49,244 - inference_perf.datagen.replay.replay_graph_session_datagen - INFO - Event wekatrace2_05658118df5d398eec4703ce4fafe679ab30:event_124_parent_turn_74 skipping — predecessor failed
2026-09-03 07:13:49,244 - inference_perf.datagen.replay.replay_graph_session_datagen - INFO - Event wekatrace2_05658118df5d398eec4703ce4fafe679ab30:event_125_parent_turn_75 skipping — predecessor failed
2026-09-03 07:13:49,245 - inference_perf.datagen.replay.replay_graph_session_datagen - INFO - Event wekatrace2_05658118df5d398eec4703ce4fafe679ab30:event_126_parent_turn_76 skipping — predecessor failed
2026-09-03 07:13:49,245 - inference_perf.datagen.replay.replay_graph_session_datagen - INFO - Event wekatrace2_05658118df5d398eec4703ce4fafe679ab30:event_127_parent_turn_77 skipping — predecessor failed
2026-09-03 07:13:49,245 - inference_perf.datagen.replay.replay_graph_session_datagen - INFO - Event wekatrace2_05658118df5d398eec4703ce4fafe679ab30:event_128_parent_turn_78 skipping — predecessor failed
2026-09-03 07:13:49,246 - inference_perf.datagen.replay.replay_graph_session_datagen - INFO - Event wekatrace2_05658118df5d398eec4703ce4fafe679ab30:event_129_parent_turn_79 skipping — predecessor failed
2026-09-03 07:13:49,246 - inference_perf.datagen.replay.replay_graph_session_datagen - INFO - Event wekatrace2_05658118df5d398eec4703ce4fafe679ab30:event_130_parent_turn_80 skipping — predecessor failed
2026-09-03 07:13:49,246 - inference_perf.datagen.replay.replay_graph_session_datagen - INFO - Event wekatrace2_05658118df5d398eec4703ce4fafe679ab30:event_131_parent_turn_81 skipping — predecessor failed
2026-09-03 07:13:49,247 - inference_perf.datagen.replay.replay_graph_session_datagen - INFO - Event wekatrace2_05658118df5d398eec4703ce4fafe679ab30:event_132_parent_turn_82 skipping — predecessor failed
2026-09-03 07:13:49,247 - inference_perf.datagen.replay.replay_graph_session_datagen - INFO - Event wekatrace2_05658118df5d398eec4703ce4fafe679ab30:event_133_parent_turn_83 skipping — predecessor failed
2026-09-03 07:13:49,247 - inference_perf.datagen.replay.replay_graph_session_datagen - INFO - Event wekatrace2_05658118df5d398eec4703ce4fafe679ab30:event_134_parent_turn_84 skipping — predecessor failed
2026-09-03 07:13:49,248 - inference_perf.datagen.replay.replay_graph_session_datagen - INFO - Event wekatrace2_05658118df5d398eec4703ce4fafe679ab30:event_135_parent_turn_85 skipping — predecessor failed
2026-09-03 07:13:49,248 - inference_perf.datagen.replay.replay_graph_session_datagen - INFO - Event wekatrace2_05658118df5d398eec4703ce4fafe679ab30:event_136_parent_turn_86 skipping — predecessor failed
2026-09-03 07:13:49,248 - inference_perf.datagen.replay.replay_graph_session_datagen - INFO - Event wekatrace2_05658118df5d398eec4703ce4fafe679ab30:event_137_parent_turn_87 skipping — predecessor failed
2026-09-03 07:13:49,248 - inference_perf.datagen.replay.replay_graph_session_datagen - INFO - Event wekatrace2_05658118df5d398eec4703ce4fafe679ab30:event_138_parent_turn_88 skipping — predecessor failed
2026-09-03 07:13:49,249 - inference_perf.datagen.replay.replay_graph_session_datagen - INFO - Event wekatrace2_05658118df5d398eec4703ce4fafe679ab30:event_139_parent_turn_89 skipping — predecessor failed
2026-09-03 07:13:49,249 - inference_perf.datagen.replay.replay_graph_session_datagen - INFO - Event wekatrace8_0b4a56f22f01dc235b7ce1cc3aeabd6943e8:event_243_sa_subagent_006_30a5a208_s0_turn_8 skipping — predecessor failed
2026-09-03 07:13:49,249 - inference_perf.datagen.replay.replay_graph_session_datagen - INFO - Event wekatrace8_0b4a56f22f01dc235b7ce1cc3aeabd6943e8:event_270_parent_turn_120 skipping — predecessor failed
2026-09-03 07:13:49,249 - inference_perf.datagen.replay.replay_graph_session_datagen - INFO - Event wekatrace2_05658118df5d398eec4703ce4fafe679ab30:event_140_parent_turn_90 skipping — predecessor failed
2026-09-03 07:13:49,249 - inference_perf.datagen.replay.replay_graph_session_datagen - INFO - Event wekatrace8_0b4a56f22f01dc235b7ce1cc3aeabd6943e8:event_244_sa_subagent_006_30a5a208_s0_turn_9 skipping — predecessor failed
2026-09-03 07:13:49,250 - inference_perf.datagen.replay.replay_graph_session_datagen - INFO - Event wekatrace8_0b4a56f22f01dc235b7ce1cc3aeabd6943e8:event_271_parent_turn_121 skipping — predecessor failed
2026-09-03 07:13:49,250 - inference_perf.datagen.replay.replay_graph_session_datagen - INFO - Event wekatrace2_05658118df5d398eec4703ce4fafe679ab30:event_141_parent_turn_91 skipping — predecessor failed
2026-09-03 07:13:49,250 - inference_perf.datagen.replay.replay_graph_session_datagen - INFO - Event wekatrace8_0b4a56f22f01dc235b7ce1cc3aeabd6943e8:event_245_sa_subagent_006_30a5a208_s0_turn_10 skipping — predecessor failed
2026-09-03 07:13:49,250 - inference_perf.datagen.replay.replay_graph_session_datagen - INFO - Event wekatrace2_05658118df5d398eec4703ce4fafe679ab30:event_142_parent_turn_92 skipping — predecessor failed
2026-09-03 07:13:49,250 - inference_perf.datagen.replay.replay_graph_session_datagen - INFO - Event wekatrace8_0b4a56f22f01dc235b7ce1cc3aeabd6943e8:event_272_parent_turn_122 skipping — predecessor failed
2026-09-03 07:13:49,250 - inference_perf.datagen.replay.replay_graph_session_datagen - INFO - Event wekatrace2_05658118df5d398eec4703ce4fafe679ab30:event_143_parent_turn_93 skipping — predecessor failed
2026-09-03 07:13:49,250 - inference_perf.datagen.replay.replay_graph_session_datagen - INFO - Event wekatrace8_0b4a56f22f01dc235b7ce1cc3aeabd6943e8:event_246_sa_subagent_006_30a5a208_s0_turn_11 skipping — predecessor failed
2026-09-03 07:13:49,250 - inference_perf.datagen.replay.replay_graph_session_datagen - INFO - Event wekatrace2_05658118df5d398eec4703ce4fafe679ab30:event_144_parent_turn_94 skipping — predecessor failed
2026-09-03 07:13:49,250 - inference_perf.datagen.replay.replay_graph_session_datagen - INFO - Event wekatrace8_0b4a56f22f01dc235b7ce1cc3aeabd6943e8:event_273_parent_turn_123 skipping — predecessor failed
2026-09-03 07:13:49,251 - inference_perf.datagen.replay.replay_graph_session_datagen - INFO - Event wekatrace2_05658118df5d398eec4703ce4fafe679ab30:event_145_parent_turn_95 skipping — predecessor failed
2026-09-03 07:13:49,251 - inference_perf.datagen.replay.replay_graph_session_datagen - INFO - Event wekatrace8_0b4a56f22f01dc235b7ce1cc3aeabd6943e8:event_247_sa_subagent_006_30a5a208_s0_turn_12 skipping — predecessor failed
2026-09-03 07:13:49,251 - inference_perf.datagen.replay.replay_graph_session_datagen - INFO - Event wekatrace8_0b4a56f22f01dc235b7ce1cc3aeabd6943e8:event_274_parent_turn_124 skipping — predecessor failed
2026-09-03 07:13:49,251 - inference_perf.datagen.replay.replay_graph_session_datagen - INFO - Event wekatrace2_05658118df5d398eec4703ce4fafe679ab30:event_146_parent_turn_96 skipping — predecessor failed
2026-09-03 07:13:49,251 - inference_perf.datagen.replay.replay_graph_session_datagen - INFO - Event wekatrace8_0b4a56f22f01dc235b7ce1cc3aeabd6943e8:event_248_sa_subagent_006_30a5a208_s0_turn_13 skipping — predecessor failed
2026-09-03 07:13:49,251 - inference_perf.datagen.replay.replay_graph_session_datagen - INFO - Event wekatrace2_05658118df5d398eec4703ce4fafe679ab30:event_147_parent_turn_97 skipping — predecessor failed
2026-09-03 07:13:49,251 - inference_perf.datagen.replay.replay_graph_session_datagen - INFO - Event wekatrace8_0b4a56f22f01dc235b7ce1cc3aeabd6943e8:event_275_parent_turn_125 skipping — predecessor failed
2026-09-03 07:13:49,251 - inference_perf.datagen.replay.replay_graph_session_datagen - INFO - Event wekatrace2_05658118df5d398eec4703ce4fafe679ab30:event_148_parent_turn_98 skipping — predecessor failed
2026-09-03 07:13:49,251 - inference_perf.datagen.replay.replay_graph_session_datagen - INFO - Event wekatrace8_0b4a56f22f01dc235b7ce1cc3aeabd6943e8:event_249_sa_subagent_006_30a5a208_s0_turn_14 skipping — predecessor failed
2026-09-03 07:13:49,251 - inference_perf.datagen.replay.replay_graph_session_datagen - INFO - Event wekatrace8_0b4a56f22f01dc235b7ce1cc3aeabd6943e8:event_276_parent_turn_126 skipping — predecessor failed
2026-09-03 07:13:49,252 - inference_perf.datagen.replay.replay_graph_session_datagen - INFO - Event wekatrace2_05658118df5d398eec4703ce4fafe679ab30:event_149_parent_turn_99 skipping — predecessor failed
2026-09-03 07:13:49,252 - inference_perf.datagen.replay.replay_graph_session_datagen - INFO - Event wekatrace8_0b4a56f22f01dc235b7ce1cc3aeabd6943e8:event_250_sa_subagent_006_30a5a208_s0_turn_15 skipping — predecessor failed
2026-09-03 07:13:49,252 - inference_perf.datagen.replay.replay_graph_session_datagen - INFO - Event wekatrace2_05658118df5d398eec4703ce4fafe679ab30:event_150_parent_turn_100 skipping — predecessor failed
2026-09-03 07:13:49,252 - inference_perf.datagen.replay.replay_graph_session_datagen - INFO - Event wekatrace8_0b4a56f22f01dc235b7ce1cc3aeabd6943e8:event_251_sa_subagent_007_0158b938_s0_turn_0 skipping — predecessor failed
2026-09-03 07:13:49,252 - inference_perf.datagen.replay.replay_graph_session_datagen - INFO - Event wekatrace2_05658118df5d398eec4703ce4fafe679ab30:event_151_parent_turn_101 skipping — predecessor failed
2026-09-03 07:13:49,252 - inference_perf.datagen.replay.replay_graph_session_datagen - INFO - Event wekatrace8_0b4a56f22f01dc235b7ce1cc3aeabd6943e8:event_277_parent_turn_127 skipping — predecessor failed
2026-09-03 07:13:49,252 - inference_perf.datagen.replay.replay_graph_session_datagen - INFO - Event wekatrace2_05658118df5d398eec4703ce4fafe679ab30:event_152_parent_turn_102 skipping — predecessor failed
2026-09-03 07:13:49,252 - inference_perf.datagen.replay.replay_graph_session_datagen - INFO - Event wekatrace8_0b4a56f22f01dc235b7ce1cc3aeabd6943e8:event_252_sa_subagent_007_0158b938_s0_turn_1 skipping — predecessor failed
2026-09-03 07:13:49,252 - inference_perf.datagen.replay.replay_graph_session_datagen - INFO - Event wekatrace8_0b4a56f22f01dc235b7ce1cc3aeabd6943e8:event_278_parent_turn_128 skipping — predecessor failed
2026-09-03 07:13:49,252 - inference_perf.datagen.replay.replay_graph_session_datagen - INFO - Event wekatrace2_05658118df5d398eec4703ce4fafe679ab30:event_153_parent_turn_103 skipping — predecessor failed
2026-09-03 07:13:49,253 - inference_perf.datagen.replay.replay_graph_session_datagen - INFO - Event wekatrace8_0b4a56f22f01dc235b7ce1cc3aeabd6943e8:event_253_sa_subagent_007_0158b938_s0_turn_2 skipping — predecessor failed
2026-09-03 07:13:49,253 - inference_perf.datagen.replay.replay_graph_session_datagen - INFO - Event wekatrace2_05658118df5d398eec4703ce4fafe679ab30:event_154_parent_turn_104 skipping — predecessor failed
2026-09-03 07:13:49,253 - inference_perf.datagen.replay.replay_graph_session_datagen - INFO - Event wekatrace8_0b4a56f22f01dc235b7ce1cc3aeabd6943e8:event_279_parent_turn_129 skipping — predecessor failed
2026-09-03 07:13:49,253 - inference_perf.datagen.replay.replay_graph_session_datagen - INFO - Event wekatrace8_0b4a56f22f01dc235b7ce1cc3aeabd6943e8:event_254_sa_subagent_007_0158b938_s0_turn_3 skipping — predecessor failed
2026-09-03 07:13:49,253 - inference_perf.datagen.replay.replay_graph_session_datagen - INFO - Event wekatrace2_05658118df5d398eec4703ce4fafe679ab30:event_155_parent_turn_105 skipping — predecessor failed
2026-09-03 07:13:49,253 - inference_perf.datagen.replay.replay_graph_session_datagen - INFO - Event wekatrace8_0b4a56f22f01dc235b7ce1cc3aeabd6943e8:event_280_parent_turn_130 skipping — predecessor failed
2026-09-03 07:13:49,253 - inference_perf.datagen.replay.replay_graph_session_datagen - INFO - Event wekatrace2_05658118df5d398eec4703ce4fafe679ab30:event_156_parent_turn_106 skipping — predecessor failed
2026-09-03 07:13:49,253 - inference_perf.datagen.replay.replay_graph_session_datagen - INFO - Event wekatrace8_0b4a56f22f01dc235b7ce1cc3aeabd6943e8:event_255_sa_subagent_007_0158b938_s0_turn_4 skipping — predecessor failed
2026-09-03 07:13:49,253 - inference_perf.datagen.replay.replay_graph_session_datagen - INFO - Event wekatrace8_0b4a56f22f01dc235b7ce1cc3aeabd6943e8:event_281_parent_turn_131 skipping — predecessor failed
2026-09-03 07:13:49,253 - inference_perf.datagen.replay.replay_graph_session_datagen - INFO - Event wekatrace2_05658118df5d398eec4703ce4fafe679ab30:event_157_parent_turn_107 skipping — predecessor failed
2026-09-03 07:13:49,254 - inference_perf.datagen.replay.replay_graph_session_datagen - INFO - Event wekatrace8_0b4a56f22f01dc235b7ce1cc3aeabd6943e8:event_256_sa_subagent_007_0158b938_s0_turn_5 skipping — predecessor failed
2026-09-03 07:13:49,254 - inference_perf.datagen.replay.replay_graph_session_datagen - INFO - Event wekatrace2_05658118df5d398eec4703ce4fafe679ab30:event_158_parent_turn_108 skipping — predecessor failed
2026-09-03 07:13:49,254 - inference_perf.datagen.replay.replay_graph_session_datagen - INFO - Event wekatrace8_0b4a56f22f01dc235b7ce1cc3aeabd6943e8:event_282_parent_turn_132 skipping — predecessor failed
2026-09-03 07:13:49,254 - inference_perf.datagen.replay.replay_graph_session_datagen - INFO - Event wekatrace2_05658118df5d398eec4703ce4fafe679ab30:event_159_parent_turn_109 skipping — predecessor failed
2026-09-03 07:13:49,254 - inference_perf.datagen.replay.replay_graph_session_datagen - INFO - Event wekatrace8_0b4a56f22f01dc235b7ce1cc3aeabd6943e8:event_257_sa_subagent_007_0158b938_s0_turn_6 skipping — predecessor failed
2026-09-03 07:13:49,254 - inference_perf.datagen.replay.replay_graph_session_datagen - INFO - Event wekatrace2_05658118df5d398eec4703ce4fafe679ab30:event_160_parent_turn_110 skipping — predecessor failed
2026-09-03 07:13:49,254 - inference_perf.datagen.replay.replay_graph_session_datagen - INFO - Event wekatrace8_0b4a56f22f01dc235b7ce1cc3aeabd6943e8:event_283_parent_turn_133 skipping — predecessor failed
2026-09-03 07:13:49,254 - inference_perf.datagen.replay.replay_graph_session_datagen - INFO - Event wekatrace8_0b4a56f22f01dc235b7ce1cc3aeabd6943e8:event_284_parent_turn_134 skipping — predecessor failed
2026-09-03 07:13:49,254 - inference_perf.datagen.replay.replay_graph_session_datagen - INFO - Event wekatrace2_05658118df5d398eec4703ce4fafe679ab30:event_161_parent_turn_111 skipping — predecessor failed
2026-09-03 07:13:49,254 - inference_perf.datagen.replay.replay_graph_session_datagen - INFO - Event wekatrace8_0b4a56f22f01dc235b7ce1cc3aeabd6943e8:event_258_sa_subagent_007_0158b938_s0_turn_7 skipping — predecessor failed
2026-09-03 07:13:49,255 - inference_perf.datagen.replay.replay_graph_session_datagen - INFO - Event wekatrace8_0b4a56f22f01dc235b7ce1cc3aeabd6943e8:event_285_parent_turn_135 skipping — predecessor failed
2026-09-03 07:13:49,255 - inference_perf.datagen.replay.replay_graph_session_datagen - INFO - Event wekatrace2_05658118df5d398eec4703ce4fafe679ab30:event_162_parent_turn_112 skipping — predecessor failed
2026-09-03 07:13:49,255 - inference_perf.datagen.replay.replay_graph_session_datagen - INFO - Event wekatrace8_0b4a56f22f01dc235b7ce1cc3aeabd6943e8:event_259_sa_subagent_007_0158b938_s0_turn_8 skipping — predecessor failed
2026-09-03 07:13:49,255 - inference_perf.datagen.replay.replay_graph_session_datagen - INFO - Event wekatrace8_0b4a56f22f01dc235b7ce1cc3aeabd6943e8:event_286_parent_turn_136 skipping — predecessor failed
2026-09-03 07:13:49,255 - inference_perf.datagen.replay.replay_graph_session_datagen - INFO - Event wekatrace2_05658118df5d398eec4703ce4fafe679ab30:event_163_parent_turn_113 skipping — predecessor failed
2026-09-03 07:13:49,255 - inference_perf.datagen.replay.replay_graph_session_datagen - INFO - Event wekatrace8_0b4a56f22f01dc235b7ce1cc3aeabd6943e8:event_260_sa_subagent_007_0158b938_s0_turn_9 skipping — predecessor failed
2026-09-03 07:13:49,255 - inference_perf.datagen.replay.replay_graph_session_datagen - INFO - Event wekatrace2_05658118df5d398eec4703ce4fafe679ab30:event_164_parent_turn_114 skipping — predecessor failed
2026-09-03 07:13:49,255 - inference_perf.datagen.replay.replay_graph_session_datagen - INFO - Event wekatrace8_0b4a56f22f01dc235b7ce1cc3aeabd6943e8:event_287_parent_turn_137 skipping — predecessor failed
2026-09-03 07:13:49,255 - inference_perf.datagen.replay.replay_graph_session_datagen - INFO - Event wekatrace2_05658118df5d398eec4703ce4fafe679ab30:event_165_parent_turn_115 skipping — predecessor failed
2026-09-03 07:13:49,255 - inference_perf.datagen.replay.replay_graph_session_datagen - INFO - Event wekatrace8_0b4a56f22f01dc235b7ce1cc3aeabd6943e8:event_288_parent_turn_138 skipping — predecessor failed
2026-09-03 07:13:49,256 - inference_perf.datagen.replay.replay_graph_session_datagen - INFO - Event wekatrace8_0b4a56f22f01dc235b7ce1cc3aeabd6943e8:event_289_parent_turn_139 skipping — predecessor failed
2026-09-03 07:13:49,256 - inference_perf.datagen.replay.replay_graph_session_datagen - INFO - Event wekatrace2_05658118df5d398eec4703ce4fafe679ab30:event_166_parent_turn_116 skipping — predecessor failed
2026-09-03 07:13:49,256 - inference_perf.datagen.replay.replay_graph_session_datagen - INFO - Event wekatrace2_05658118df5d398eec4703ce4fafe679ab30:event_167_parent_turn_117 skipping — predecessor failed
2026-09-03 07:13:49,256 - inference_perf.datagen.replay.replay_graph_session_datagen - INFO - Event wekatrace2_05658118df5d398eec4703ce4fafe679ab30:event_168_parent_turn_118 skipping — predecessor failed
2026-09-03 07:13:49,256 - inference_perf.datagen.replay.replay_graph_session_datagen - INFO - Event wekatrace8_0b4a56f22f01dc235b7ce1cc3aeabd6943e8:event_290_parent_turn_140 skipping — predecessor failed
2026-09-03 07:13:49,256 - inference_perf.datagen.replay.replay_graph_session_datagen - INFO - Event wekatrace2_05658118df5d398eec4703ce4fafe679ab30:event_169_parent_turn_119 skipping — predecessor failed
2026-09-03 07:13:49,256 - inference_perf.datagen.replay.replay_graph_session_datagen - INFO - Event wekatrace8_0b4a56f22f01dc235b7ce1cc3aeabd6943e8:event_291_parent_turn_141 skipping — predecessor failed
2026-09-03 07:13:49,257 - inference_perf.datagen.replay.replay_graph_session_datagen - INFO - Event wekatrace2_05658118df5d398eec4703ce4fafe679ab30:event_170_parent_turn_120 skipping — predecessor failed
2026-09-03 07:13:49,257 - inference_perf.datagen.replay.replay_graph_session_datagen - INFO - Event wekatrace8_0b4a56f22f01dc235b7ce1cc3aeabd6943e8:event_292_parent_turn_142 skipping — predecessor failed
2026-09-03 07:13:49,257 - inference_perf.datagen.replay.replay_graph_session_datagen - INFO - Event wekatrace8_0b4a56f22f01dc235b7ce1cc3aeabd6943e8:event_293_parent_turn_143 skipping — predecessor failed
2026-09-03 07:13:49,257 - inference_perf.datagen.replay.replay_graph_session_datagen - INFO - Event wekatrace2_05658118df5d398eec4703ce4fafe679ab30:event_171_sa_subagent_002_18f099d9_s0_turn_0 skipping — predecessor failed
2026-09-03 07:13:49,257 - inference_perf.datagen.replay.replay_graph_session_datagen - INFO - Event wekatrace8_0b4a56f22f01dc235b7ce1cc3aeabd6943e8:event_294_parent_turn_144 skipping — predecessor failed
2026-09-03 07:13:49,257 - inference_perf.datagen.replay.replay_graph_session_datagen - INFO - Event wekatrace2_05658118df5d398eec4703ce4fafe679ab30:event_218_parent_turn_121 skipping — predecessor failed
2026-09-03 07:13:49,257 - inference_perf.datagen.replay.replay_graph_session_datagen - INFO - Event wekatrace8_0b4a56f22f01dc235b7ce1cc3aeabd6943e8:event_295_parent_turn_145 skipping — predecessor failed
2026-09-03 07:13:49,257 - inference_perf.datagen.replay.replay_graph_session_datagen - INFO - Event wekatrace8_0b4a56f22f01dc235b7ce1cc3aeabd6943e8:event_296_parent_turn_146 skipping — predecessor failed
2026-09-03 07:13:49,257 - inference_perf.datagen.replay.replay_graph_session_datagen - INFO - Event wekatrace2_05658118df5d398eec4703ce4fafe679ab30:event_172_sa_subagent_002_18f099d9_s0_turn_1 skipping — predecessor failed
2026-09-03 07:13:49,257 - inference_perf.datagen.replay.replay_graph_session_datagen - INFO - Event wekatrace8_0b4a56f22f01dc235b7ce1cc3aeabd6943e8:event_297_parent_turn_147 skipping — predecessor failed
2026-09-03 07:13:49,257 - inference_perf.datagen.replay.replay_graph_session_datagen - INFO - Event wekatrace8_0b4a56f22f01dc235b7ce1cc3aeabd6943e8:event_298_parent_turn_148 skipping — predecessor failed
2026-09-03 07:13:49,257 - inference_perf.datagen.replay.replay_graph_session_datagen - INFO - Event wekatrace2_05658118df5d398eec4703ce4fafe679ab30:event_219_parent_turn_122 skipping — predecessor failed
2026-09-03 07:13:49,258 - inference_perf.datagen.replay.replay_graph_session_datagen - INFO - Event wekatrace8_0b4a56f22f01dc235b7ce1cc3aeabd6943e8:event_299_parent_turn_149 skipping — predecessor failed
2026-09-03 07:13:49,258 - inference_perf.datagen.replay.replay_graph_session_datagen - INFO - Event wekatrace8_0b4a56f22f01dc235b7ce1cc3aeabd6943e8:event_300_parent_turn_150 skipping — predecessor failed
2026-09-03 07:13:49,258 - inference_perf.datagen.replay.replay_graph_session_datagen - INFO - Event wekatrace2_05658118df5d398eec4703ce4fafe679ab30:event_173_sa_subagent_002_18f099d9_s0_turn_2 skipping — predecessor failed
2026-09-03 07:13:49,258 - inference_perf.datagen.replay.replay_graph_session_datagen - INFO - Event wekatrace8_0b4a56f22f01dc235b7ce1cc3aeabd6943e8:event_301_parent_turn_151 skipping — predecessor failed
2026-09-03 07:13:49,258 - inference_perf.datagen.replay.replay_graph_session_datagen - INFO - Event wekatrace2_05658118df5d398eec4703ce4fafe679ab30:event_220_parent_turn_123 skipping — predecessor failed
2026-09-03 07:13:49,258 - inference_perf.datagen.replay.replay_graph_session_datagen - INFO - Event wekatrace8_0b4a56f22f01dc235b7ce1cc3aeabd6943e8:event_302_parent_turn_152 skipping — predecessor failed
2026-09-03 07:13:49,259 - inference_perf.datagen.replay.replay_graph_session_datagen - INFO - Event wekatrace8_0b4a56f22f01dc235b7ce1cc3aeabd6943e8:event_303_parent_turn_153 skipping — predecessor failed
2026-09-03 07:13:49,259 - inference_perf.datagen.replay.replay_graph_session_datagen - INFO - Event wekatrace2_05658118df5d398eec4703ce4fafe679ab30:event_174_sa_subagent_002_18f099d9_s0_turn_3 skipping — predecessor failed
2026-09-03 07:13:49,259 - inference_perf.datagen.replay.replay_graph_session_datagen - INFO - Event wekatrace8_0b4a56f22f01dc235b7ce1cc3aeabd6943e8:event_304_parent_turn_154 skipping — predecessor failed
2026-09-03 07:13:49,259 - inference_perf.datagen.replay.replay_graph_session_datagen - INFO - Event wekatrace8_0b4a56f22f01dc235b7ce1cc3aeabd6943e8:event_305_parent_turn_155 skipping — predecessor failed
2026-09-03 07:13:49,259 - inference_perf.datagen.replay.replay_graph_session_datagen - INFO - Event wekatrace2_05658118df5d398eec4703ce4fafe679ab30:event_175_sa_subagent_002_18f099d9_s0_turn_4 skipping — predecessor failed
2026-09-03 07:13:49,259 - inference_perf.datagen.replay.replay_graph_session_datagen - INFO - Event wekatrace8_0b4a56f22f01dc235b7ce1cc3aeabd6943e8:event_306_parent_turn_156 skipping — predecessor failed
2026-09-03 07:13:49,259 - inference_perf.datagen.replay.replay_graph_session_datagen - INFO - Event wekatrace2_05658118df5d398eec4703ce4fafe679ab30:event_176_sa_subagent_002_18f099d9_s0_turn_5 skipping — predecessor failed
2026-09-03 07:13:49,259 - inference_perf.datagen.replay.replay_graph_session_datagen - INFO - Event wekatrace8_0b4a56f22f01dc235b7ce1cc3aeabd6943e8:event_307_parent_turn_157 skipping — predecessor failed
2026-09-03 07:13:49,259 - inference_perf.datagen.replay.replay_graph_session_datagen - INFO - Event wekatrace2_05658118df5d398eec4703ce4fafe679ab30:event_177_sa_subagent_002_18f099d9_s0_turn_6 skipping — predecessor failed
2026-09-03 07:13:49,260 - inference_perf.datagen.replay.replay_graph_session_datagen - INFO - Event wekatrace8_0b4a56f22f01dc235b7ce1cc3aeabd6943e8:event_308_parent_turn_158 skipping — predecessor failed
2026-09-03 07:13:49,260 - inference_perf.datagen.replay.replay_graph_session_datagen - INFO - Event wekatrace8_0b4a56f22f01dc235b7ce1cc3aeabd6943e8:event_309_parent_turn_159 skipping — predecessor failed
2026-09-03 07:13:49,260 - inference_perf.datagen.replay.replay_graph_session_datagen - INFO - Event wekatrace2_05658118df5d398eec4703ce4fafe679ab30:event_178_sa_subagent_002_18f099d9_s0_turn_7 skipping — predecessor failed
2026-09-03 07:13:49,260 - inference_perf.datagen.replay.replay_graph_session_datagen - INFO - Event wekatrace8_0b4a56f22f01dc235b7ce1cc3aeabd6943e8:event_310_parent_turn_160 skipping — predecessor failed
2026-09-03 07:13:49,260 - inference_perf.datagen.replay.replay_graph_session_datagen - INFO - Event wekatrace8_0b4a56f22f01dc235b7ce1cc3aeabd6943e8:event_311_parent_turn_161 skipping — predecessor failed
2026-09-03 07:13:49,260 - inference_perf.datagen.replay.replay_graph_session_datagen - INFO - Event wekatrace2_05658118df5d398eec4703ce4fafe679ab30:event_179_sa_subagent_002_18f099d9_s0_turn_8 skipping — predecessor failed
2026-09-03 07:13:49,260 - inference_perf.datagen.replay.replay_graph_session_datagen - INFO - Event wekatrace8_0b4a56f22f01dc235b7ce1cc3aeabd6943e8:event_312_parent_turn_162 skipping — predecessor failed
2026-09-03 07:13:49,260 - inference_perf.datagen.replay.replay_graph_session_datagen - INFO - Event wekatrace8_0b4a56f22f01dc235b7ce1cc3aeabd6943e8:event_313_parent_turn_163 skipping — predecessor failed
2026-09-03 07:13:49,260 - inference_perf.datagen.replay.replay_graph_session_datagen - INFO - Event wekatrace8_0b4a56f22f01dc235b7ce1cc3aeabd6943e8:event_314_parent_turn_164 skipping — predecessor failed
2026-09-03 07:13:49,260 - inference_perf.datagen.replay.replay_graph_session_datagen - INFO - Event wekatrace2_05658118df5d398eec4703ce4fafe679ab30:event_180_sa_subagent_002_18f099d9_s0_turn_9 skipping — predecessor failed
2026-09-03 07:13:49,261 - inference_perf.datagen.replay.replay_graph_session_datagen - INFO - Event wekatrace8_0b4a56f22f01dc235b7ce1cc3aeabd6943e8:event_315_parent_turn_165 skipping — predecessor failed
2026-09-03 07:13:49,261 - inference_perf.datagen.replay.replay_graph_session_datagen - INFO - Event wekatrace8_0b4a56f22f01dc235b7ce1cc3aeabd6943e8:event_316_parent_turn_166 skipping — predecessor failed
2026-09-03 07:13:49,261 - inference_perf.datagen.replay.replay_graph_session_datagen - INFO - Event wekatrace2_05658118df5d398eec4703ce4fafe679ab30:event_181_sa_subagent_002_18f099d9_s0_turn_10 skipping — predecessor failed
2026-09-03 07:13:49,261 - inference_perf.datagen.replay.replay_graph_session_datagen - INFO - Event wekatrace8_0b4a56f22f01dc235b7ce1cc3aeabd6943e8:event_317_parent_turn_167 skipping — predecessor failed
2026-09-03 07:13:49,261 - inference_perf.datagen.replay.replay_graph_session_datagen - INFO - Event wekatrace8_0b4a56f22f01dc235b7ce1cc3aeabd6943e8:event_318_parent_turn_168 skipping — predecessor failed
2026-09-03 07:13:49,261 - inference_perf.datagen.replay.replay_graph_session_datagen - INFO - Event wekatrace2_05658118df5d398eec4703ce4fafe679ab30:event_182_sa_subagent_002_18f099d9_s0_turn_11 skipping — predecessor failed
2026-09-03 07:13:49,261 - inference_perf.datagen.replay.replay_graph_session_datagen - INFO - Event wekatrace8_0b4a56f22f01dc235b7ce1cc3aeabd6943e8:event_319_parent_turn_169 skipping — predecessor failed
2026-09-03 07:13:49,261 - inference_perf.datagen.replay.replay_graph_session_datagen - INFO - Event wekatrace8_0b4a56f22f01dc235b7ce1cc3aeabd6943e8:event_320_parent_turn_170 skipping — predecessor failed
2026-09-03 07:13:49,261 - inference_perf.datagen.replay.replay_graph_session_datagen - INFO - Event wekatrace8_0b4a56f22f01dc235b7ce1cc3aeabd6943e8:event_321_parent_turn_171 skipping — predecessor failed
2026-09-03 07:13:49,261 - inference_perf.datagen.replay.replay_graph_session_datagen - INFO - Event wekatrace2_05658118df5d398eec4703ce4fafe679ab30:event_183_sa_subagent_002_18f099d9_s0_turn_12 skipping — predecessor failed
2026-09-03 07:13:49,262 - inference_perf.datagen.replay.replay_graph_session_datagen - INFO - Event wekatrace8_0b4a56f22f01dc235b7ce1cc3aeabd6943e8:event_322_parent_turn_172 skipping — predecessor failed
2026-09-03 07:13:49,262 - inference_perf.datagen.replay.replay_graph_session_datagen - INFO - Event wekatrace2_05658118df5d398eec4703ce4fafe679ab30:event_184_sa_subagent_002_18f099d9_s0_turn_13 skipping — predecessor failed
2026-09-03 07:13:49,262 - inference_perf.datagen.replay.replay_graph_session_datagen - INFO - Event wekatrace2_05658118df5d398eec4703ce4fafe679ab30:event_185_sa_subagent_002_18f099d9_s0_turn_14 skipping — predecessor failed
2026-09-03 07:13:49,263 - inference_perf.datagen.replay.replay_graph_session_datagen - INFO - Event wekatrace2_05658118df5d398eec4703ce4fafe679ab30:event_186_sa_subagent_002_18f099d9_s0_turn_15 skipping — predecessor failed
2026-09-03 07:13:49,263 - inference_perf.datagen.replay.replay_graph_session_datagen - INFO - Event wekatrace2_05658118df5d398eec4703ce4fafe679ab30:event_187_sa_subagent_002_18f099d9_s0_turn_16 skipping — predecessor failed
2026-09-03 07:13:49,263 - inference_perf.datagen.replay.replay_graph_session_datagen - INFO - Event wekatrace2_05658118df5d398eec4703ce4fafe679ab30:event_188_sa_subagent_002_18f099d9_s0_turn_17 skipping — predecessor failed
2026-09-03 07:13:49,264 - inference_perf.datagen.replay.replay_graph_session_datagen - INFO - Event wekatrace2_05658118df5d398eec4703ce4fafe679ab30:event_189_sa_subagent_002_18f099d9_s0_turn_18 skipping — predecessor failed
2026-09-03 07:13:49,264 - inference_perf.datagen.replay.replay_graph_session_datagen - INFO - Event wekatrace2_05658118df5d398eec4703ce4fafe679ab30:event_190_sa_subagent_002_18f099d9_s0_turn_19 skipping — predecessor failed
2026-09-03 07:13:49,264 - inference_perf.datagen.replay.replay_graph_session_datagen - INFO - Event wekatrace2_05658118df5d398eec4703ce4fafe679ab30:event_191_sa_subagent_002_18f099d9_s0_turn_20 skipping — predecessor failed
2026-09-03 07:13:49,264 - inference_perf.datagen.replay.replay_graph_session_datagen - INFO - Event wekatrace2_05658118df5d398eec4703ce4fafe679ab30:event_192_sa_subagent_002_18f099d9_s0_turn_21 skipping — predecessor failed
2026-09-03 07:13:49,265 - inference_perf.datagen.replay.replay_graph_session_datagen - INFO - Event wekatrace2_05658118df5d398eec4703ce4fafe679ab30:event_193_sa_subagent_002_18f099d9_s0_turn_22 skipping — predecessor failed
2026-09-03 07:13:49,265 - inference_perf.datagen.replay.replay_graph_session_datagen - INFO - Event wekatrace2_05658118df5d398eec4703ce4fafe679ab30:event_194_sa_subagent_002_18f099d9_s0_turn_23 skipping — predecessor failed
2026-09-03 07:13:49,265 - inference_perf.datagen.replay.replay_graph_session_datagen - INFO - Event wekatrace2_05658118df5d398eec4703ce4fafe679ab30:event_195_sa_subagent_002_18f099d9_s0_turn_24 skipping — predecessor failed
2026-09-03 07:13:49,266 - inference_perf.datagen.replay.replay_graph_session_datagen - INFO - Event wekatrace2_05658118df5d398eec4703ce4fafe679ab30:event_196_sa_subagent_002_18f099d9_s0_turn_25 skipping — predecessor failed
2026-09-03 07:13:49,266 - inference_perf.datagen.replay.replay_graph_session_datagen - INFO - Event wekatrace8_0b4a56f22f01dc235b7ce1cc3aeabd6943e8:event_323_parent_turn_173 skipping — predecessor failed
2026-09-03 07:13:49,266 - inference_perf.datagen.replay.replay_graph_session_datagen - INFO - Event wekatrace2_05658118df5d398eec4703ce4fafe679ab30:event_197_sa_subagent_002_18f099d9_s0_turn_26 skipping — predecessor failed
2026-09-03 07:13:49,266 - inference_perf.datagen.replay.replay_graph_session_datagen - INFO - Event wekatrace8_0b4a56f22f01dc235b7ce1cc3aeabd6943e8:event_324_parent_turn_174 skipping — predecessor failed
2026-09-03 07:13:49,266 - inference_perf.datagen.replay.replay_graph_session_datagen - INFO - Event wekatrace8_0b4a56f22f01dc235b7ce1cc3aeabd6943e8:event_325_parent_turn_175 skipping — predecessor failed
2026-09-03 07:13:49,266 - inference_perf.datagen.replay.replay_graph_session_datagen - INFO - Event wekatrace2_05658118df5d398eec4703ce4fafe679ab30:event_198_sa_subagent_002_18f099d9_s0_turn_27 skipping — predecessor failed
2026-09-03 07:13:49,266 - inference_perf.datagen.replay.replay_graph_session_datagen - INFO - Event wekatrace8_0b4a56f22f01dc235b7ce1cc3aeabd6943e8:event_326_parent_turn_176 skipping — predecessor failed
2026-09-03 07:13:49,267 - inference_perf.datagen.replay.replay_graph_session_datagen - INFO - Event wekatrace8_0b4a56f22f01dc235b7ce1cc3aeabd6943e8:event_327_parent_turn_177 skipping — predecessor failed
2026-09-03 07:13:49,267 - inference_perf.datagen.replay.replay_graph_session_datagen - INFO - Event wekatrace2_05658118df5d398eec4703ce4fafe679ab30:event_199_sa_subagent_002_18f099d9_s0_turn_28 skipping — predecessor failed
2026-09-03 07:13:49,267 - inference_perf.datagen.replay.replay_graph_session_datagen - INFO - Event wekatrace8_0b4a56f22f01dc235b7ce1cc3aeabd6943e8:event_328_parent_turn_178 skipping — predecessor failed
2026-09-03 07:13:49,267 - inference_perf.datagen.replay.replay_graph_session_datagen - INFO - Event wekatrace8_0b4a56f22f01dc235b7ce1cc3aeabd6943e8:event_329_parent_turn_179 skipping — predecessor failed
2026-09-03 07:13:49,267 - inference_perf.datagen.replay.replay_graph_session_datagen - INFO - Event wekatrace2_05658118df5d398eec4703ce4fafe679ab30:event_200_sa_subagent_002_18f099d9_s0_turn_29 skipping — predecessor failed
2026-09-03 07:13:49,267 - inference_perf.datagen.replay.replay_graph_session_datagen - INFO - Event wekatrace8_0b4a56f22f01dc235b7ce1cc3aeabd6943e8:event_330_parent_turn_180 skipping — predecessor failed
2026-09-03 07:13:49,267 - inference_perf.datagen.replay.replay_graph_session_datagen - INFO - Event wekatrace8_0b4a56f22f01dc235b7ce1cc3aeabd6943e8:event_331_parent_turn_181 skipping — predecessor failed
2026-09-03 07:13:49,267 - inference_perf.datagen.replay.replay_graph_session_datagen - INFO - Event wekatrace2_05658118df5d398eec4703ce4fafe679ab30:event_201_sa_subagent_002_18f099d9_s0_turn_30 skipping — predecessor failed
2026-09-03 07:13:49,267 - inference_perf.datagen.replay.replay_graph_session_datagen - INFO - Event wekatrace8_0b4a56f22f01dc235b7ce1cc3aeabd6943e8:event_332_parent_turn_182 skipping — predecessor failed
2026-09-03 07:13:49,267 - inference_perf.datagen.replay.replay_graph_session_datagen - INFO - Event wekatrace8_0b4a56f22f01dc235b7ce1cc3aeabd6943e8:event_333_parent_turn_183 skipping — predecessor failed
2026-09-03 07:13:49,267 - inference_perf.datagen.replay.replay_graph_session_datagen - INFO - Event wekatrace2_05658118df5d398eec4703ce4fafe679ab30:event_202_sa_subagent_002_18f099d9_s0_turn_31 skipping — predecessor failed
2026-09-03 07:13:49,268 - inference_perf.datagen.replay.replay_graph_session_datagen - INFO - Event wekatrace8_0b4a56f22f01dc235b7ce1cc3aeabd6943e8:event_334_parent_turn_184 skipping — predecessor failed
2026-09-03 07:13:49,268 - inference_perf.datagen.replay.replay_graph_session_datagen - INFO - Event wekatrace8_0b4a56f22f01dc235b7ce1cc3aeabd6943e8:event_335_parent_turn_185 skipping — predecessor failed
2026-09-03 07:13:49,268 - inference_perf.datagen.replay.replay_graph_session_datagen - INFO - Event wekatrace2_05658118df5d398eec4703ce4fafe679ab30:event_203_sa_subagent_002_18f099d9_s0_turn_32 skipping — predecessor failed
2026-09-03 07:13:49,268 - inference_perf.datagen.replay.replay_graph_session_datagen - INFO - Event wekatrace8_0b4a56f22f01dc235b7ce1cc3aeabd6943e8:event_336_parent_turn_186 skipping — predecessor failed
2026-09-03 07:13:49,268 - inference_perf.datagen.replay.replay_graph_session_datagen - INFO - Event wekatrace8_0b4a56f22f01dc235b7ce1cc3aeabd6943e8:event_337_parent_turn_187 skipping — predecessor failed
2026-09-03 07:13:49,268 - inference_perf.datagen.replay.replay_graph_session_datagen - INFO - Event wekatrace2_05658118df5d398eec4703ce4fafe679ab30:event_204_sa_subagent_002_18f099d9_s0_turn_33 skipping — predecessor failed
2026-09-03 07:13:49,268 - inference_perf.datagen.replay.replay_graph_session_datagen - INFO - Event wekatrace8_0b4a56f22f01dc235b7ce1cc3aeabd6943e8:event_338_parent_turn_188 skipping — predecessor failed
2026-09-03 07:13:49,268 - inference_perf.datagen.replay.replay_graph_session_datagen - INFO - Event wekatrace8_0b4a56f22f01dc235b7ce1cc3aeabd6943e8:event_339_parent_turn_189 skipping — predecessor failed
2026-09-03 07:13:49,268 - inference_perf.datagen.replay.replay_graph_session_datagen - INFO - Event wekatrace2_05658118df5d398eec4703ce4fafe679ab30:event_205_sa_subagent_002_18f099d9_s0_turn_34 skipping — predecessor failed
2026-09-03 07:13:49,268 - inference_perf.datagen.replay.replay_graph_session_datagen - INFO - Event wekatrace8_0b4a56f22f01dc235b7ce1cc3aeabd6943e8:event_340_parent_turn_190 skipping — predecessor failed
2026-09-03 07:13:49,269 - inference_perf.datagen.replay.replay_graph_session_datagen - INFO - Event wekatrace8_0b4a56f22f01dc235b7ce1cc3aeabd6943e8:event_341_parent_turn_191 skipping — predecessor failed
2026-09-03 07:13:49,269 - inference_perf.datagen.replay.replay_graph_session_datagen - INFO - Event wekatrace2_05658118df5d398eec4703ce4fafe679ab30:event_206_sa_subagent_002_18f099d9_s0_turn_35 skipping — predecessor failed
2026-09-03 07:13:49,269 - inference_perf.datagen.replay.replay_graph_session_datagen - INFO - Event wekatrace8_0b4a56f22f01dc235b7ce1cc3aeabd6943e8:event_342_parent_turn_192 skipping — predecessor failed
2026-09-03 07:13:49,269 - inference_perf.datagen.replay.replay_graph_session_datagen - INFO - Event wekatrace8_0b4a56f22f01dc235b7ce1cc3aeabd6943e8:event_343_parent_turn_193 skipping — predecessor failed
2026-09-03 07:13:49,269 - inference_perf.datagen.replay.replay_graph_session_datagen - INFO - Event wekatrace2_05658118df5d398eec4703ce4fafe679ab30:event_207_sa_subagent_002_18f099d9_s0_turn_36 skipping — predecessor failed
2026-09-03 07:13:49,269 - inference_perf.datagen.replay.replay_graph_session_datagen - INFO - Event wekatrace8_0b4a56f22f01dc235b7ce1cc3aeabd6943e8:event_344_parent_turn_194 skipping — predecessor failed
2026-09-03 07:13:49,269 - inference_perf.datagen.replay.replay_graph_session_datagen - INFO - Event wekatrace8_0b4a56f22f01dc235b7ce1cc3aeabd6943e8:event_345_sa_subagent_008_fed3562b_s0_turn_0 skipping — predecessor failed
2026-09-03 07:13:49,269 - inference_perf.datagen.replay.replay_graph_session_datagen - INFO - Event wekatrace2_05658118df5d398eec4703ce4fafe679ab30:event_208_sa_subagent_002_18f099d9_s0_turn_37 skipping — predecessor failed
2026-09-03 07:13:49,269 - inference_perf.datagen.replay.replay_graph_session_datagen - INFO - Event wekatrace8_0b4a56f22f01dc235b7ce1cc3aeabd6943e8:event_368_parent_turn_195 skipping — predecessor failed
2026-09-03 07:13:49,270 - inference_perf.datagen.replay.replay_graph_session_datagen - INFO - Event wekatrace8_0b4a56f22f01dc235b7ce1cc3aeabd6943e8:event_346_sa_subagent_008_fed3562b_s0_turn_1 skipping — predecessor failed
2026-09-03 07:13:49,270 - inference_perf.datagen.replay.replay_graph_session_datagen - INFO - Event wekatrace8_0b4a56f22f01dc235b7ce1cc3aeabd6943e8:event_369_parent_turn_196 skipping — predecessor failed
2026-09-03 07:13:49,270 - inference_perf.datagen.replay.replay_graph_session_datagen - INFO - Event wekatrace2_05658118df5d398eec4703ce4fafe679ab30:event_209_sa_subagent_002_18f099d9_s0_turn_38 skipping — predecessor failed
2026-09-03 07:13:49,270 - inference_perf.datagen.replay.replay_graph_session_datagen - INFO - Event wekatrace8_0b4a56f22f01dc235b7ce1cc3aeabd6943e8:event_370_parent_turn_197 skipping — predecessor failed
2026-09-03 07:13:49,270 - inference_perf.datagen.replay.replay_graph_session_datagen - INFO - Event wekatrace8_0b4a56f22f01dc235b7ce1cc3aeabd6943e8:event_347_sa_subagent_008_fed3562b_s0_turn_2 skipping — predecessor failed
2026-09-03 07:13:49,270 - inference_perf.datagen.replay.replay_graph_session_datagen - INFO - Event wekatrace2_05658118df5d398eec4703ce4fafe679ab30:event_210_sa_subagent_002_18f099d9_s0_turn_39 skipping — predecessor failed
2026-09-03 07:13:49,270 - inference_perf.datagen.replay.replay_graph_session_datagen - INFO - Event wekatrace8_0b4a56f22f01dc235b7ce1cc3aeabd6943e8:event_371_parent_turn_198 skipping — predecessor failed
2026-09-03 07:13:49,270 - inference_perf.datagen.replay.replay_graph_session_datagen - INFO - Event wekatrace8_0b4a56f22f01dc235b7ce1cc3aeabd6943e8:event_348_sa_subagent_008_fed3562b_s0_turn_3 skipping — predecessor failed
2026-09-03 07:13:49,271 - inference_perf.datagen.replay.replay_graph_session_datagen - INFO - Event wekatrace8_0b4a56f22f01dc235b7ce1cc3aeabd6943e8:event_372_parent_turn_199 skipping — predecessor failed
2026-09-03 07:13:49,271 - inference_perf.datagen.replay.replay_graph_session_datagen - INFO - Event wekatrace2_05658118df5d398eec4703ce4fafe679ab30:event_211_sa_subagent_002_18f099d9_s0_turn_40 skipping — predecessor failed
2026-09-03 07:13:49,271 - inference_perf.datagen.replay.replay_graph_session_datagen - INFO - Event wekatrace8_0b4a56f22f01dc235b7ce1cc3aeabd6943e8:event_349_sa_subagent_008_fed3562b_s0_turn_4 skipping — predecessor failed
2026-09-03 07:13:49,271 - inference_perf.datagen.replay.replay_graph_session_datagen - INFO - Event wekatrace8_0b4a56f22f01dc235b7ce1cc3aeabd6943e8:event_373_parent_turn_200 skipping — predecessor failed
2026-09-03 07:13:49,271 - inference_perf.datagen.replay.replay_graph_session_datagen - INFO - Event wekatrace2_05658118df5d398eec4703ce4fafe679ab30:event_212_sa_subagent_002_18f099d9_s0_turn_41 skipping — predecessor failed
2026-09-03 07:13:49,271 - inference_perf.datagen.replay.replay_graph_session_datagen - INFO - Event wekatrace8_0b4a56f22f01dc235b7ce1cc3aeabd6943e8:event_350_sa_subagent_008_fed3562b_s0_turn_5 skipping — predecessor failed
2026-09-03 07:13:49,271 - inference_perf.datagen.replay.replay_graph_session_datagen - INFO - Event wekatrace8_0b4a56f22f01dc235b7ce1cc3aeabd6943e8:event_374_parent_turn_201 skipping — predecessor failed
2026-09-03 07:13:49,271 - inference_perf.datagen.replay.replay_graph_session_datagen - INFO - Event wekatrace8_0b4a56f22f01dc235b7ce1cc3aeabd6943e8:event_351_sa_subagent_008_fed3562b_s0_turn_6 skipping — predecessor failed
2026-09-03 07:13:49,271 - inference_perf.datagen.replay.replay_graph_session_datagen - INFO - Event wekatrace2_05658118df5d398eec4703ce4fafe679ab30:event_213_sa_subagent_002_18f099d9_s0_turn_42 skipping — predecessor failed
2026-09-03 07:13:49,271 - inference_perf.datagen.replay.replay_graph_session_datagen - INFO - Event wekatrace8_0b4a56f22f01dc235b7ce1cc3aeabd6943e8:event_375_parent_turn_202 skipping — predecessor failed
2026-09-03 07:13:49,271 - inference_perf.datagen.replay.replay_graph_session_datagen - INFO - Event wekatrace8_0b4a56f22f01dc235b7ce1cc3aeabd6943e8:event_352_sa_subagent_008_fed3562b_s0_turn_7 skipping — predecessor failed
2026-09-03 07:13:49,272 - inference_perf.datagen.replay.replay_graph_session_datagen - INFO - Event wekatrace8_0b4a56f22f01dc235b7ce1cc3aeabd6943e8:event_376_parent_turn_203 skipping — predecessor failed
2026-09-03 07:13:49,272 - inference_perf.datagen.replay.replay_graph_session_datagen - INFO - Event wekatrace2_05658118df5d398eec4703ce4fafe679ab30:event_214_sa_subagent_002_18f099d9_s0_turn_43 skipping — predecessor failed
2026-09-03 07:13:49,272 - inference_perf.datagen.replay.replay_graph_session_datagen - INFO - Event wekatrace8_0b4a56f22f01dc235b7ce1cc3aeabd6943e8:event_353_sa_subagent_008_fed3562b_s0_turn_8 skipping — predecessor failed
2026-09-03 07:13:49,272 - inference_perf.datagen.replay.replay_graph_session_datagen - INFO - Event wekatrace8_0b4a56f22f01dc235b7ce1cc3aeabd6943e8:event_377_parent_turn_204 skipping — predecessor failed
2026-09-03 07:13:49,272 - inference_perf.datagen.replay.replay_graph_session_datagen - INFO - Event wekatrace8_0b4a56f22f01dc235b7ce1cc3aeabd6943e8:event_378_parent_turn_205 skipping — predecessor failed
2026-09-03 07:13:49,272 - inference_perf.datagen.replay.replay_graph_session_datagen - INFO - Event wekatrace2_05658118df5d398eec4703ce4fafe679ab30:event_215_sa_subagent_002_18f099d9_s0_turn_44 skipping — predecessor failed
2026-09-03 07:13:49,272 - inference_perf.datagen.replay.replay_graph_session_datagen - INFO - Event wekatrace8_0b4a56f22f01dc235b7ce1cc3aeabd6943e8:event_354_sa_subagent_008_fed3562b_s0_turn_9 skipping — predecessor failed
2026-09-03 07:13:49,272 - inference_perf.datagen.replay.replay_graph_session_datagen - INFO - Event wekatrace8_0b4a56f22f01dc235b7ce1cc3aeabd6943e8:event_379_parent_turn_206 skipping — predecessor failed
2026-09-03 07:13:49,272 - inference_perf.datagen.replay.replay_graph_session_datagen - INFO - Event wekatrace8_0b4a56f22f01dc235b7ce1cc3aeabd6943e8:event_355_sa_subagent_008_fed3562b_s0_turn_10 skipping — predecessor failed
2026-09-03 07:13:49,272 - inference_perf.datagen.replay.replay_graph_session_datagen - INFO - Event wekatrace2_05658118df5d398eec4703ce4fafe679ab30:event_216_sa_subagent_002_18f099d9_s0_turn_45 skipping — predecessor failed
2026-09-03 07:13:49,272 - inference_perf.datagen.replay.replay_graph_session_datagen - INFO - Event wekatrace8_0b4a56f22f01dc235b7ce1cc3aeabd6943e8:event_380_parent_turn_207 skipping — predecessor failed
2026-09-03 07:13:49,272 - inference_perf.datagen.replay.replay_graph_session_datagen - INFO - Event wekatrace8_0b4a56f22f01dc235b7ce1cc3aeabd6943e8:event_356_sa_subagent_008_fed3562b_s0_turn_11 skipping — predecessor failed
2026-09-03 07:13:49,273 - inference_perf.datagen.replay.replay_graph_session_datagen - INFO - Event wekatrace8_0b4a56f22f01dc235b7ce1cc3aeabd6943e8:event_381_parent_turn_208 skipping — predecessor failed
2026-09-03 07:13:49,273 - inference_perf.datagen.replay.replay_graph_session_datagen - INFO - Event wekatrace2_05658118df5d398eec4703ce4fafe679ab30:event_217_sa_subagent_002_18f099d9_s0_turn_46 skipping — predecessor failed
2026-09-03 07:13:49,273 - inference_perf.datagen.replay.replay_graph_session_datagen - INFO - Event wekatrace8_0b4a56f22f01dc235b7ce1cc3aeabd6943e8:event_357_sa_subagent_008_fed3562b_s0_turn_12 skipping — predecessor failed
2026-09-03 07:13:49,273 - inference_perf.datagen.replay.replay_graph_session_datagen - INFO - Event wekatrace8_0b4a56f22f01dc235b7ce1cc3aeabd6943e8:event_358_sa_subagent_009_0768ce5f_s0_turn_0 skipping — predecessor failed
2026-09-03 07:13:49,273 - inference_perf.datagen.replay.replay_graph_session_datagen - INFO - Event wekatrace8_0b4a56f22f01dc235b7ce1cc3aeabd6943e8:event_382_parent_turn_209 skipping — predecessor failed
2026-09-03 07:13:49,273 - inference_perf.datagen.replay.replay_graph_session_datagen - INFO - Event wekatrace8_0b4a56f22f01dc235b7ce1cc3aeabd6943e8:event_359_sa_subagent_009_0768ce5f_s0_turn_1 skipping — predecessor failed
2026-09-03 07:13:49,273 - inference_perf.datagen.replay.replay_graph_session_datagen - INFO - Event wekatrace8_0b4a56f22f01dc235b7ce1cc3aeabd6943e8:event_383_parent_turn_210 skipping — predecessor failed
2026-09-03 07:13:49,273 - inference_perf.datagen.replay.replay_graph_session_datagen - INFO - Event wekatrace8_0b4a56f22f01dc235b7ce1cc3aeabd6943e8:event_360_sa_subagent_009_0768ce5f_s0_turn_2 skipping — predecessor failed
2026-09-03 07:13:49,273 - inference_perf.datagen.replay.replay_graph_session_datagen - INFO - Event wekatrace8_0b4a56f22f01dc235b7ce1cc3aeabd6943e8:event_384_parent_turn_211 skipping — predecessor failed
2026-09-03 07:13:49,274 - inference_perf.datagen.replay.replay_graph_session_datagen - INFO - Event wekatrace8_0b4a56f22f01dc235b7ce1cc3aeabd6943e8:event_385_parent_turn_212 skipping — predecessor failed
2026-09-03 07:13:49,274 - inference_perf.datagen.replay.replay_graph_session_datagen - INFO - Event wekatrace8_0b4a56f22f01dc235b7ce1cc3aeabd6943e8:event_361_sa_subagent_009_0768ce5f_s0_turn_3 skipping — predecessor failed
2026-09-03 07:13:49,274 - inference_perf.datagen.replay.replay_graph_session_datagen - INFO - Event wekatrace8_0b4a56f22f01dc235b7ce1cc3aeabd6943e8:event_386_parent_turn_213 skipping — predecessor failed
2026-09-03 07:13:49,274 - inference_perf.datagen.replay.replay_graph_session_datagen - INFO - Event wekatrace8_0b4a56f22f01dc235b7ce1cc3aeabd6943e8:event_362_sa_subagent_009_0768ce5f_s0_turn_4 skipping — predecessor failed
2026-09-03 07:13:49,274 - inference_perf.datagen.replay.replay_graph_session_datagen - INFO - Event wekatrace8_0b4a56f22f01dc235b7ce1cc3aeabd6943e8:event_387_parent_turn_214 skipping — predecessor failed
2026-09-03 07:13:49,274 - inference_perf.datagen.replay.replay_graph_session_datagen - INFO - Event wekatrace8_0b4a56f22f01dc235b7ce1cc3aeabd6943e8:event_363_sa_subagent_009_0768ce5f_s0_turn_5 skipping — predecessor failed
2026-09-03 07:13:49,274 - inference_perf.datagen.replay.replay_graph_session_datagen - INFO - Event wekatrace8_0b4a56f22f01dc235b7ce1cc3aeabd6943e8:event_388_parent_turn_215 skipping — predecessor failed
2026-09-03 07:13:49,274 - inference_perf.datagen.replay.replay_graph_session_datagen - INFO - Event wekatrace8_0b4a56f22f01dc235b7ce1cc3aeabd6943e8:event_364_sa_subagent_009_0768ce5f_s0_turn_6 skipping — predecessor failed
2026-09-03 07:13:49,275 - inference_perf.datagen.replay.replay_graph_session_datagen - INFO - Event wekatrace8_0b4a56f22f01dc235b7ce1cc3aeabd6943e8:event_389_parent_turn_216 skipping — predecessor failed
2026-09-03 07:13:49,275 - inference_perf.datagen.replay.replay_graph_session_datagen - INFO - Event wekatrace8_0b4a56f22f01dc235b7ce1cc3aeabd6943e8:event_365_sa_subagent_009_0768ce5f_s0_turn_7 skipping — predecessor failed
2026-09-03 07:13:49,275 - inference_perf.datagen.replay.replay_graph_session_datagen - INFO - Event wekatrace8_0b4a56f22f01dc235b7ce1cc3aeabd6943e8:event_390_parent_turn_217 skipping — predecessor failed
2026-09-03 07:13:49,275 - inference_perf.datagen.replay.replay_graph_session_datagen - INFO - Event wekatrace8_0b4a56f22f01dc235b7ce1cc3aeabd6943e8:event_366_sa_subagent_009_0768ce5f_s0_turn_8 skipping — predecessor failed
2026-09-03 07:13:49,275 - inference_perf.datagen.replay.replay_graph_session_datagen - INFO - Event wekatrace8_0b4a56f22f01dc235b7ce1cc3aeabd6943e8:event_391_parent_turn_218 skipping — predecessor failed
2026-09-03 07:13:49,275 - inference_perf.datagen.replay.replay_graph_session_datagen - INFO - Event wekatrace8_0b4a56f22f01dc235b7ce1cc3aeabd6943e8:event_367_sa_subagent_009_0768ce5f_s0_turn_9 skipping — predecessor failed
2026-09-03 07:13:49,275 - inference_perf.datagen.replay.replay_graph_session_datagen - INFO - Event wekatrace8_0b4a56f22f01dc235b7ce1cc3aeabd6943e8:event_392_parent_turn_219 skipping — predecessor failed
2026-09-03 07:13:49,276 - inference_perf.datagen.replay.replay_graph_session_datagen - INFO - Event wekatrace8_0b4a56f22f01dc235b7ce1cc3aeabd6943e8:event_393_parent_turn_220 skipping — predecessor failed
2026-09-03 07:13:49,276 - inference_perf.datagen.replay.replay_graph_session_datagen - INFO - Event wekatrace8_0b4a56f22f01dc235b7ce1cc3aeabd6943e8:event_394_parent_turn_221 skipping — predecessor failed
2026-09-03 07:13:49,276 - inference_perf.datagen.replay.replay_graph_session_datagen - INFO - Event wekatrace8_0b4a56f22f01dc235b7ce1cc3aeabd6943e8:event_395_parent_turn_222 skipping — predecessor failed
2026-09-03 07:13:49,277 - inference_perf.datagen.replay.replay_graph_session_datagen - INFO - Event wekatrace8_0b4a56f22f01dc235b7ce1cc3aeabd6943e8:event_396_parent_turn_223 skipping — predecessor failed
2026-09-03 07:13:49,277 - inference_perf.datagen.replay.replay_graph_session_datagen - INFO - Event wekatrace8_0b4a56f22f01dc235b7ce1cc3aeabd6943e8:event_397_parent_turn_224 skipping — predecessor failed
2026-09-03 07:13:49,277 - inference_perf.datagen.replay.replay_graph_session_datagen - INFO - Event wekatrace8_0b4a56f22f01dc235b7ce1cc3aeabd6943e8:event_398_parent_turn_225 skipping — predecessor failed
2026-09-03 07:13:49,277 - inference_perf.datagen.replay.replay_graph_session_datagen - INFO - Event wekatrace8_0b4a56f22f01dc235b7ce1cc3aeabd6943e8:event_399_parent_turn_226 skipping — predecessor failed
2026-09-03 07:13:49,277 - inference_perf.datagen.replay.replay_graph_session_datagen - INFO - Event wekatrace8_0b4a56f22f01dc235b7ce1cc3aeabd6943e8:event_400_parent_turn_227 skipping — predecessor failed
2026-09-03 07:13:49,277 - inference_perf.datagen.replay.replay_graph_session_datagen - INFO - Event wekatrace8_0b4a56f22f01dc235b7ce1cc3aeabd6943e8:event_401_parent_turn_228 skipping — predecessor failed
2026-09-03 07:13:49,277 - inference_perf.datagen.replay.replay_graph_session_datagen - INFO - Event wekatrace8_0b4a56f22f01dc235b7ce1cc3aeabd6943e8:event_402_parent_turn_229 skipping — predecessor failed
2026-09-03 07:13:49,278 - inference_perf.datagen.replay.replay_graph_session_datagen - INFO - Event wekatrace8_0b4a56f22f01dc235b7ce1cc3aeabd6943e8:event_403_parent_turn_230 skipping — predecessor failed
2026-09-03 07:13:49,278 - inference_perf.datagen.replay.replay_graph_session_datagen - INFO - Event wekatrace8_0b4a56f22f01dc235b7ce1cc3aeabd6943e8:event_404_parent_turn_231 skipping — predecessor failed
2026-09-03 07:13:49,278 - inference_perf.datagen.replay.replay_graph_session_datagen - INFO - Event wekatrace8_0b4a56f22f01dc235b7ce1cc3aeabd6943e8:event_405_parent_turn_232 skipping — predecessor failed
2026-09-03 07:13:49,278 - inference_perf.datagen.replay.replay_graph_session_datagen - INFO - Event wekatrace8_0b4a56f22f01dc235b7ce1cc3aeabd6943e8:event_406_parent_turn_233 skipping — predecessor failed
2026-09-03 07:13:49,278 - inference_perf.datagen.replay.replay_graph_session_datagen - INFO - Event wekatrace8_0b4a56f22f01dc235b7ce1cc3aeabd6943e8:event_407_parent_turn_234 skipping — predecessor failed
2026-09-03 07:13:49,278 - inference_perf.datagen.replay.replay_graph_session_datagen - INFO - Event wekatrace8_0b4a56f22f01dc235b7ce1cc3aeabd6943e8:event_408_parent_turn_235 skipping — predecessor failed
2026-09-03 07:13:49,278 - inference_perf.datagen.replay.replay_graph_session_datagen - INFO - Event wekatrace8_0b4a56f22f01dc235b7ce1cc3aeabd6943e8:event_409_parent_turn_236 skipping — predecessor failed
2026-09-03 07:13:49,279 - inference_perf.datagen.replay.replay_graph_session_datagen - INFO - Event wekatrace8_0b4a56f22f01dc235b7ce1cc3aeabd6943e8:event_410_parent_turn_237 skipping — predecessor failed
2026-09-03 07:13:49,279 - inference_perf.datagen.replay.replay_graph_session_datagen - INFO - Event wekatrace8_0b4a56f22f01dc235b7ce1cc3aeabd6943e8:event_411_parent_turn_238 skipping — predecessor failed
2026-09-03 07:13:49,279 - inference_perf.datagen.replay.replay_graph_session_datagen - INFO - Event wekatrace8_0b4a56f22f01dc235b7ce1cc3aeabd6943e8:event_412_parent_turn_239 skipping — predecessor failed
2026-09-03 07:13:49,279 - inference_perf.datagen.replay.replay_graph_session_datagen - INFO - Event wekatrace8_0b4a56f22f01dc235b7ce1cc3aeabd6943e8:event_413_parent_turn_240 skipping — predecessor failed
2026-09-03 07:13:49,279 - inference_perf.datagen.replay.replay_graph_session_datagen - INFO - Event wekatrace8_0b4a56f22f01dc235b7ce1cc3aeabd6943e8:event_414_parent_turn_241 skipping — predecessor failed
2026-09-03 07:13:49,279 - inference_perf.datagen.replay.replay_graph_session_datagen - INFO - Event wekatrace8_0b4a56f22f01dc235b7ce1cc3aeabd6943e8:event_415_parent_turn_242 skipping — predecessor failed
2026-09-03 07:13:49,280 - inference_perf.datagen.replay.replay_graph_session_datagen - INFO - Event wekatrace8_0b4a56f22f01dc235b7ce1cc3aeabd6943e8:event_416_parent_turn_243 skipping — predecessor failed
2026-09-03 07:13:49,280 - inference_perf.datagen.replay.replay_graph_session_datagen - INFO - Event wekatrace8_0b4a56f22f01dc235b7ce1cc3aeabd6943e8:event_417_parent_turn_244 skipping — predecessor failed
2026-09-03 07:13:49,280 - inference_perf.datagen.replay.replay_graph_session_datagen - INFO - Event wekatrace8_0b4a56f22f01dc235b7ce1cc3aeabd6943e8:event_418_parent_turn_245 skipping — predecessor failed
2026-09-03 07:13:49,280 - inference_perf.datagen.replay.replay_graph_session_datagen - INFO - Event wekatrace8_0b4a56f22f01dc235b7ce1cc3aeabd6943e8:event_419_sa_subagent_010_16075c9a_s0_turn_0 skipping — predecessor failed
2026-09-03 07:13:49,280 - inference_perf.datagen.replay.replay_graph_session_datagen - INFO - Event wekatrace8_0b4a56f22f01dc235b7ce1cc3aeabd6943e8:event_485_parent_turn_246 skipping — predecessor failed
2026-09-03 07:13:49,280 - inference_perf.datagen.replay.replay_graph_session_datagen - INFO - Event wekatrace8_0b4a56f22f01dc235b7ce1cc3aeabd6943e8:event_420_sa_subagent_010_16075c9a_s0_turn_1 skipping — predecessor failed
2026-09-03 07:13:49,281 - inference_perf.datagen.replay.replay_graph_session_datagen - INFO - Event wekatrace8_0b4a56f22f01dc235b7ce1cc3aeabd6943e8:event_486_parent_turn_247 skipping — predecessor failed
2026-09-03 07:13:49,285 - inference_perf.datagen.replay.replay_graph_session_datagen - INFO - Event wekatrace8_0b4a56f22f01dc235b7ce1cc3aeabd6943e8:event_421_sa_subagent_010_16075c9a_s0_turn_2 skipping — predecessor failed
2026-09-03 07:13:49,286 - inference_perf.datagen.replay.replay_graph_session_datagen - INFO - Event wekatrace8_0b4a56f22f01dc235b7ce1cc3aeabd6943e8:event_487_sa_subagent_013_0c71ca73_s0_turn_0 skipping — predecessor failed
2026-09-03 07:13:49,286 - inference_perf.datagen.replay.replay_graph_session_datagen - INFO - Event wekatrace8_0b4a56f22f01dc235b7ce1cc3aeabd6943e8:event_511_parent_turn_248 skipping — predecessor failed
2026-09-03 07:13:49,286 - inference_perf.datagen.replay.replay_graph_session_datagen - INFO - Event wekatrace8_0b4a56f22f01dc235b7ce1cc3aeabd6943e8:event_422_sa_subagent_010_16075c9a_s0_turn_3 skipping — predecessor failed
2026-09-03 07:13:49,286 - inference_perf.datagen.replay.replay_graph_session_datagen - INFO - Event wekatrace8_0b4a56f22f01dc235b7ce1cc3aeabd6943e8:event_488_sa_subagent_013_0c71ca73_s0_turn_1 skipping — predecessor failed
2026-09-03 07:13:49,286 - inference_perf.datagen.replay.replay_graph_session_datagen - INFO - Event wekatrace8_0b4a56f22f01dc235b7ce1cc3aeabd6943e8:event_512_parent_turn_249 skipping — predecessor failed
2026-09-03 07:13:49,286 - inference_perf.datagen.replay.replay_graph_session_datagen - INFO - Event wekatrace8_0b4a56f22f01dc235b7ce1cc3aeabd6943e8:event_423_sa_subagent_010_16075c9a_s0_turn_4 skipping — predecessor failed
2026-09-03 07:13:49,286 - inference_perf.datagen.replay.replay_graph_session_datagen - INFO - Event wekatrace8_0b4a56f22f01dc235b7ce1cc3aeabd6943e8:event_489_sa_subagent_013_0c71ca73_s0_turn_2 skipping — predecessor failed
2026-09-03 07:13:49,287 - inference_perf.datagen.replay.replay_graph_session_datagen - INFO - Event wekatrace8_0b4a56f22f01dc235b7ce1cc3aeabd6943e8:event_513_parent_turn_250 skipping — predecessor failed
2026-09-03 07:13:49,287 - inference_perf.datagen.replay.replay_graph_session_datagen - INFO - Event wekatrace8_0b4a56f22f01dc235b7ce1cc3aeabd6943e8:event_424_sa_subagent_010_16075c9a_s0_turn_5 skipping — predecessor failed
2026-09-03 07:13:49,287 - inference_perf.datagen.replay.replay_graph_session_datagen - INFO - Event wekatrace8_0b4a56f22f01dc235b7ce1cc3aeabd6943e8:event_490_sa_subagent_013_0c71ca73_s0_turn_3 skipping — predecessor failed
2026-09-03 07:13:49,287 - inference_perf.datagen.replay.replay_graph_session_datagen - INFO - Event wekatrace8_0b4a56f22f01dc235b7ce1cc3aeabd6943e8:event_514_parent_turn_251 skipping — predecessor failed
2026-09-03 07:13:49,287 - inference_perf.datagen.replay.replay_graph_session_datagen - INFO - Event wekatrace8_0b4a56f22f01dc235b7ce1cc3aeabd6943e8:event_425_sa_subagent_010_16075c9a_s0_turn_6 skipping — predecessor failed
2026-09-03 07:13:49,287 - inference_perf.datagen.replay.replay_graph_session_datagen - INFO - Event wekatrace8_0b4a56f22f01dc235b7ce1cc3aeabd6943e8:event_491_sa_subagent_013_0c71ca73_s0_turn_4 skipping — predecessor failed
2026-09-03 07:13:49,287 - inference_perf.datagen.replay.replay_graph_session_datagen - INFO - Event wekatrace8_0b4a56f22f01dc235b7ce1cc3aeabd6943e8:event_515_parent_turn_252 skipping — predecessor failed
2026-09-03 07:13:49,287 - inference_perf.datagen.replay.replay_graph_session_datagen - INFO - Event wekatrace8_0b4a56f22f01dc235b7ce1cc3aeabd6943e8:event_426_sa_subagent_010_16075c9a_s0_turn_7 skipping — predecessor failed
2026-09-03 07:13:49,288 - inference_perf.datagen.replay.replay_graph_session_datagen - INFO - Event wekatrace8_0b4a56f22f01dc235b7ce1cc3aeabd6943e8:event_492_sa_subagent_013_0c71ca73_s0_turn_5 skipping — predecessor failed
2026-09-03 07:13:49,288 - inference_perf.datagen.replay.replay_graph_session_datagen - INFO - Event wekatrace8_0b4a56f22f01dc235b7ce1cc3aeabd6943e8:event_516_parent_turn_253 skipping — predecessor failed
2026-09-03 07:13:49,288 - inference_perf.datagen.replay.replay_graph_session_datagen - INFO - Event wekatrace8_0b4a56f22f01dc235b7ce1cc3aeabd6943e8:event_427_sa_subagent_010_16075c9a_s0_turn_8 skipping — predecessor failed
2026-09-03 07:13:49,288 - inference_perf.datagen.replay.replay_graph_session_datagen - INFO - Event wekatrace8_0b4a56f22f01dc235b7ce1cc3aeabd6943e8:event_493_sa_subagent_013_0c71ca73_s0_turn_6 skipping — predecessor failed
2026-09-03 07:13:49,288 - inference_perf.datagen.replay.replay_graph_session_datagen - INFO - Event wekatrace8_0b4a56f22f01dc235b7ce1cc3aeabd6943e8:event_428_sa_subagent_010_16075c9a_s0_turn_9 skipping — predecessor failed
2026-09-03 07:13:49,288 - inference_perf.datagen.replay.replay_graph_session_datagen - INFO - Event wekatrace8_0b4a56f22f01dc235b7ce1cc3aeabd6943e8:event_494_sa_subagent_013_0c71ca73_s0_turn_7 skipping — predecessor failed
2026-09-03 07:13:49,288 - inference_perf.datagen.replay.replay_graph_session_datagen - INFO - Event wekatrace8_0b4a56f22f01dc235b7ce1cc3aeabd6943e8:event_429_sa_subagent_010_16075c9a_s0_turn_10 skipping — predecessor failed
2026-09-03 07:13:49,288 - inference_perf.datagen.replay.replay_graph_session_datagen - INFO - Event wekatrace8_0b4a56f22f01dc235b7ce1cc3aeabd6943e8:event_495_sa_subagent_013_0c71ca73_s0_turn_8 skipping — predecessor failed
2026-09-03 07:13:49,288 - inference_perf.datagen.replay.replay_graph_session_datagen - INFO - Event wekatrace8_0b4a56f22f01dc235b7ce1cc3aeabd6943e8:event_430_sa_subagent_010_16075c9a_s0_turn_11 skipping — predecessor failed
2026-09-03 07:13:49,289 - inference_perf.datagen.replay.replay_graph_session_datagen - INFO - Event wekatrace8_0b4a56f22f01dc235b7ce1cc3aeabd6943e8:event_496_sa_subagent_013_0c71ca73_s0_turn_9 skipping — predecessor failed
2026-09-03 07:13:49,289 - inference_perf.datagen.replay.replay_graph_session_datagen - INFO - Event wekatrace8_0b4a56f22f01dc235b7ce1cc3aeabd6943e8:event_431_sa_subagent_010_16075c9a_s0_turn_12 skipping — predecessor failed
2026-09-03 07:13:49,289 - inference_perf.datagen.replay.replay_graph_session_datagen - INFO - Event wekatrace8_0b4a56f22f01dc235b7ce1cc3aeabd6943e8:event_497_sa_subagent_013_0c71ca73_s0_turn_10 skipping — predecessor failed
2026-09-03 07:13:49,289 - inference_perf.datagen.replay.replay_graph_session_datagen - INFO - Event wekatrace8_0b4a56f22f01dc235b7ce1cc3aeabd6943e8:event_432_sa_subagent_010_16075c9a_s0_turn_13 skipping — predecessor failed
2026-09-03 07:13:49,289 - inference_perf.datagen.replay.replay_graph_session_datagen - INFO - Event wekatrace8_0b4a56f22f01dc235b7ce1cc3aeabd6943e8:event_498_sa_subagent_013_0c71ca73_s0_turn_11 skipping — predecessor failed
2026-09-03 07:13:49,289 - inference_perf.datagen.replay.replay_graph_session_datagen - INFO - Event wekatrace8_0b4a56f22f01dc235b7ce1cc3aeabd6943e8:event_433_sa_subagent_010_16075c9a_s0_turn_14 skipping — predecessor failed
2026-09-03 07:13:49,290 - inference_perf.datagen.replay.replay_graph_session_datagen - INFO - Event wekatrace8_0b4a56f22f01dc235b7ce1cc3aeabd6943e8:event_499_sa_subagent_013_0c71ca73_s0_turn_12 skipping — predecessor failed
2026-09-03 07:13:49,290 - inference_perf.datagen.replay.replay_graph_session_datagen - INFO - Event wekatrace8_0b4a56f22f01dc235b7ce1cc3aeabd6943e8:event_434_sa_subagent_010_16075c9a_s0_turn_15 skipping — predecessor failed
2026-09-03 07:13:49,290 - inference_perf.datagen.replay.replay_graph_session_datagen - INFO - Event wekatrace8_0b4a56f22f01dc235b7ce1cc3aeabd6943e8:event_500_sa_subagent_013_0c71ca73_s0_turn_13 skipping — predecessor failed
2026-09-03 07:13:49,290 - inference_perf.datagen.replay.replay_graph_session_datagen - INFO - Event wekatrace8_0b4a56f22f01dc235b7ce1cc3aeabd6943e8:event_435_sa_subagent_010_16075c9a_s0_turn_16 skipping — predecessor failed
2026-09-03 07:13:49,290 - inference_perf.datagen.replay.replay_graph_session_datagen - INFO - Event wekatrace8_0b4a56f22f01dc235b7ce1cc3aeabd6943e8:event_501_sa_subagent_013_0c71ca73_s0_turn_14 skipping — predecessor failed
2026-09-03 07:13:49,290 - inference_perf.datagen.replay.replay_graph_session_datagen - INFO - Event wekatrace8_0b4a56f22f01dc235b7ce1cc3aeabd6943e8:event_436_sa_subagent_010_16075c9a_s0_turn_17 skipping — predecessor failed
2026-09-03 07:13:49,290 - inference_perf.datagen.replay.replay_graph_session_datagen - INFO - Event wekatrace8_0b4a56f22f01dc235b7ce1cc3aeabd6943e8:event_502_sa_subagent_013_0c71ca73_s0_turn_15 skipping — predecessor failed
2026-09-03 07:13:49,291 - inference_perf.datagen.replay.replay_graph_session_datagen - INFO - Event wekatrace8_0b4a56f22f01dc235b7ce1cc3aeabd6943e8:event_437_sa_subagent_010_16075c9a_s0_turn_18 skipping — predecessor failed
2026-09-03 07:13:49,291 - inference_perf.datagen.replay.replay_graph_session_datagen - INFO - Event wekatrace8_0b4a56f22f01dc235b7ce1cc3aeabd6943e8:event_503_sa_subagent_013_0c71ca73_s0_turn_16 skipping — predecessor failed
2026-09-03 07:13:49,291 - inference_perf.datagen.replay.replay_graph_session_datagen - INFO - Event wekatrace8_0b4a56f22f01dc235b7ce1cc3aeabd6943e8:event_438_sa_subagent_010_16075c9a_s0_turn_19 skipping — predecessor failed
2026-09-03 07:13:49,291 - inference_perf.datagen.replay.replay_graph_session_datagen - INFO - Event wekatrace8_0b4a56f22f01dc235b7ce1cc3aeabd6943e8:event_504_sa_subagent_013_0c71ca73_s0_turn_17 skipping — predecessor failed
2026-09-03 07:13:49,291 - inference_perf.datagen.replay.replay_graph_session_datagen - INFO - Event wekatrace8_0b4a56f22f01dc235b7ce1cc3aeabd6943e8:event_439_sa_subagent_010_16075c9a_s0_turn_20 skipping — predecessor failed
2026-09-03 07:13:49,291 - inference_perf.datagen.replay.replay_graph_session_datagen - INFO - Event wekatrace8_0b4a56f22f01dc235b7ce1cc3aeabd6943e8:event_505_sa_subagent_013_0c71ca73_s0_turn_18 skipping — predecessor failed
2026-09-03 07:13:49,291 - inference_perf.datagen.replay.replay_graph_session_datagen - INFO - Event wekatrace8_0b4a56f22f01dc235b7ce1cc3aeabd6943e8:event_440_sa_subagent_010_16075c9a_s0_turn_21 skipping — predecessor failed
2026-09-03 07:13:49,291 - inference_perf.datagen.replay.replay_graph_session_datagen - INFO - Event wekatrace8_0b4a56f22f01dc235b7ce1cc3aeabd6943e8:event_441_sa_subagent_011_3349b004_s0_turn_0 skipping — predecessor failed
2026-09-03 07:13:49,292 - inference_perf.datagen.replay.replay_graph_session_datagen - INFO - Event wekatrace8_0b4a56f22f01dc235b7ce1cc3aeabd6943e8:event_506_sa_subagent_013_0c71ca73_s0_turn_19 skipping — predecessor failed
2026-09-03 07:13:49,292 - inference_perf.datagen.replay.replay_graph_session_datagen - INFO - Event wekatrace8_0b4a56f22f01dc235b7ce1cc3aeabd6943e8:event_442_sa_subagent_011_3349b004_s0_turn_1 skipping — predecessor failed
2026-09-03 07:13:49,292 - inference_perf.datagen.replay.replay_graph_session_datagen - INFO - Event wekatrace8_0b4a56f22f01dc235b7ce1cc3aeabd6943e8:event_507_sa_subagent_013_0c71ca73_s0_turn_20 skipping — predecessor failed
2026-09-03 07:13:49,292 - inference_perf.datagen.replay.replay_graph_session_datagen - INFO - Event wekatrace8_0b4a56f22f01dc235b7ce1cc3aeabd6943e8:event_443_sa_subagent_011_3349b004_s0_turn_2 skipping — predecessor failed
2026-09-03 07:13:49,292 - inference_perf.datagen.replay.replay_graph_session_datagen - INFO - Event wekatrace8_0b4a56f22f01dc235b7ce1cc3aeabd6943e8:event_508_sa_subagent_013_0c71ca73_s0_turn_21 skipping — predecessor failed
2026-09-03 07:13:49,292 - inference_perf.datagen.replay.replay_graph_session_datagen - INFO - Event wekatrace8_0b4a56f22f01dc235b7ce1cc3aeabd6943e8:event_444_sa_subagent_011_3349b004_s0_turn_3 skipping — predecessor failed
2026-09-03 07:13:49,292 - inference_perf.datagen.replay.replay_graph_session_datagen - INFO - Event wekatrace8_0b4a56f22f01dc235b7ce1cc3aeabd6943e8:event_509_sa_subagent_013_0c71ca73_s0_turn_22 skipping — predecessor failed
2026-09-03 07:13:49,292 - inference_perf.datagen.replay.replay_graph_session_datagen - INFO - Event wekatrace8_0b4a56f22f01dc235b7ce1cc3aeabd6943e8:event_445_sa_subagent_011_3349b004_s0_turn_4 skipping — predecessor failed
2026-09-03 07:13:49,292 - inference_perf.datagen.replay.replay_graph_session_datagen - INFO - Event wekatrace8_0b4a56f22f01dc235b7ce1cc3aeabd6943e8:event_510_sa_subagent_013_0c71ca73_s0_turn_23 skipping — predecessor failed
2026-09-03 07:13:49,293 - inference_perf.datagen.replay.replay_graph_session_datagen - INFO - Event wekatrace8_0b4a56f22f01dc235b7ce1cc3aeabd6943e8:event_446_sa_subagent_011_3349b004_s0_turn_5 skipping — predecessor failed
2026-09-03 07:13:49,293 - inference_perf.datagen.replay.replay_graph_session_datagen - INFO - Event wekatrace8_0b4a56f22f01dc235b7ce1cc3aeabd6943e8:event_447_sa_subagent_011_3349b004_s0_turn_6 skipping — predecessor failed
2026-09-03 07:13:49,293 - inference_perf.datagen.replay.replay_graph_session_datagen - INFO - Event wekatrace8_0b4a56f22f01dc235b7ce1cc3aeabd6943e8:event_448_sa_subagent_011_3349b004_s0_turn_7 skipping — predecessor failed
2026-09-03 07:13:49,293 - inference_perf.datagen.replay.replay_graph_session_datagen - INFO - Event wekatrace8_0b4a56f22f01dc235b7ce1cc3aeabd6943e8:event_449_sa_subagent_011_3349b004_s0_turn_8 skipping — predecessor failed
2026-09-03 07:13:49,293 - inference_perf.datagen.replay.replay_graph_session_datagen - INFO - Event wekatrace8_0b4a56f22f01dc235b7ce1cc3aeabd6943e8:event_450_sa_subagent_011_3349b004_s0_turn_9 skipping — predecessor failed
2026-09-03 07:13:49,293 - inference_perf.datagen.replay.replay_graph_session_datagen - INFO - Event wekatrace8_0b4a56f22f01dc235b7ce1cc3aeabd6943e8:event_451_sa_subagent_011_3349b004_s0_turn_10 skipping — predecessor failed
2026-09-03 07:13:49,293 - inference_perf.datagen.replay.replay_graph_session_datagen - INFO - Event wekatrace8_0b4a56f22f01dc235b7ce1cc3aeabd6943e8:event_452_sa_subagent_011_3349b004_s0_turn_11 skipping — predecessor failed
2026-09-03 07:13:49,294 - inference_perf.datagen.replay.replay_graph_session_datagen - INFO - Event wekatrace8_0b4a56f22f01dc235b7ce1cc3aeabd6943e8:event_453_sa_subagent_011_3349b004_s0_turn_12 skipping — predecessor failed
2026-09-03 07:13:49,294 - inference_perf.datagen.replay.replay_graph_session_datagen - INFO - Event wekatrace8_0b4a56f22f01dc235b7ce1cc3aeabd6943e8:event_454_sa_subagent_011_3349b004_s0_turn_13 skipping — predecessor failed
2026-09-03 07:13:49,294 - inference_perf.datagen.replay.replay_graph_session_datagen - INFO - Event wekatrace8_0b4a56f22f01dc235b7ce1cc3aeabd6943e8:event_455_sa_subagent_011_3349b004_s0_turn_14 skipping — predecessor failed
2026-09-03 07:13:49,294 - inference_perf.datagen.replay.replay_graph_session_datagen - INFO - Event wekatrace8_0b4a56f22f01dc235b7ce1cc3aeabd6943e8:event_456_sa_subagent_011_3349b004_s0_turn_15 skipping — predecessor failed
2026-09-03 07:13:49,294 - inference_perf.datagen.replay.replay_graph_session_datagen - INFO - Event wekatrace8_0b4a56f22f01dc235b7ce1cc3aeabd6943e8:event_457_sa_subagent_011_3349b004_s0_turn_16 skipping — predecessor failed
2026-09-03 07:13:49,294 - inference_perf.datagen.replay.replay_graph_session_datagen - INFO - Event wekatrace8_0b4a56f22f01dc235b7ce1cc3aeabd6943e8:event_458_sa_subagent_011_3349b004_s0_turn_17 skipping — predecessor failed
2026-09-03 07:13:49,294 - inference_perf.datagen.replay.replay_graph_session_datagen - INFO - Event wekatrace8_0b4a56f22f01dc235b7ce1cc3aeabd6943e8:event_459_sa_subagent_011_3349b004_s0_turn_18 skipping — predecessor failed
2026-09-03 07:13:49,295 - inference_perf.datagen.replay.replay_graph_session_datagen - INFO - Event wekatrace8_0b4a56f22f01dc235b7ce1cc3aeabd6943e8:event_460_sa_subagent_011_3349b004_s0_turn_19 skipping — predecessor failed
2026-09-03 07:13:49,295 - inference_perf.datagen.replay.replay_graph_session_datagen - INFO - Event wekatrace8_0b4a56f22f01dc235b7ce1cc3aeabd6943e8:event_461_sa_subagent_012_4dbabe22_s0_turn_0 skipping — predecessor failed
2026-09-03 07:13:49,295 - inference_perf.datagen.replay.replay_graph_session_datagen - INFO - Event wekatrace8_0b4a56f22f01dc235b7ce1cc3aeabd6943e8:event_462_sa_subagent_012_4dbabe22_s0_turn_1 skipping — predecessor failed
2026-09-03 07:13:49,295 - inference_perf.datagen.replay.replay_graph_session_datagen - INFO - Event wekatrace8_0b4a56f22f01dc235b7ce1cc3aeabd6943e8:event_463_sa_subagent_012_4dbabe22_s0_turn_2 skipping — predecessor failed
2026-09-03 07:13:49,295 - inference_perf.datagen.replay.replay_graph_session_datagen - INFO - Event wekatrace8_0b4a56f22f01dc235b7ce1cc3aeabd6943e8:event_464_sa_subagent_012_4dbabe22_s0_turn_3 skipping — predecessor failed
2026-09-03 07:13:49,295 - inference_perf.datagen.replay.replay_graph_session_datagen - INFO - Event wekatrace8_0b4a56f22f01dc235b7ce1cc3aeabd6943e8:event_465_sa_subagent_012_4dbabe22_s0_turn_4 skipping — predecessor failed
2026-09-03 07:13:49,295 - inference_perf.datagen.replay.replay_graph_session_datagen - INFO - Event wekatrace8_0b4a56f22f01dc235b7ce1cc3aeabd6943e8:event_466_sa_subagent_012_4dbabe22_s0_turn_5 skipping — predecessor failed
2026-09-03 07:13:49,295 - inference_perf.datagen.replay.replay_graph_session_datagen - INFO - Event wekatrace8_0b4a56f22f01dc235b7ce1cc3aeabd6943e8:event_467_sa_subagent_012_4dbabe22_s0_turn_6 skipping — predecessor failed
2026-09-03 07:13:49,296 - inference_perf.datagen.replay.replay_graph_session_datagen - INFO - Event wekatrace8_0b4a56f22f01dc235b7ce1cc3aeabd6943e8:event_468_sa_subagent_012_4dbabe22_s0_turn_7 skipping — predecessor failed
2026-09-03 07:13:49,296 - inference_perf.datagen.replay.replay_graph_session_datagen - INFO - Event wekatrace8_0b4a56f22f01dc235b7ce1cc3aeabd6943e8:event_469_sa_subagent_012_4dbabe22_s0_turn_8 skipping — predecessor failed
2026-09-03 07:13:49,297 - inference_perf.datagen.replay.replay_graph_session_datagen - INFO - Event wekatrace8_0b4a56f22f01dc235b7ce1cc3aeabd6943e8:event_470_sa_subagent_012_4dbabe22_s0_turn_9 skipping — predecessor failed
2026-09-03 07:13:49,297 - inference_perf.datagen.replay.replay_graph_session_datagen - INFO - Event wekatrace8_0b4a56f22f01dc235b7ce1cc3aeabd6943e8:event_471_sa_subagent_012_4dbabe22_s0_turn_10 skipping — predecessor failed
2026-09-03 07:13:49,297 - inference_perf.datagen.replay.replay_graph_session_datagen - INFO - Event wekatrace8_0b4a56f22f01dc235b7ce1cc3aeabd6943e8:event_472_sa_subagent_012_4dbabe22_s0_turn_11 skipping — predecessor failed
2026-09-03 07:13:49,297 - inference_perf.datagen.replay.replay_graph_session_datagen - INFO - Event wekatrace8_0b4a56f22f01dc235b7ce1cc3aeabd6943e8:event_473_sa_subagent_012_4dbabe22_s0_turn_12 skipping — predecessor failed
2026-09-03 07:13:49,297 - inference_perf.datagen.replay.replay_graph_session_datagen - INFO - Event wekatrace8_0b4a56f22f01dc235b7ce1cc3aeabd6943e8:event_474_sa_subagent_012_4dbabe22_s0_turn_13 skipping — predecessor failed
2026-09-03 07:13:49,297 - inference_perf.datagen.replay.replay_graph_session_datagen - INFO - Event wekatrace8_0b4a56f22f01dc235b7ce1cc3aeabd6943e8:event_475_sa_subagent_012_4dbabe22_s0_turn_14 skipping — predecessor failed
2026-09-03 07:13:49,298 - inference_perf.datagen.replay.replay_graph_session_datagen - INFO - Event wekatrace8_0b4a56f22f01dc235b7ce1cc3aeabd6943e8:event_476_sa_subagent_012_4dbabe22_s0_turn_15 skipping — predecessor failed
2026-09-03 07:13:49,298 - inference_perf.datagen.replay.replay_graph_session_datagen - INFO - Event wekatrace8_0b4a56f22f01dc235b7ce1cc3aeabd6943e8:event_477_sa_subagent_012_4dbabe22_s0_turn_16 skipping — predecessor failed
2026-09-03 07:13:49,298 - inference_perf.datagen.replay.replay_graph_session_datagen - INFO - Event wekatrace8_0b4a56f22f01dc235b7ce1cc3aeabd6943e8:event_478_sa_subagent_012_4dbabe22_s0_turn_17 skipping — predecessor failed
2026-09-03 07:13:49,298 - inference_perf.datagen.replay.replay_graph_session_datagen - INFO - Event wekatrace8_0b4a56f22f01dc235b7ce1cc3aeabd6943e8:event_479_sa_subagent_012_4dbabe22_s0_turn_18 skipping — predecessor failed
2026-09-03 07:13:49,298 - inference_perf.datagen.replay.replay_graph_session_datagen - INFO - Event wekatrace8_0b4a56f22f01dc235b7ce1cc3aeabd6943e8:event_480_sa_subagent_012_4dbabe22_s0_turn_19 skipping — predecessor failed
2026-09-03 07:13:49,299 - inference_perf.datagen.replay.replay_graph_session_datagen - INFO - Event wekatrace8_0b4a56f22f01dc235b7ce1cc3aeabd6943e8:event_481_sa_subagent_012_4dbabe22_s0_turn_20 skipping — predecessor failed
2026-09-03 07:13:49,299 - inference_perf.datagen.replay.replay_graph_session_datagen - INFO - Event wekatrace8_0b4a56f22f01dc235b7ce1cc3aeabd6943e8:event_482_sa_subagent_012_4dbabe22_s0_turn_21 skipping — predecessor failed
2026-09-03 07:13:49,299 - inference_perf.datagen.replay.replay_graph_session_datagen - INFO - Event wekatrace8_0b4a56f22f01dc235b7ce1cc3aeabd6943e8:event_483_sa_subagent_012_4dbabe22_s0_turn_22 skipping — predecessor failed
2026-09-03 07:13:49,299 - inference_perf.datagen.replay.replay_graph_session_datagen - INFO - Event wekatrace8_0b4a56f22f01dc235b7ce1cc3aeabd6943e8:event_484_sa_subagent_012_4dbabe22_s0_turn_23 skipping — predecessor failed
2026-09-03 07:13:50,438 - inference_perf.datagen.replay.replay_graph_session_datagen - INFO - Event wekatrace14_1d52e24446ecdb36d1351d53094d8a67f621:event_113_parent_turn_92 skipping — predecessor wait failed: TimeoutError
2026-09-03 07:13:50,439 - inference_perf.datagen.replay.replay_graph_session_datagen - INFO - Event wekatrace14_1d52e24446ecdb36d1351d53094d8a67f621:event_114_parent_turn_93 skipping — predecessor failed
2026-09-03 07:13:50,439 - inference_perf.datagen.replay.replay_graph_session_datagen - INFO - Event wekatrace14_1d52e24446ecdb36d1351d53094d8a67f621:event_115_parent_turn_94 skipping — predecessor failed
2026-09-03 07:13:50,440 - inference_perf.datagen.replay.replay_graph_session_datagen - INFO - Event wekatrace14_1d52e24446ecdb36d1351d53094d8a67f621:event_116_parent_turn_95 skipping — predecessor failed
2026-09-03 07:13:50,440 - inference_perf.datagen.replay.replay_graph_session_datagen - INFO - Event wekatrace14_1d52e24446ecdb36d1351d53094d8a67f621:event_117_parent_turn_96 skipping — predecessor failed
2026-09-03 07:13:50,440 - inference_perf.datagen.replay.replay_graph_session_datagen - INFO - Event wekatrace14_1d52e24446ecdb36d1351d53094d8a67f621:event_118_parent_turn_97 skipping — predecessor failed
2026-09-03 07:13:50,440 - inference_perf.datagen.replay.replay_graph_session_datagen - INFO - Event wekatrace14_1d52e24446ecdb36d1351d53094d8a67f621:event_119_parent_turn_98 skipping — predecessor failed
2026-09-03 07:13:50,441 - inference_perf.datagen.replay.replay_graph_session_datagen - INFO - Event wekatrace14_1d52e24446ecdb36d1351d53094d8a67f621:event_120_parent_turn_99 skipping — predecessor failed
2026-09-03 07:13:50,441 - inference_perf.datagen.replay.replay_graph_session_datagen - INFO - Event wekatrace14_1d52e24446ecdb36d1351d53094d8a67f621:event_121_parent_turn_100 skipping — predecessor failed
2026-09-03 07:13:50,441 - inference_perf.datagen.replay.replay_graph_session_datagen - INFO - Event wekatrace14_1d52e24446ecdb36d1351d53094d8a67f621:event_122_parent_turn_101 skipping — predecessor failed
2026-09-03 07:13:50,441 - inference_perf.datagen.replay.replay_graph_session_datagen - INFO - Event wekatrace14_1d52e24446ecdb36d1351d53094d8a67f621:event_123_parent_turn_102 skipping — predecessor failed
2026-09-03 07:13:50,442 - inference_perf.datagen.replay.replay_graph_session_datagen - INFO - Event wekatrace14_1d52e24446ecdb36d1351d53094d8a67f621:event_124_parent_turn_103 skipping — predecessor failed
2026-09-03 07:13:50,442 - inference_perf.datagen.replay.replay_graph_session_datagen - INFO - Event wekatrace14_1d52e24446ecdb36d1351d53094d8a67f621:event_125_parent_turn_104 skipping — predecessor failed
2026-09-03 07:13:50,442 - inference_perf.datagen.replay.replay_graph_session_datagen - INFO - Event wekatrace14_1d52e24446ecdb36d1351d53094d8a67f621:event_126_parent_turn_105 skipping — predecessor failed
2026-09-03 07:13:50,442 - inference_perf.datagen.replay.replay_graph_session_datagen - INFO - Event wekatrace14_1d52e24446ecdb36d1351d53094d8a67f621:event_127_parent_turn_106 skipping — predecessor failed
2026-09-03 07:13:50,442 - inference_perf.datagen.replay.replay_graph_session_datagen - INFO - Event wekatrace14_1d52e24446ecdb36d1351d53094d8a67f621:event_128_parent_turn_107 skipping — predecessor failed
2026-09-03 07:13:50,443 - inference_perf.datagen.replay.replay_graph_session_datagen - INFO - Event wekatrace14_1d52e24446ecdb36d1351d53094d8a67f621:event_129_parent_turn_108 skipping — predecessor failed
2026-09-03 07:13:50,443 - inference_perf.datagen.replay.replay_graph_session_datagen - INFO - Event wekatrace14_1d52e24446ecdb36d1351d53094d8a67f621:event_130_parent_turn_109 skipping — predecessor failed
2026-09-03 07:13:50,443 - inference_perf.datagen.replay.replay_graph_session_datagen - INFO - Event wekatrace14_1d52e24446ecdb36d1351d53094d8a67f621:event_131_parent_turn_110 skipping — predecessor failed
2026-09-03 07:13:50,443 - inference_perf.datagen.replay.replay_graph_session_datagen - INFO - Event wekatrace14_1d52e24446ecdb36d1351d53094d8a67f621:event_132_parent_turn_111 skipping — predecessor failed
2026-09-03 07:13:50,444 - inference_perf.datagen.replay.replay_graph_session_datagen - INFO - Event wekatrace14_1d52e24446ecdb36d1351d53094d8a67f621:event_133_parent_turn_112 skipping — predecessor failed
2026-09-03 07:13:50,444 - inference_perf.datagen.replay.replay_graph_session_datagen - INFO - Event wekatrace14_1d52e24446ecdb36d1351d53094d8a67f621:event_134_parent_turn_113 skipping — predecessor failed
2026-09-03 07:13:50,444 - inference_perf.datagen.replay.replay_graph_session_datagen - INFO - Event wekatrace14_1d52e24446ecdb36d1351d53094d8a67f621:event_135_parent_turn_114 skipping — predecessor failed
2026-09-03 07:13:50,444 - inference_perf.datagen.replay.replay_graph_session_datagen - INFO - Event wekatrace14_1d52e24446ecdb36d1351d53094d8a67f621:event_136_parent_turn_115 skipping — predecessor failed
2026-09-03 07:13:50,444 - inference_perf.datagen.replay.replay_graph_session_datagen - INFO - Event wekatrace14_1d52e24446ecdb36d1351d53094d8a67f621:event_137_parent_turn_116 skipping — predecessor failed
2026-09-03 07:13:50,445 - inference_perf.datagen.replay.replay_graph_session_datagen - INFO - Event wekatrace14_1d52e24446ecdb36d1351d53094d8a67f621:event_138_parent_turn_117 skipping — predecessor failed
2026-09-03 07:13:50,445 - inference_perf.datagen.replay.replay_graph_session_datagen - INFO - Event wekatrace14_1d52e24446ecdb36d1351d53094d8a67f621:event_139_parent_turn_118 skipping — predecessor failed
2026-09-03 07:13:50,445 - inference_perf.datagen.replay.replay_graph_session_datagen - INFO - Event wekatrace14_1d52e24446ecdb36d1351d53094d8a67f621:event_140_parent_turn_119 skipping — predecessor failed
2026-09-03 07:13:50,445 - inference_perf.datagen.replay.replay_graph_session_datagen - INFO - Event wekatrace14_1d52e24446ecdb36d1351d53094d8a67f621:event_141_parent_turn_120 skipping — predecessor failed
2026-09-03 07:13:50,445 - inference_perf.datagen.replay.replay_graph_session_datagen - INFO - Event wekatrace14_1d52e24446ecdb36d1351d53094d8a67f621:event_142_parent_turn_121 skipping — predecessor failed
2026-09-03 07:13:53,843 - inference_perf.datagen.replay.replay_graph_session_datagen - INFO - Event wekatrace1_04b25fe5b2ffa5e7ec9890426cce59838a05:event_057_parent_turn_57 skipping — predecessor wait failed: TimeoutError
2026-09-03 07:13:53,844 - inference_perf.datagen.replay.replay_graph_session_datagen - INFO - Event wekatrace1_04b25fe5b2ffa5e7ec9890426cce59838a05:event_058_parent_turn_58 skipping — predecessor failed
2026-09-03 07:13:53,845 - inference_perf.datagen.replay.replay_graph_session_datagen - INFO - Event wekatrace1_04b25fe5b2ffa5e7ec9890426cce59838a05:event_059_parent_turn_59 skipping — predecessor failed
2026-09-03 07:13:53,845 - inference_perf.datagen.replay.replay_graph_session_datagen - INFO - Event wekatrace1_04b25fe5b2ffa5e7ec9890426cce59838a05:event_060_parent_turn_60 skipping — predecessor failed
2026-09-03 07:13:53,845 - inference_perf.datagen.replay.replay_graph_session_datagen - INFO - Event wekatrace1_04b25fe5b2ffa5e7ec9890426cce59838a05:event_061_parent_turn_61 skipping — predecessor failed
2026-09-03 07:13:53,846 - inference_perf.datagen.replay.replay_graph_session_datagen - INFO - Event wekatrace1_04b25fe5b2ffa5e7ec9890426cce59838a05:event_062_parent_turn_62 skipping — predecessor failed
2026-09-03 07:13:53,846 - inference_perf.datagen.replay.replay_graph_session_datagen - INFO - Event wekatrace1_04b25fe5b2ffa5e7ec9890426cce59838a05:event_063_parent_turn_63 skipping — predecessor failed
2026-09-03 07:13:53,846 - inference_perf.datagen.replay.replay_graph_session_datagen - INFO - Event wekatrace1_04b25fe5b2ffa5e7ec9890426cce59838a05:event_064_parent_turn_64 skipping — predecessor failed
2026-09-03 07:13:53,847 - inference_perf.datagen.replay.replay_graph_session_datagen - INFO - Event wekatrace1_04b25fe5b2ffa5e7ec9890426cce59838a05:event_065_parent_turn_65 skipping — predecessor failed
2026-09-03 07:13:53,847 - inference_perf.datagen.replay.replay_graph_session_datagen - INFO - Event wekatrace1_04b25fe5b2ffa5e7ec9890426cce59838a05:event_066_parent_turn_66 skipping — predecessor failed
2026-09-03 07:13:53,847 - inference_perf.datagen.replay.replay_graph_session_datagen - INFO - Event wekatrace1_04b25fe5b2ffa5e7ec9890426cce59838a05:event_067_parent_turn_67 skipping — predecessor failed
2026-09-03 07:13:53,847 - inference_perf.datagen.replay.replay_graph_session_datagen - INFO - Event wekatrace1_04b25fe5b2ffa5e7ec9890426cce59838a05:event_068_parent_turn_68 skipping — predecessor failed
2026-09-03 07:13:53,848 - inference_perf.datagen.replay.replay_graph_session_datagen - INFO - Event wekatrace1_04b25fe5b2ffa5e7ec9890426cce59838a05:event_069_parent_turn_69 skipping — predecessor failed
2026-09-03 07:13:53,848 - inference_perf.datagen.replay.replay_graph_session_datagen - INFO - Event wekatrace1_04b25fe5b2ffa5e7ec9890426cce59838a05:event_070_parent_turn_70 skipping — predecessor failed
2026-09-03 07:13:53,848 - inference_perf.datagen.replay.replay_graph_session_datagen - INFO - Event wekatrace1_04b25fe5b2ffa5e7ec9890426cce59838a05:event_071_parent_turn_71 skipping — predecessor failed
2026-09-03 07:13:53,848 - inference_perf.datagen.replay.replay_graph_session_datagen - INFO - Event wekatrace1_04b25fe5b2ffa5e7ec9890426cce59838a05:event_072_parent_turn_72 skipping — predecessor failed
2026-09-03 07:13:53,849 - inference_perf.datagen.replay.replay_graph_session_datagen - INFO - Event wekatrace1_04b25fe5b2ffa5e7ec9890426cce59838a05:event_073_parent_turn_73 skipping — predecessor failed
2026-09-03 07:13:53,849 - inference_perf.datagen.replay.replay_graph_session_datagen - INFO - Event wekatrace1_04b25fe5b2ffa5e7ec9890426cce59838a05:event_074_parent_turn_74 skipping — predecessor failed
2026-09-03 07:13:53,849 - inference_perf.datagen.replay.replay_graph_session_datagen - INFO - Event wekatrace1_04b25fe5b2ffa5e7ec9890426cce59838a05:event_075_parent_turn_75 skipping — predecessor failed
2026-09-03 07:13:53,849 - inference_perf.datagen.replay.replay_graph_session_datagen - INFO - Event wekatrace1_04b25fe5b2ffa5e7ec9890426cce59838a05:event_076_parent_turn_76 skipping — predecessor failed
2026-09-03 07:13:53,850 - inference_perf.datagen.replay.replay_graph_session_datagen - INFO - Event wekatrace1_04b25fe5b2ffa5e7ec9890426cce59838a05:event_077_parent_turn_77 skipping — predecessor failed
2026-09-03 07:13:53,850 - inference_perf.datagen.replay.replay_graph_session_datagen - INFO - Event wekatrace1_04b25fe5b2ffa5e7ec9890426cce59838a05:event_078_parent_turn_78 skipping — predecessor failed
2026-09-03 07:13:53,850 - inference_perf.datagen.replay.replay_graph_session_datagen - INFO - Event wekatrace1_04b25fe5b2ffa5e7ec9890426cce59838a05:event_079_parent_turn_79 skipping — predecessor failed
2026-09-03 07:13:53,851 - inference_perf.datagen.replay.replay_graph_session_datagen - INFO - Event wekatrace1_04b25fe5b2ffa5e7ec9890426cce59838a05:event_080_parent_turn_80 skipping — predecessor failed
2026-09-03 07:13:53,851 - inference_perf.datagen.replay.replay_graph_session_datagen - INFO - Event wekatrace1_04b25fe5b2ffa5e7ec9890426cce59838a05:event_081_parent_turn_81 skipping — predecessor failed
2026-09-03 07:13:53,851 - inference_perf.datagen.replay.replay_graph_session_datagen - INFO - Event wekatrace1_04b25fe5b2ffa5e7ec9890426cce59838a05:event_082_parent_turn_82 skipping — predecessor failed
2026-09-03 07:13:53,851 - inference_perf.datagen.replay.replay_graph_session_datagen - INFO - Event wekatrace1_04b25fe5b2ffa5e7ec9890426cce59838a05:event_083_parent_turn_83 skipping — predecessor failed
2026-09-03 07:13:53,852 - inference_perf.datagen.replay.replay_graph_session_datagen - INFO - Event wekatrace1_04b25fe5b2ffa5e7ec9890426cce59838a05:event_084_parent_turn_84 skipping — predecessor failed
2026-09-03 07:13:53,852 - inference_perf.datagen.replay.replay_graph_session_datagen - INFO - Event wekatrace1_04b25fe5b2ffa5e7ec9890426cce59838a05:event_085_parent_turn_85 skipping — predecessor failed
2026-09-03 07:13:53,852 - inference_perf.datagen.replay.replay_graph_session_datagen - INFO - Event wekatrace1_04b25fe5b2ffa5e7ec9890426cce59838a05:event_086_parent_turn_86 skipping — predecessor failed
2026-09-03 07:13:53,852 - inference_perf.datagen.replay.replay_graph_session_datagen - INFO - Event wekatrace1_04b25fe5b2ffa5e7ec9890426cce59838a05:event_087_parent_turn_87 skipping — predecessor failed
2026-09-03 07:13:53,853 - inference_perf.datagen.replay.replay_graph_session_datagen - INFO - Event wekatrace1_04b25fe5b2ffa5e7ec9890426cce59838a05:event_088_parent_turn_88 skipping — predecessor failed
2026-09-03 07:13:53,853 - inference_perf.datagen.replay.replay_graph_session_datagen - INFO - Event wekatrace1_04b25fe5b2ffa5e7ec9890426cce59838a05:event_089_parent_turn_89 skipping — predecessor failed
2026-09-03 07:13:53,853 - inference_perf.datagen.replay.replay_graph_session_datagen - INFO - Event wekatrace1_04b25fe5b2ffa5e7ec9890426cce59838a05:event_090_parent_turn_90 skipping — predecessor failed
2026-09-03 07:13:53,853 - inference_perf.datagen.replay.replay_graph_session_datagen - INFO - Event wekatrace1_04b25fe5b2ffa5e7ec9890426cce59838a05:event_091_sa_subagent_001_ea921d3b_s0_turn_0 skipping — predecessor failed
2026-09-03 07:13:53,853 - inference_perf.datagen.replay.replay_graph_session_datagen - INFO - Event wekatrace1_04b25fe5b2ffa5e7ec9890426cce59838a05:event_130_parent_turn_91 skipping — predecessor failed
2026-09-03 07:13:53,853 - inference_perf.datagen.replay.replay_graph_session_datagen - INFO - Event wekatrace1_04b25fe5b2ffa5e7ec9890426cce59838a05:event_092_sa_subagent_001_ea921d3b_s0_turn_1 skipping — predecessor failed
2026-09-03 07:13:53,853 - inference_perf.datagen.replay.replay_graph_session_datagen - INFO - Event wekatrace1_04b25fe5b2ffa5e7ec9890426cce59838a05:event_131_parent_turn_92 skipping — predecessor failed
2026-09-03 07:13:53,854 - inference_perf.datagen.replay.replay_graph_session_datagen - INFO - Event wekatrace1_04b25fe5b2ffa5e7ec9890426cce59838a05:event_093_sa_subagent_001_ea921d3b_s0_turn_2 skipping — predecessor failed
2026-09-03 07:13:53,854 - inference_perf.datagen.replay.replay_graph_session_datagen - INFO - Event wekatrace1_04b25fe5b2ffa5e7ec9890426cce59838a05:event_132_parent_turn_93 skipping — predecessor failed
2026-09-03 07:13:53,854 - inference_perf.datagen.replay.replay_graph_session_datagen - INFO - Event wekatrace1_04b25fe5b2ffa5e7ec9890426cce59838a05:event_094_sa_subagent_001_ea921d3b_s0_turn_3 skipping — predecessor failed
2026-09-03 07:13:53,854 - inference_perf.datagen.replay.replay_graph_session_datagen - INFO - Event wekatrace1_04b25fe5b2ffa5e7ec9890426cce59838a05:event_133_parent_turn_94 skipping — predecessor failed
2026-09-03 07:13:53,855 - inference_perf.datagen.replay.replay_graph_session_datagen - INFO - Event wekatrace1_04b25fe5b2ffa5e7ec9890426cce59838a05:event_134_parent_turn_95 skipping — predecessor failed
2026-09-03 07:13:53,855 - inference_perf.datagen.replay.replay_graph_session_datagen - INFO - Event wekatrace1_04b25fe5b2ffa5e7ec9890426cce59838a05:event_095_sa_subagent_001_ea921d3b_s0_turn_4 skipping — predecessor failed
2026-09-03 07:13:53,855 - inference_perf.datagen.replay.replay_graph_session_datagen - INFO - Event wekatrace1_04b25fe5b2ffa5e7ec9890426cce59838a05:event_135_parent_turn_96 skipping — predecessor failed
2026-09-03 07:13:53,855 - inference_perf.datagen.replay.replay_graph_session_datagen - INFO - Event wekatrace1_04b25fe5b2ffa5e7ec9890426cce59838a05:event_096_sa_subagent_001_ea921d3b_s0_turn_5 skipping — predecessor failed
2026-09-03 07:13:53,856 - inference_perf.datagen.replay.replay_graph_session_datagen - INFO - Event wekatrace1_04b25fe5b2ffa5e7ec9890426cce59838a05:event_136_parent_turn_97 skipping — predecessor failed
2026-09-03 07:13:53,856 - inference_perf.datagen.replay.replay_graph_session_datagen - INFO - Event wekatrace1_04b25fe5b2ffa5e7ec9890426cce59838a05:event_097_sa_subagent_001_ea921d3b_s0_turn_6 skipping — predecessor failed
2026-09-03 07:13:53,856 - inference_perf.datagen.replay.replay_graph_session_datagen - INFO - Event wekatrace1_04b25fe5b2ffa5e7ec9890426cce59838a05:event_137_parent_turn_98 skipping — predecessor failed
2026-09-03 07:13:53,856 - inference_perf.datagen.replay.replay_graph_session_datagen - INFO - Event wekatrace1_04b25fe5b2ffa5e7ec9890426cce59838a05:event_098_sa_subagent_001_ea921d3b_s0_turn_7 skipping — predecessor failed
2026-09-03 07:13:53,856 - inference_perf.datagen.replay.replay_graph_session_datagen - INFO - Event wekatrace1_04b25fe5b2ffa5e7ec9890426cce59838a05:event_099_sa_subagent_001_ea921d3b_s0_turn_8 skipping — predecessor failed
2026-09-03 07:13:53,857 - inference_perf.datagen.replay.replay_graph_session_datagen - INFO - Event wekatrace1_04b25fe5b2ffa5e7ec9890426cce59838a05:event_100_sa_subagent_001_ea921d3b_s0_turn_9 skipping — predecessor failed
2026-09-03 07:13:53,857 - inference_perf.datagen.replay.replay_graph_session_datagen - INFO - Event wekatrace1_04b25fe5b2ffa5e7ec9890426cce59838a05:event_101_sa_subagent_001_ea921d3b_s0_turn_10 skipping — predecessor failed
2026-09-03 07:13:53,857 - inference_perf.datagen.replay.replay_graph_session_datagen - INFO - Event wekatrace1_04b25fe5b2ffa5e7ec9890426cce59838a05:event_102_sa_subagent_001_ea921d3b_s0_turn_11 skipping — predecessor failed
2026-09-03 07:13:53,858 - inference_perf.datagen.replay.replay_graph_session_datagen - INFO - Event wekatrace1_04b25fe5b2ffa5e7ec9890426cce59838a05:event_103_sa_subagent_001_ea921d3b_s0_turn_12 skipping — predecessor failed
2026-09-03 07:13:53,858 - inference_perf.datagen.replay.replay_graph_session_datagen - INFO - Event wekatrace1_04b25fe5b2ffa5e7ec9890426cce59838a05:event_104_sa_subagent_001_ea921d3b_s0_turn_13 skipping — predecessor failed
2026-09-03 07:13:53,858 - inference_perf.datagen.replay.replay_graph_session_datagen - INFO - Event wekatrace1_04b25fe5b2ffa5e7ec9890426cce59838a05:event_105_sa_subagent_001_ea921d3b_s0_turn_14 skipping — predecessor failed
2026-09-03 07:13:53,859 - inference_perf.datagen.replay.replay_graph_session_datagen - INFO - Event wekatrace1_04b25fe5b2ffa5e7ec9890426cce59838a05:event_106_sa_subagent_001_ea921d3b_s0_turn_15 skipping — predecessor failed
2026-09-03 07:13:53,859 - inference_perf.datagen.replay.replay_graph_session_datagen - INFO - Event wekatrace1_04b25fe5b2ffa5e7ec9890426cce59838a05:event_107_sa_subagent_001_ea921d3b_s0_turn_16 skipping — predecessor failed
2026-09-03 07:13:53,859 - inference_perf.datagen.replay.replay_graph_session_datagen - INFO - Event wekatrace1_04b25fe5b2ffa5e7ec9890426cce59838a05:event_108_sa_subagent_001_ea921d3b_s0_turn_17 skipping — predecessor failed
2026-09-03 07:13:53,860 - inference_perf.datagen.replay.replay_graph_session_datagen - INFO - Event wekatrace1_04b25fe5b2ffa5e7ec9890426cce59838a05:event_109_sa_subagent_001_ea921d3b_s0_turn_18 skipping — predecessor failed
2026-09-03 07:13:53,860 - inference_perf.datagen.replay.replay_graph_session_datagen - INFO - Event wekatrace1_04b25fe5b2ffa5e7ec9890426cce59838a05:event_110_sa_subagent_001_ea921d3b_s0_turn_19 skipping — predecessor failed
2026-09-03 07:13:53,860 - inference_perf.datagen.replay.replay_graph_session_datagen - INFO - Event wekatrace1_04b25fe5b2ffa5e7ec9890426cce59838a05:event_111_sa_subagent_001_ea921d3b_s0_turn_20 skipping — predecessor failed
2026-09-03 07:13:53,860 - inference_perf.datagen.replay.replay_graph_session_datagen - INFO - Event wekatrace1_04b25fe5b2ffa5e7ec9890426cce59838a05:event_112_sa_subagent_001_ea921d3b_s0_turn_21 skipping — predecessor failed
2026-09-03 07:13:53,860 - inference_perf.datagen.replay.replay_graph_session_datagen - INFO - Event wekatrace1_04b25fe5b2ffa5e7ec9890426cce59838a05:event_113_sa_subagent_001_ea921d3b_s0_turn_22 skipping — predecessor failed
2026-09-03 07:13:53,861 - inference_perf.datagen.replay.replay_graph_session_datagen - INFO - Event wekatrace1_04b25fe5b2ffa5e7ec9890426cce59838a05:event_114_sa_subagent_001_ea921d3b_s0_turn_23 skipping — predecessor failed
2026-09-03 07:13:53,861 - inference_perf.datagen.replay.replay_graph_session_datagen - INFO - Event wekatrace1_04b25fe5b2ffa5e7ec9890426cce59838a05:event_115_sa_subagent_001_ea921d3b_s0_turn_24 skipping — predecessor failed
2026-09-03 07:13:53,861 - inference_perf.datagen.replay.replay_graph_session_datagen - INFO - Event wekatrace1_04b25fe5b2ffa5e7ec9890426cce59838a05:event_116_sa_subagent_001_ea921d3b_s0_turn_25 skipping — predecessor failed
2026-09-03 07:13:53,861 - inference_perf.datagen.replay.replay_graph_session_datagen - INFO - Event wekatrace1_04b25fe5b2ffa5e7ec9890426cce59838a05:event_117_sa_subagent_001_ea921d3b_s0_turn_26 skipping — predecessor failed
2026-09-03 07:13:53,861 - inference_perf.datagen.replay.replay_graph_session_datagen - INFO - Event wekatrace1_04b25fe5b2ffa5e7ec9890426cce59838a05:event_118_sa_subagent_001_ea921d3b_s0_turn_27 skipping — predecessor failed
2026-09-03 07:13:53,861 - inference_perf.datagen.replay.replay_graph_session_datagen - INFO - Event wekatrace1_04b25fe5b2ffa5e7ec9890426cce59838a05:event_119_sa_subagent_001_ea921d3b_s0_turn_28 skipping — predecessor failed
2026-09-03 07:13:53,862 - inference_perf.datagen.replay.replay_graph_session_datagen - INFO - Event wekatrace1_04b25fe5b2ffa5e7ec9890426cce59838a05:event_120_sa_subagent_001_ea921d3b_s0_turn_29 skipping — predecessor failed
2026-09-03 07:13:53,862 - inference_perf.datagen.replay.replay_graph_session_datagen - INFO - Event wekatrace1_04b25fe5b2ffa5e7ec9890426cce59838a05:event_121_sa_subagent_001_ea921d3b_s0_turn_30 skipping — predecessor failed
2026-09-03 07:13:53,862 - inference_perf.datagen.replay.replay_graph_session_datagen - INFO - Event wekatrace1_04b25fe5b2ffa5e7ec9890426cce59838a05:event_122_sa_subagent_001_ea921d3b_s0_turn_31 skipping — predecessor failed
2026-09-03 07:13:53,862 - inference_perf.datagen.replay.replay_graph_session_datagen - INFO - Event wekatrace1_04b25fe5b2ffa5e7ec9890426cce59838a05:event_123_sa_subagent_001_ea921d3b_s0_turn_32 skipping — predecessor failed
2026-09-03 07:13:53,862 - inference_perf.datagen.replay.replay_graph_session_datagen - INFO - Event wekatrace1_04b25fe5b2ffa5e7ec9890426cce59838a05:event_124_sa_subagent_001_ea921d3b_s0_turn_33 skipping — predecessor failed
2026-09-03 07:13:53,862 - inference_perf.datagen.replay.replay_graph_session_datagen - INFO - Event wekatrace1_04b25fe5b2ffa5e7ec9890426cce59838a05:event_125_sa_subagent_001_ea921d3b_s0_turn_34 skipping — predecessor failed
2026-09-03 07:13:53,863 - inference_perf.datagen.replay.replay_graph_session_datagen - INFO - Event wekatrace1_04b25fe5b2ffa5e7ec9890426cce59838a05:event_126_sa_subagent_001_ea921d3b_s0_turn_35 skipping — predecessor failed
2026-09-03 07:13:53,863 - inference_perf.datagen.replay.replay_graph_session_datagen - INFO - Event wekatrace1_04b25fe5b2ffa5e7ec9890426cce59838a05:event_127_sa_subagent_001_ea921d3b_s0_turn_36 skipping — predecessor failed
2026-09-03 07:13:53,863 - inference_perf.datagen.replay.replay_graph_session_datagen - INFO - Event wekatrace1_04b25fe5b2ffa5e7ec9890426cce59838a05:event_128_sa_subagent_001_ea921d3b_s0_turn_37 skipping — predecessor failed
2026-09-03 07:13:53,863 - inference_perf.datagen.replay.replay_graph_session_datagen - INFO - Event wekatrace1_04b25fe5b2ffa5e7ec9890426cce59838a05:event_129_sa_subagent_001_ea921d3b_s0_turn_38 skipping — predecessor failed
2026-09-03 07:13:55,395 - inference_perf.datagen.replay.replay_graph_session_datagen - INFO - Event wekatrace5_09a5d415a7157ed48a5a6fa2711f2d8565c1:event_150_sa_subagent_005_cb11a7ac_s0_turn_12 skipping — predecessor wait failed: TimeoutError
2026-09-03 07:13:55,396 - inference_perf.datagen.replay.replay_graph_session_datagen - INFO - Event wekatrace5_09a5d415a7157ed48a5a6fa2711f2d8565c1:event_151_parent_turn_73 skipping — predecessor failed
2026-09-03 07:13:55,397 - inference_perf.datagen.replay.replay_graph_session_datagen - INFO - Event wekatrace5_09a5d415a7157ed48a5a6fa2711f2d8565c1:event_152_parent_turn_74 skipping — predecessor failed
2026-09-03 07:13:55,397 - inference_perf.datagen.replay.replay_graph_session_datagen - INFO - Event wekatrace5_09a5d415a7157ed48a5a6fa2711f2d8565c1:event_153_parent_turn_75 skipping — predecessor failed
2026-09-03 07:13:55,397 - inference_perf.datagen.replay.replay_graph_session_datagen - INFO - Event wekatrace5_09a5d415a7157ed48a5a6fa2711f2d8565c1:event_154_parent_turn_76 skipping — predecessor failed
2026-09-03 07:13:55,397 - inference_perf.datagen.replay.replay_graph_session_datagen - INFO - Event wekatrace5_09a5d415a7157ed48a5a6fa2711f2d8565c1:event_155_parent_turn_77 skipping — predecessor failed
2026-09-03 07:13:55,397 - inference_perf.datagen.replay.replay_graph_session_datagen - INFO - Event wekatrace5_09a5d415a7157ed48a5a6fa2711f2d8565c1:event_156_parent_turn_78 skipping — predecessor failed
2026-09-03 07:13:55,397 - inference_perf.datagen.replay.replay_graph_session_datagen - INFO - Event wekatrace5_09a5d415a7157ed48a5a6fa2711f2d8565c1:event_157_parent_turn_79 skipping — predecessor failed
2026-09-03 07:13:55,397 - inference_perf.datagen.replay.replay_graph_session_datagen - INFO - Event wekatrace5_09a5d415a7157ed48a5a6fa2711f2d8565c1:event_158_parent_turn_80 skipping — predecessor failed
2026-09-03 07:13:55,397 - inference_perf.datagen.replay.replay_graph_session_datagen - INFO - Event wekatrace5_09a5d415a7157ed48a5a6fa2711f2d8565c1:event_159_parent_turn_81 skipping — predecessor failed
2026-09-03 07:13:55,398 - inference_perf.datagen.replay.replay_graph_session_datagen - INFO - Event wekatrace5_09a5d415a7157ed48a5a6fa2711f2d8565c1:event_160_parent_turn_82 skipping — predecessor failed
2026-09-03 07:13:55,398 - inference_perf.datagen.replay.replay_graph_session_datagen - INFO - Event wekatrace5_09a5d415a7157ed48a5a6fa2711f2d8565c1:event_161_parent_turn_83 skipping — predecessor failed
2026-09-03 07:13:55,398 - inference_perf.datagen.replay.replay_graph_session_datagen - INFO - Event wekatrace5_09a5d415a7157ed48a5a6fa2711f2d8565c1:event_162_parent_turn_84 skipping — predecessor failed
2026-09-03 07:13:55,398 - inference_perf.datagen.replay.replay_graph_session_datagen - INFO - Event wekatrace5_09a5d415a7157ed48a5a6fa2711f2d8565c1:event_163_parent_turn_85 skipping — predecessor failed
2026-09-03 07:13:55,398 - inference_perf.datagen.replay.replay_graph_session_datagen - INFO - Event wekatrace5_09a5d415a7157ed48a5a6fa2711f2d8565c1:event_164_parent_turn_86 skipping — predecessor failed
2026-09-03 07:13:55,398 - inference_perf.datagen.replay.replay_graph_session_datagen - INFO - Event wekatrace5_09a5d415a7157ed48a5a6fa2711f2d8565c1:event_165_parent_turn_87 skipping — predecessor failed
2026-09-03 07:13:55,398 - inference_perf.datagen.replay.replay_graph_session_datagen - INFO - Event wekatrace5_09a5d415a7157ed48a5a6fa2711f2d8565c1:event_166_parent_turn_88 skipping — predecessor failed
2026-09-03 07:13:55,398 - inference_perf.datagen.replay.replay_graph_session_datagen - INFO - Event wekatrace5_09a5d415a7157ed48a5a6fa2711f2d8565c1:event_167_parent_turn_89 skipping — predecessor failed
2026-09-03 07:13:55,399 - inference_perf.datagen.replay.replay_graph_session_datagen - INFO - Event wekatrace5_09a5d415a7157ed48a5a6fa2711f2d8565c1:event_168_parent_turn_90 skipping — predecessor failed
2026-09-03 07:13:55,399 - inference_perf.datagen.replay.replay_graph_session_datagen - INFO - Event wekatrace5_09a5d415a7157ed48a5a6fa2711f2d8565c1:event_169_parent_turn_91 skipping — predecessor failed
2026-09-03 07:13:55,399 - inference_perf.datagen.replay.replay_graph_session_datagen - INFO - Event wekatrace5_09a5d415a7157ed48a5a6fa2711f2d8565c1:event_170_parent_turn_92 skipping — predecessor failed
2026-09-03 07:13:55,399 - inference_perf.datagen.replay.replay_graph_session_datagen - INFO - Event wekatrace5_09a5d415a7157ed48a5a6fa2711f2d8565c1:event_171_parent_turn_93 skipping — predecessor failed
2026-09-03 07:13:55,399 - inference_perf.datagen.replay.replay_graph_session_datagen - INFO - Event wekatrace5_09a5d415a7157ed48a5a6fa2711f2d8565c1:event_172_parent_turn_94 skipping — predecessor failed
2026-09-03 07:13:55,399 - inference_perf.datagen.replay.replay_graph_session_datagen - INFO - Event wekatrace5_09a5d415a7157ed48a5a6fa2711f2d8565c1:event_173_parent_turn_95 skipping — predecessor failed
2026-09-03 07:13:55,399 - inference_perf.datagen.replay.replay_graph_session_datagen - INFO - Event wekatrace5_09a5d415a7157ed48a5a6fa2711f2d8565c1:event_174_parent_turn_96 skipping — predecessor failed
2026-09-03 07:13:55,399 - inference_perf.datagen.replay.replay_graph_session_datagen - INFO - Event wekatrace5_09a5d415a7157ed48a5a6fa2711f2d8565c1:event_175_parent_turn_97 skipping — predecessor failed
2026-09-03 07:13:55,400 - inference_perf.datagen.replay.replay_graph_session_datagen - INFO - Event wekatrace5_09a5d415a7157ed48a5a6fa2711f2d8565c1:event_176_parent_turn_98 skipping — predecessor failed
2026-09-03 07:13:55,400 - inference_perf.datagen.replay.replay_graph_session_datagen - INFO - Event wekatrace5_09a5d415a7157ed48a5a6fa2711f2d8565c1:event_177_parent_turn_99 skipping — predecessor failed
2026-09-03 07:13:55,400 - inference_perf.datagen.replay.replay_graph_session_datagen - INFO - Event wekatrace5_09a5d415a7157ed48a5a6fa2711f2d8565c1:event_178_parent_turn_100 skipping — predecessor failed
2026-09-03 07:13:55,400 - inference_perf.datagen.replay.replay_graph_session_datagen - INFO - Event wekatrace5_09a5d415a7157ed48a5a6fa2711f2d8565c1:event_179_parent_turn_101 skipping — predecessor failed
2026-09-03 07:13:55,400 - inference_perf.datagen.replay.replay_graph_session_datagen - INFO - Event wekatrace5_09a5d415a7157ed48a5a6fa2711f2d8565c1:event_180_parent_turn_102 skipping — predecessor failed
2026-09-03 07:13:55,400 - inference_perf.datagen.replay.replay_graph_session_datagen - INFO - Event wekatrace5_09a5d415a7157ed48a5a6fa2711f2d8565c1:event_181_parent_turn_103 skipping — predecessor failed
2026-09-03 07:13:55,400 - inference_perf.datagen.replay.replay_graph_session_datagen - INFO - Event wekatrace5_09a5d415a7157ed48a5a6fa2711f2d8565c1:event_182_parent_turn_104 skipping — predecessor failed
2026-09-03 07:13:55,401 - inference_perf.datagen.replay.replay_graph_session_datagen - INFO - Event wekatrace5_09a5d415a7157ed48a5a6fa2711f2d8565c1:event_183_parent_turn_105 skipping — predecessor failed
2026-09-03 07:13:55,401 - inference_perf.datagen.replay.replay_graph_session_datagen - INFO - Event wekatrace5_09a5d415a7157ed48a5a6fa2711f2d8565c1:event_184_parent_turn_106 skipping — predecessor failed
2026-09-03 07:13:55,401 - inference_perf.datagen.replay.replay_graph_session_datagen - INFO - Event wekatrace5_09a5d415a7157ed48a5a6fa2711f2d8565c1:event_185_parent_turn_107 skipping — predecessor failed
2026-09-03 07:13:55,401 - inference_perf.datagen.replay.replay_graph_session_datagen - INFO - Event wekatrace5_09a5d415a7157ed48a5a6fa2711f2d8565c1:event_186_parent_turn_108 skipping — predecessor failed
2026-09-03 07:13:55,401 - inference_perf.datagen.replay.replay_graph_session_datagen - INFO - Event wekatrace5_09a5d415a7157ed48a5a6fa2711f2d8565c1:event_187_parent_turn_109 skipping — predecessor failed
2026-09-03 07:13:55,401 - inference_perf.datagen.replay.replay_graph_session_datagen - INFO - Event wekatrace5_09a5d415a7157ed48a5a6fa2711f2d8565c1:event_188_parent_turn_110 skipping — predecessor failed
2026-09-03 07:13:55,401 - inference_perf.datagen.replay.replay_graph_session_datagen - INFO - Event wekatrace5_09a5d415a7157ed48a5a6fa2711f2d8565c1:event_189_parent_turn_111 skipping — predecessor failed
2026-09-03 07:13:55,402 - inference_perf.datagen.replay.replay_graph_session_datagen - INFO - Event wekatrace5_09a5d415a7157ed48a5a6fa2711f2d8565c1:event_190_parent_turn_112 skipping — predecessor failed
2026-09-03 07:13:55,402 - inference_perf.datagen.replay.replay_graph_session_datagen - INFO - Event wekatrace5_09a5d415a7157ed48a5a6fa2711f2d8565c1:event_191_parent_turn_113 skipping — predecessor failed
2026-09-03 07:13:55,402 - inference_perf.datagen.replay.replay_graph_session_datagen - INFO - Event wekatrace5_09a5d415a7157ed48a5a6fa2711f2d8565c1:event_192_parent_turn_114 skipping — predecessor failed
2026-09-03 07:13:55,402 - inference_perf.datagen.replay.replay_graph_session_datagen - INFO - Event wekatrace5_09a5d415a7157ed48a5a6fa2711f2d8565c1:event_193_parent_turn_115 skipping — predecessor failed
2026-09-03 07:13:55,403 - inference_perf.datagen.replay.replay_graph_session_datagen - INFO - Event wekatrace5_09a5d415a7157ed48a5a6fa2711f2d8565c1:event_194_parent_turn_116 skipping — predecessor failed
2026-09-03 07:13:55,403 - inference_perf.datagen.replay.replay_graph_session_datagen - INFO - Event wekatrace5_09a5d415a7157ed48a5a6fa2711f2d8565c1:event_195_parent_turn_117 skipping — predecessor failed
2026-09-03 07:13:55,403 - inference_perf.datagen.replay.replay_graph_session_datagen - INFO - Event wekatrace5_09a5d415a7157ed48a5a6fa2711f2d8565c1:event_196_parent_turn_118 skipping — predecessor failed
2026-09-03 07:13:55,403 - inference_perf.datagen.replay.replay_graph_session_datagen - INFO - Event wekatrace5_09a5d415a7157ed48a5a6fa2711f2d8565c1:event_197_parent_turn_119 skipping — predecessor failed
2026-09-03 07:13:55,403 - inference_perf.datagen.replay.replay_graph_session_datagen - INFO - Event wekatrace5_09a5d415a7157ed48a5a6fa2711f2d8565c1:event_198_parent_turn_120 skipping — predecessor failed
2026-09-03 07:13:55,404 - inference_perf.datagen.replay.replay_graph_session_datagen - INFO - Event wekatrace5_09a5d415a7157ed48a5a6fa2711f2d8565c1:event_199_parent_turn_121 skipping — predecessor failed
2026-09-03 07:13:55,404 - inference_perf.datagen.replay.replay_graph_session_datagen - INFO - Event wekatrace5_09a5d415a7157ed48a5a6fa2711f2d8565c1:event_200_parent_turn_122 skipping — predecessor failed
2026-09-03 07:13:55,404 - inference_perf.datagen.replay.replay_graph_session_datagen - INFO - Event wekatrace5_09a5d415a7157ed48a5a6fa2711f2d8565c1:event_201_parent_turn_123 skipping — predecessor failed
2026-09-03 07:13:55,405 - inference_perf.datagen.replay.replay_graph_session_datagen - INFO - Event wekatrace5_09a5d415a7157ed48a5a6fa2711f2d8565c1:event_202_parent_turn_124 skipping — predecessor failed
2026-09-03 07:13:55,405 - inference_perf.datagen.replay.replay_graph_session_datagen - INFO - Event wekatrace5_09a5d415a7157ed48a5a6fa2711f2d8565c1:event_203_parent_turn_125 skipping — predecessor failed
2026-09-03 07:13:55,405 - inference_perf.datagen.replay.replay_graph_session_datagen - INFO - Event wekatrace5_09a5d415a7157ed48a5a6fa2711f2d8565c1:event_204_parent_turn_126 skipping — predecessor failed
2026-09-03 07:13:55,405 - inference_perf.datagen.replay.replay_graph_session_datagen - INFO - Event wekatrace5_09a5d415a7157ed48a5a6fa2711f2d8565c1:event_205_parent_turn_127 skipping — predecessor failed
2026-09-03 07:13:55,406 - inference_perf.datagen.replay.replay_graph_session_datagen - INFO - Event wekatrace5_09a5d415a7157ed48a5a6fa2711f2d8565c1:event_206_parent_turn_128 skipping — predecessor failed
2026-09-03 07:13:55,406 - inference_perf.datagen.replay.replay_graph_session_datagen - INFO - Event wekatrace5_09a5d415a7157ed48a5a6fa2711f2d8565c1:event_207_parent_turn_129 skipping — predecessor failed
2026-09-03 07:13:55,410 - inference_perf.datagen.replay.replay_graph_session_datagen - INFO - Event wekatrace5_09a5d415a7157ed48a5a6fa2711f2d8565c1:event_208_parent_turn_130 skipping — predecessor failed
2026-09-03 07:13:55,411 - inference_perf.datagen.replay.replay_graph_session_datagen - INFO - Event wekatrace5_09a5d415a7157ed48a5a6fa2711f2d8565c1:event_209_parent_turn_131 skipping — predecessor failed
2026-09-03 07:13:55,411 - inference_perf.datagen.replay.replay_graph_session_datagen - INFO - Event wekatrace5_09a5d415a7157ed48a5a6fa2711f2d8565c1:event_210_parent_turn_132 skipping — predecessor failed
2026-09-03 07:13:55,411 - inference_perf.datagen.replay.replay_graph_session_datagen - INFO - Event wekatrace5_09a5d415a7157ed48a5a6fa2711f2d8565c1:event_211_parent_turn_133 skipping — predecessor failed
2026-09-03 07:13:55,412 - inference_perf.datagen.replay.replay_graph_session_datagen - INFO - Event wekatrace5_09a5d415a7157ed48a5a6fa2711f2d8565c1:event_212_parent_turn_134 skipping — predecessor failed
2026-09-03 07:13:55,412 - inference_perf.datagen.replay.replay_graph_session_datagen - INFO - Event wekatrace5_09a5d415a7157ed48a5a6fa2711f2d8565c1:event_213_parent_turn_135 skipping — predecessor failed
2026-09-03 07:13:55,412 - inference_perf.datagen.replay.replay_graph_session_datagen - INFO - Event wekatrace5_09a5d415a7157ed48a5a6fa2711f2d8565c1:event_214_parent_turn_136 skipping — predecessor failed
2026-09-03 07:13:55,412 - inference_perf.datagen.replay.replay_graph_session_datagen - INFO - Event wekatrace5_09a5d415a7157ed48a5a6fa2711f2d8565c1:event_215_parent_turn_137 skipping — predecessor failed
2026-09-03 07:13:55,413 - inference_perf.datagen.replay.replay_graph_session_datagen - INFO - Event wekatrace5_09a5d415a7157ed48a5a6fa2711f2d8565c1:event_216_parent_turn_138 skipping — predecessor failed
2026-09-03 07:13:55,413 - inference_perf.datagen.replay.replay_graph_session_datagen - INFO - Event wekatrace5_09a5d415a7157ed48a5a6fa2711f2d8565c1:event_217_parent_turn_139 skipping — predecessor failed
2026-09-03 07:13:55,413 - inference_perf.datagen.replay.replay_graph_session_datagen - INFO - Event wekatrace5_09a5d415a7157ed48a5a6fa2711f2d8565c1:event_218_parent_turn_140 skipping — predecessor failed
2026-09-03 07:13:55,413 - inference_perf.datagen.replay.replay_graph_session_datagen - INFO - Event wekatrace5_09a5d415a7157ed48a5a6fa2711f2d8565c1:event_219_parent_turn_141 skipping — predecessor failed
2026-09-03 07:13:55,414 - inference_perf.datagen.replay.replay_graph_session_datagen - INFO - Event wekatrace5_09a5d415a7157ed48a5a6fa2711f2d8565c1:event_220_parent_turn_142 skipping — predecessor failed
2026-09-03 07:13:55,414 - inference_perf.datagen.replay.replay_graph_session_datagen - INFO - Event wekatrace5_09a5d415a7157ed48a5a6fa2711f2d8565c1:event_221_parent_turn_143 skipping — predecessor failed
2026-09-03 07:13:55,414 - inference_perf.datagen.replay.replay_graph_session_datagen - INFO - Event wekatrace5_09a5d415a7157ed48a5a6fa2711f2d8565c1:event_222_parent_turn_144 skipping — predecessor failed
2026-09-03 07:13:55,414 - inference_perf.datagen.replay.replay_graph_session_datagen - INFO - Event wekatrace5_09a5d415a7157ed48a5a6fa2711f2d8565c1:event_223_parent_turn_145 skipping — predecessor failed
2026-09-03 07:13:55,415 - inference_perf.datagen.replay.replay_graph_session_datagen - INFO - Event wekatrace5_09a5d415a7157ed48a5a6fa2711f2d8565c1:event_224_parent_turn_146 skipping — predecessor failed
2026-09-03 07:13:55,415 - inference_perf.datagen.replay.replay_graph_session_datagen - INFO - Event wekatrace5_09a5d415a7157ed48a5a6fa2711f2d8565c1:event_225_parent_turn_147 skipping — predecessor failed
2026-09-03 07:13:55,415 - inference_perf.datagen.replay.replay_graph_session_datagen - INFO - Event wekatrace5_09a5d415a7157ed48a5a6fa2711f2d8565c1:event_226_parent_turn_148 skipping — predecessor failed
2026-09-03 07:13:55,415 - inference_perf.datagen.replay.replay_graph_session_datagen - INFO - Event wekatrace5_09a5d415a7157ed48a5a6fa2711f2d8565c1:event_227_parent_turn_149 skipping — predecessor failed
2026-09-03 07:13:55,416 - inference_perf.datagen.replay.replay_graph_session_datagen - INFO - Event wekatrace5_09a5d415a7157ed48a5a6fa2711f2d8565c1:event_228_parent_turn_150 skipping — predecessor failed
2026-09-03 07:13:55,416 - inference_perf.datagen.replay.replay_graph_session_datagen - INFO - Event wekatrace5_09a5d415a7157ed48a5a6fa2711f2d8565c1:event_229_parent_turn_151 skipping — predecessor failed
2026-09-03 07:13:55,417 - inference_perf.datagen.replay.replay_graph_session_datagen - INFO - Event wekatrace5_09a5d415a7157ed48a5a6fa2711f2d8565c1:event_230_parent_turn_152 skipping — predecessor failed
2026-09-03 07:13:55,417 - inference_perf.datagen.replay.replay_graph_session_datagen - INFO - Event wekatrace5_09a5d415a7157ed48a5a6fa2711f2d8565c1:event_231_parent_turn_153 skipping — predecessor failed
2026-09-03 07:13:55,417 - inference_perf.datagen.replay.replay_graph_session_datagen - INFO - Event wekatrace5_09a5d415a7157ed48a5a6fa2711f2d8565c1:event_232_parent_turn_154 skipping — predecessor failed
2026-09-03 07:13:55,417 - inference_perf.datagen.replay.replay_graph_session_datagen - INFO - Event wekatrace5_09a5d415a7157ed48a5a6fa2711f2d8565c1:event_233_parent_turn_155 skipping — predecessor failed
2026-09-03 07:13:55,418 - inference_perf.datagen.replay.replay_graph_session_datagen - INFO - Event wekatrace5_09a5d415a7157ed48a5a6fa2711f2d8565c1:event_234_parent_turn_156 skipping — predecessor failed
2026-09-03 07:13:55,418 - inference_perf.datagen.replay.replay_graph_session_datagen - INFO - Event wekatrace5_09a5d415a7157ed48a5a6fa2711f2d8565c1:event_235_parent_turn_157 skipping — predecessor failed
2026-09-03 07:13:55,418 - inference_perf.datagen.replay.replay_graph_session_datagen - INFO - Event wekatrace5_09a5d415a7157ed48a5a6fa2711f2d8565c1:event_236_parent_turn_158 skipping — predecessor failed
2026-09-03 07:13:55,419 - inference_perf.datagen.replay.replay_graph_session_datagen - INFO - Event wekatrace5_09a5d415a7157ed48a5a6fa2711f2d8565c1:event_237_parent_turn_159 skipping — predecessor failed
2026-09-03 07:13:55,419 - inference_perf.datagen.replay.replay_graph_session_datagen - INFO - Event wekatrace5_09a5d415a7157ed48a5a6fa2711f2d8565c1:event_238_parent_turn_160 skipping — predecessor failed
2026-09-03 07:13:55,419 - inference_perf.datagen.replay.replay_graph_session_datagen - INFO - Event wekatrace5_09a5d415a7157ed48a5a6fa2711f2d8565c1:event_239_parent_turn_161 skipping — predecessor failed
2026-09-03 07:13:55,419 - inference_perf.datagen.replay.replay_graph_session_datagen - INFO - Event wekatrace5_09a5d415a7157ed48a5a6fa2711f2d8565c1:event_240_parent_turn_162 skipping — predecessor failed
2026-09-03 07:13:55,420 - inference_perf.datagen.replay.replay_graph_session_datagen - INFO - Event wekatrace5_09a5d415a7157ed48a5a6fa2711f2d8565c1:event_241_parent_turn_163 skipping — predecessor failed
2026-09-03 07:13:55,420 - inference_perf.datagen.replay.replay_graph_session_datagen - INFO - Event wekatrace5_09a5d415a7157ed48a5a6fa2711f2d8565c1:event_242_parent_turn_164 skipping — predecessor failed
2026-09-03 07:19:58,787 - inference_perf.datagen.replay.replay_graph_session_datagen - INFO - Event wekatrace9_0d75185d4e958ad360c16451eaa95d508edf:event_118_parent_turn_118 skipping — predecessor wait failed: TimeoutError
2026-09-03 07:19:58,788 - inference_perf.datagen.replay.replay_graph_session_datagen - INFO - Event wekatrace9_0d75185d4e958ad360c16451eaa95d508edf:event_119_parent_turn_119 skipping — predecessor failed
2026-09-03 07:19:58,789 - inference_perf.datagen.replay.replay_graph_session_datagen - INFO - Event wekatrace9_0d75185d4e958ad360c16451eaa95d508edf:event_120_parent_turn_120 skipping — predecessor failed
2026-09-03 07:19:58,789 - inference_perf.datagen.replay.replay_graph_session_datagen - INFO - Event wekatrace9_0d75185d4e958ad360c16451eaa95d508edf:event_121_parent_turn_121 skipping — predecessor failed
2026-09-03 07:19:58,789 - inference_perf.loadgen.load_generator - INFO - All 16 sessions completed
2026-09-03 07:19:58,790 - inference_perf.datagen.replay.replay_graph_session_datagen - INFO - Event wekatrace9_0d75185d4e958ad360c16451eaa95d508edf:event_122_parent_turn_122 skipping — predecessor failed
2026-09-03 07:19:58,791 - inference_perf.datagen.replay.replay_graph_session_datagen - INFO - Event wekatrace9_0d75185d4e958ad360c16451eaa95d508edf:event_123_parent_turn_123 skipping — predecessor failed
2026-09-03 07:19:58,791 - inference_perf.datagen.replay.replay_graph_session_datagen - INFO - Event wekatrace9_0d75185d4e958ad360c16451eaa95d508edf:event_124_parent_turn_124 skipping — predecessor failed
2026-09-03 07:19:58,791 - inference_perf.datagen.replay.replay_graph_session_datagen - INFO - Event wekatrace9_0d75185d4e958ad360c16451eaa95d508edf:event_125_parent_turn_125 skipping — predecessor failed
2026-09-03 07:19:58,792 - inference_perf.datagen.replay.replay_graph_session_datagen - INFO - Event wekatrace9_0d75185d4e958ad360c16451eaa95d508edf:event_126_parent_turn_126 skipping — predecessor failed
2026-09-03 07:19:58,792 - inference_perf.datagen.replay.replay_graph_session_datagen - INFO - Event wekatrace9_0d75185d4e958ad360c16451eaa95d508edf:event_127_parent_turn_127 skipping — predecessor failed
2026-09-03 07:19:58,792 - inference_perf.datagen.replay.replay_graph_session_datagen - INFO - Event wekatrace9_0d75185d4e958ad360c16451eaa95d508edf:event_128_parent_turn_128 skipping — predecessor failed
2026-09-03 07:19:58,792 - inference_perf.datagen.replay.replay_graph_session_datagen - INFO - Event wekatrace9_0d75185d4e958ad360c16451eaa95d508edf:event_129_parent_turn_129 skipping — predecessor failed
2026-09-03 07:19:58,793 - inference_perf.datagen.replay.replay_graph_session_datagen - INFO - Event wekatrace9_0d75185d4e958ad360c16451eaa95d508edf:event_130_parent_turn_130 skipping — predecessor failed
2026-09-03 07:19:58,793 - inference_perf.datagen.replay.replay_graph_session_datagen - INFO - Event wekatrace9_0d75185d4e958ad360c16451eaa95d508edf:event_131_parent_turn_131 skipping — predecessor failed
2026-09-03 07:19:58,793 - inference_perf.datagen.replay.replay_graph_session_datagen - INFO - Event wekatrace9_0d75185d4e958ad360c16451eaa95d508edf:event_132_parent_turn_132 skipping — predecessor failed
2026-09-03 07:19:58,793 - inference_perf.datagen.replay.replay_graph_session_datagen - INFO - Event wekatrace9_0d75185d4e958ad360c16451eaa95d508edf:event_133_parent_turn_133 skipping — predecessor failed
2026-09-03 07:19:58,794 - inference_perf.datagen.replay.replay_graph_session_datagen - INFO - Event wekatrace9_0d75185d4e958ad360c16451eaa95d508edf:event_134_parent_turn_134 skipping — predecessor failed
2026-09-03 07:19:58,794 - inference_perf.datagen.replay.replay_graph_session_datagen - INFO - Event wekatrace9_0d75185d4e958ad360c16451eaa95d508edf:event_135_parent_turn_135 skipping — predecessor failed
2026-09-03 07:19:58,794 - inference_perf.datagen.replay.replay_graph_session_datagen - INFO - Event wekatrace9_0d75185d4e958ad360c16451eaa95d508edf:event_136_parent_turn_136 skipping — predecessor failed
2026-09-03 07:19:58,795 - inference_perf.datagen.replay.replay_graph_session_datagen - INFO - Event wekatrace9_0d75185d4e958ad360c16451eaa95d508edf:event_137_parent_turn_137 skipping — predecessor failed
2026-09-03 07:19:58,795 - inference_perf.datagen.replay.replay_graph_session_datagen - INFO - Event wekatrace9_0d75185d4e958ad360c16451eaa95d508edf:event_138_parent_turn_138 skipping — predecessor failed
2026-09-03 07:19:58,795 - inference_perf.datagen.replay.replay_graph_session_datagen - INFO - Event wekatrace9_0d75185d4e958ad360c16451eaa95d508edf:event_139_parent_turn_139 skipping — predecessor failed
2026-09-03 07:19:58,795 - inference_perf.datagen.replay.replay_graph_session_datagen - INFO - Event wekatrace9_0d75185d4e958ad360c16451eaa95d508edf:event_140_parent_turn_140 skipping — predecessor failed
2026-09-03 07:19:58,795 - inference_perf.datagen.replay.replay_graph_session_datagen - INFO - Event wekatrace9_0d75185d4e958ad360c16451eaa95d508edf:event_141_parent_turn_141 skipping — predecessor failed
2026-09-03 07:19:58,796 - inference_perf.datagen.replay.replay_graph_session_datagen - INFO - Event wekatrace9_0d75185d4e958ad360c16451eaa95d508edf:event_142_parent_turn_142 skipping — predecessor failed
2026-09-03 07:19:58,796 - inference_perf.datagen.replay.replay_graph_session_datagen - INFO - Event wekatrace9_0d75185d4e958ad360c16451eaa95d508edf:event_143_parent_turn_143 skipping — predecessor failed
2026-09-03 07:19:58,798 - inference_perf.datagen.replay.replay_graph_session_datagen - INFO - Event wekatrace9_0d75185d4e958ad360c16451eaa95d508edf:event_144_parent_turn_144 skipping — predecessor failed
2026-09-03 07:19:58,798 - inference_perf.datagen.replay.replay_graph_session_datagen - INFO - Event wekatrace9_0d75185d4e958ad360c16451eaa95d508edf:event_145_parent_turn_145 skipping — predecessor failed
2026-09-03 07:19:58,798 - inference_perf.datagen.replay.replay_graph_session_datagen - INFO - Event wekatrace9_0d75185d4e958ad360c16451eaa95d508edf:event_146_parent_turn_146 skipping — predecessor failed
2026-09-03 07:19:58,798 - inference_perf.datagen.replay.replay_graph_session_datagen - INFO - Event wekatrace9_0d75185d4e958ad360c16451eaa95d508edf:event_147_parent_turn_147 skipping — predecessor failed
2026-09-03 07:19:58,799 - inference_perf.datagen.replay.replay_graph_session_datagen - INFO - Event wekatrace9_0d75185d4e958ad360c16451eaa95d508edf:event_148_parent_turn_148 skipping — predecessor failed
2026-09-03 07:19:58,799 - inference_perf.datagen.replay.replay_graph_session_datagen - INFO - Event wekatrace9_0d75185d4e958ad360c16451eaa95d508edf:event_149_parent_turn_149 skipping — predecessor failed
2026-09-03 07:19:58,799 - inference_perf.datagen.replay.replay_graph_session_datagen - INFO - Event wekatrace9_0d75185d4e958ad360c16451eaa95d508edf:event_150_parent_turn_150 skipping — predecessor failed
2026-09-03 07:19:58,799 - inference_perf.datagen.replay.replay_graph_session_datagen - INFO - Event wekatrace9_0d75185d4e958ad360c16451eaa95d508edf:event_151_parent_turn_151 skipping — predecessor failed
2026-09-03 07:19:58,800 - inference_perf.datagen.replay.replay_graph_session_datagen - INFO - Event wekatrace9_0d75185d4e958ad360c16451eaa95d508edf:event_152_sa_subagent_001_a0cde3b2_s0_turn_0 skipping — predecessor failed
2026-09-03 07:19:58,800 - inference_perf.datagen.replay.replay_graph_session_datagen - INFO - Event wekatrace9_0d75185d4e958ad360c16451eaa95d508edf:event_178_parent_turn_152 skipping — predecessor failed
2026-09-03 07:19:58,800 - inference_perf.datagen.replay.replay_graph_session_datagen - INFO - Event wekatrace9_0d75185d4e958ad360c16451eaa95d508edf:event_153_sa_subagent_001_a0cde3b2_s0_turn_1 skipping — predecessor failed
2026-09-03 07:19:58,800 - inference_perf.datagen.replay.replay_graph_session_datagen - INFO - Event wekatrace9_0d75185d4e958ad360c16451eaa95d508edf:event_179_parent_turn_153 skipping — predecessor failed
2026-09-03 07:19:58,801 - inference_perf.datagen.replay.replay_graph_session_datagen - INFO - Event wekatrace9_0d75185d4e958ad360c16451eaa95d508edf:event_154_sa_subagent_001_a0cde3b2_s0_turn_2 skipping — predecessor failed
2026-09-03 07:19:58,801 - inference_perf.datagen.replay.replay_graph_session_datagen - INFO - Event wekatrace9_0d75185d4e958ad360c16451eaa95d508edf:event_180_parent_turn_154 skipping — predecessor failed
2026-09-03 07:19:58,801 - inference_perf.datagen.replay.replay_graph_session_datagen - INFO - Event wekatrace9_0d75185d4e958ad360c16451eaa95d508edf:event_155_sa_subagent_001_a0cde3b2_s0_turn_3 skipping — predecessor failed
2026-09-03 07:19:58,801 - inference_perf.datagen.replay.replay_graph_session_datagen - INFO - Event wekatrace9_0d75185d4e958ad360c16451eaa95d508edf:event_181_parent_turn_155 skipping — predecessor failed
2026-09-03 07:19:58,802 - inference_perf.datagen.replay.replay_graph_session_datagen - INFO - Event wekatrace9_0d75185d4e958ad360c16451eaa95d508edf:event_156_sa_subagent_001_a0cde3b2_s0_turn_4 skipping — predecessor failed
2026-09-03 07:19:58,802 - inference_perf.datagen.replay.replay_graph_session_datagen - INFO - Event wekatrace9_0d75185d4e958ad360c16451eaa95d508edf:event_182_parent_turn_156 skipping — predecessor failed
2026-09-03 07:19:58,802 - inference_perf.datagen.replay.replay_graph_session_datagen - INFO - Event wekatrace9_0d75185d4e958ad360c16451eaa95d508edf:event_157_sa_subagent_001_a0cde3b2_s0_turn_5 skipping — predecessor failed
2026-09-03 07:19:58,802 - inference_perf.datagen.replay.replay_graph_session_datagen - INFO - Event wekatrace9_0d75185d4e958ad360c16451eaa95d508edf:event_183_parent_turn_157 skipping — predecessor failed
2026-09-03 07:19:58,802 - inference_perf.datagen.replay.replay_graph_session_datagen - INFO - Event wekatrace9_0d75185d4e958ad360c16451eaa95d508edf:event_158_sa_subagent_001_a0cde3b2_s0_turn_6 skipping — predecessor failed
2026-09-03 07:19:58,803 - inference_perf.datagen.replay.replay_graph_session_datagen - INFO - Event wekatrace9_0d75185d4e958ad360c16451eaa95d508edf:event_184_parent_turn_158 skipping — predecessor failed
2026-09-03 07:19:58,803 - inference_perf.datagen.replay.replay_graph_session_datagen - INFO - Event wekatrace9_0d75185d4e958ad360c16451eaa95d508edf:event_159_sa_subagent_001_a0cde3b2_s0_turn_7 skipping — predecessor failed
2026-09-03 07:19:58,803 - inference_perf.datagen.replay.replay_graph_session_datagen - INFO - Event wekatrace9_0d75185d4e958ad360c16451eaa95d508edf:event_185_parent_turn_159 skipping — predecessor failed
2026-09-03 07:19:58,803 - inference_perf.datagen.replay.replay_graph_session_datagen - INFO - Event wekatrace9_0d75185d4e958ad360c16451eaa95d508edf:event_160_sa_subagent_001_a0cde3b2_s0_turn_8 skipping — predecessor failed
2026-09-03 07:19:58,804 - inference_perf.datagen.replay.replay_graph_session_datagen - INFO - Event wekatrace9_0d75185d4e958ad360c16451eaa95d508edf:event_186_parent_turn_160 skipping — predecessor failed
2026-09-03 07:19:58,805 - inference_perf.datagen.replay.replay_graph_session_datagen - INFO - Event wekatrace9_0d75185d4e958ad360c16451eaa95d508edf:event_161_sa_subagent_001_a0cde3b2_s0_turn_9 skipping — predecessor failed
2026-09-03 07:19:58,805 - inference_perf.datagen.replay.replay_graph_session_datagen - INFO - Event wekatrace9_0d75185d4e958ad360c16451eaa95d508edf:event_187_parent_turn_161 skipping — predecessor failed
2026-09-03 07:19:58,806 - inference_perf.datagen.replay.replay_graph_session_datagen - INFO - Event wekatrace9_0d75185d4e958ad360c16451eaa95d508edf:event_162_sa_subagent_001_a0cde3b2_s0_turn_10 skipping — predecessor failed
2026-09-03 07:19:58,806 - inference_perf.datagen.replay.replay_graph_session_datagen - INFO - Event wekatrace9_0d75185d4e958ad360c16451eaa95d508edf:event_188_parent_turn_162 skipping — predecessor failed
2026-09-03 07:19:58,806 - inference_perf.datagen.replay.replay_graph_session_datagen - INFO - Event wekatrace9_0d75185d4e958ad360c16451eaa95d508edf:event_163_sa_subagent_001_a0cde3b2_s0_turn_11 skipping — predecessor failed
2026-09-03 07:19:58,806 - inference_perf.datagen.replay.replay_graph_session_datagen - INFO - Event wekatrace9_0d75185d4e958ad360c16451eaa95d508edf:event_189_parent_turn_163 skipping — predecessor failed
2026-09-03 07:19:58,807 - inference_perf.datagen.replay.replay_graph_session_datagen - INFO - Event wekatrace9_0d75185d4e958ad360c16451eaa95d508edf:event_164_sa_subagent_001_a0cde3b2_s0_turn_12 skipping — predecessor failed
2026-09-03 07:19:58,807 - inference_perf.datagen.replay.replay_graph_session_datagen - INFO - Event wekatrace9_0d75185d4e958ad360c16451eaa95d508edf:event_190_parent_turn_164 skipping — predecessor failed
2026-09-03 07:19:58,807 - inference_perf.datagen.replay.replay_graph_session_datagen - INFO - Event wekatrace9_0d75185d4e958ad360c16451eaa95d508edf:event_165_sa_subagent_001_a0cde3b2_s0_turn_13 skipping — predecessor failed
2026-09-03 07:19:58,807 - inference_perf.datagen.replay.replay_graph_session_datagen - INFO - Event wekatrace9_0d75185d4e958ad360c16451eaa95d508edf:event_191_parent_turn_165 skipping — predecessor failed
2026-09-03 07:19:58,807 - inference_perf.datagen.replay.replay_graph_session_datagen - INFO - Event wekatrace9_0d75185d4e958ad360c16451eaa95d508edf:event_166_sa_subagent_001_a0cde3b2_s0_turn_14 skipping — predecessor failed
2026-09-03 07:19:58,808 - inference_perf.datagen.replay.replay_graph_session_datagen - INFO - Event wekatrace9_0d75185d4e958ad360c16451eaa95d508edf:event_192_parent_turn_166 skipping — predecessor failed
2026-09-03 07:19:58,808 - inference_perf.datagen.replay.replay_graph_session_datagen - INFO - Event wekatrace9_0d75185d4e958ad360c16451eaa95d508edf:event_167_sa_subagent_001_a0cde3b2_s0_turn_15 skipping — predecessor failed
2026-09-03 07:19:58,808 - inference_perf.datagen.replay.replay_graph_session_datagen - INFO - Event wekatrace9_0d75185d4e958ad360c16451eaa95d508edf:event_193_parent_turn_167 skipping — predecessor failed
2026-09-03 07:19:58,808 - inference_perf.datagen.replay.replay_graph_session_datagen - INFO - Event wekatrace9_0d75185d4e958ad360c16451eaa95d508edf:event_168_sa_subagent_001_a0cde3b2_s0_turn_16 skipping — predecessor failed
2026-09-03 07:19:58,809 - inference_perf.datagen.replay.replay_graph_session_datagen - INFO - Event wekatrace9_0d75185d4e958ad360c16451eaa95d508edf:event_194_parent_turn_168 skipping — predecessor failed
2026-09-03 07:19:58,809 - inference_perf.datagen.replay.replay_graph_session_datagen - INFO - Event wekatrace9_0d75185d4e958ad360c16451eaa95d508edf:event_169_sa_subagent_001_a0cde3b2_s0_turn_17 skipping — predecessor failed
2026-09-03 07:19:58,809 - inference_perf.datagen.replay.replay_graph_session_datagen - INFO - Event wekatrace9_0d75185d4e958ad360c16451eaa95d508edf:event_195_parent_turn_169 skipping — predecessor failed
2026-09-03 07:19:58,810 - inference_perf.datagen.replay.replay_graph_session_datagen - INFO - Event wekatrace9_0d75185d4e958ad360c16451eaa95d508edf:event_170_sa_subagent_001_a0cde3b2_s0_turn_18 skipping — predecessor failed
2026-09-03 07:19:58,810 - inference_perf.datagen.replay.replay_graph_session_datagen - INFO - Event wekatrace9_0d75185d4e958ad360c16451eaa95d508edf:event_196_parent_turn_170 skipping — predecessor failed
2026-09-03 07:19:58,810 - inference_perf.datagen.replay.replay_graph_session_datagen - INFO - Event wekatrace9_0d75185d4e958ad360c16451eaa95d508edf:event_171_sa_subagent_001_a0cde3b2_s0_turn_19 skipping — predecessor failed
2026-09-03 07:19:58,810 - inference_perf.datagen.replay.replay_graph_session_datagen - INFO - Event wekatrace9_0d75185d4e958ad360c16451eaa95d508edf:event_197_parent_turn_171 skipping — predecessor failed
2026-09-03 07:19:58,811 - inference_perf.datagen.replay.replay_graph_session_datagen - INFO - Event wekatrace9_0d75185d4e958ad360c16451eaa95d508edf:event_172_sa_subagent_001_a0cde3b2_s0_turn_20 skipping — predecessor failed
2026-09-03 07:19:58,811 - inference_perf.datagen.replay.replay_graph_session_datagen - INFO - Event wekatrace9_0d75185d4e958ad360c16451eaa95d508edf:event_198_parent_turn_172 skipping — predecessor failed
2026-09-03 07:19:58,812 - inference_perf.datagen.replay.replay_graph_session_datagen - INFO - Event wekatrace9_0d75185d4e958ad360c16451eaa95d508edf:event_173_sa_subagent_001_a0cde3b2_s0_turn_21 skipping — predecessor failed
2026-09-03 07:19:58,812 - inference_perf.datagen.replay.replay_graph_session_datagen - INFO - Event wekatrace9_0d75185d4e958ad360c16451eaa95d508edf:event_199_parent_turn_173 skipping — predecessor failed
2026-09-03 07:19:58,813 - inference_perf.datagen.replay.replay_graph_session_datagen - INFO - Event wekatrace9_0d75185d4e958ad360c16451eaa95d508edf:event_174_sa_subagent_001_a0cde3b2_s0_turn_22 skipping — predecessor failed
2026-09-03 07:19:58,813 - inference_perf.datagen.replay.replay_graph_session_datagen - INFO - Event wekatrace9_0d75185d4e958ad360c16451eaa95d508edf:event_200_parent_turn_174 skipping — predecessor failed
2026-09-03 07:19:58,813 - inference_perf.datagen.replay.replay_graph_session_datagen - INFO - Event wekatrace9_0d75185d4e958ad360c16451eaa95d508edf:event_175_sa_subagent_001_a0cde3b2_s0_turn_23 skipping — predecessor failed
2026-09-03 07:19:58,814 - inference_perf.datagen.replay.replay_graph_session_datagen - INFO - Event wekatrace9_0d75185d4e958ad360c16451eaa95d508edf:event_201_parent_turn_175 skipping — predecessor failed
2026-09-03 07:19:58,814 - inference_perf.datagen.replay.replay_graph_session_datagen - INFO - Event wekatrace9_0d75185d4e958ad360c16451eaa95d508edf:event_176_sa_subagent_001_a0cde3b2_s0_turn_24 skipping — predecessor failed
2026-09-03 07:19:58,814 - inference_perf.datagen.replay.replay_graph_session_datagen - INFO - Event wekatrace9_0d75185d4e958ad360c16451eaa95d508edf:event_202_parent_turn_176 skipping — predecessor failed
2026-09-03 07:19:58,814 - inference_perf.datagen.replay.replay_graph_session_datagen - INFO - Event wekatrace9_0d75185d4e958ad360c16451eaa95d508edf:event_177_sa_subagent_001_a0cde3b2_s0_turn_25 skipping — predecessor failed
2026-09-03 07:19:58,815 - inference_perf.datagen.replay.replay_graph_session_datagen - INFO - Event wekatrace9_0d75185d4e958ad360c16451eaa95d508edf:event_203_parent_turn_177 skipping — predecessor failed
2026-09-03 07:19:58,815 - inference_perf.datagen.replay.replay_graph_session_datagen - INFO - Event wekatrace9_0d75185d4e958ad360c16451eaa95d508edf:event_204_parent_turn_178 skipping — predecessor failed
2026-09-03 07:19:58,815 - inference_perf.datagen.replay.replay_graph_session_datagen - INFO - Event wekatrace9_0d75185d4e958ad360c16451eaa95d508edf:event_205_parent_turn_179 skipping — predecessor failed
2026-09-03 07:19:58,816 - inference_perf.datagen.replay.replay_graph_session_datagen - INFO - Event wekatrace9_0d75185d4e958ad360c16451eaa95d508edf:event_206_parent_turn_180 skipping — predecessor failed
2026-09-03 07:19:58,816 - inference_perf.datagen.replay.replay_graph_session_datagen - INFO - Event wekatrace9_0d75185d4e958ad360c16451eaa95d508edf:event_207_parent_turn_181 skipping — predecessor failed
2026-09-03 07:19:58,816 - inference_perf.datagen.replay.replay_graph_session_datagen - INFO - Event wekatrace9_0d75185d4e958ad360c16451eaa95d508edf:event_208_parent_turn_182 skipping — predecessor failed
2026-09-03 07:19:58,816 - inference_perf.datagen.replay.replay_graph_session_datagen - INFO - Event wekatrace9_0d75185d4e958ad360c16451eaa95d508edf:event_209_parent_turn_183 skipping — predecessor failed
2026-09-03 07:20:07,311 - inference_perf.loadgen.load_generator - INFO - Stage 0 - session-based run completed
Overall Progress ━━━━━━━━━━━━━━━━━━━━━━━━━━━━━━━━━━━━━━ 100% 1/1 0:00:00 1:06:21
2026-09-03 07:20:08,321 - inference_perf.reportgen.base - INFO - Generating Reports...
2026-09-03 07:20:08,321 - inference_perf.utils.custom_tokenizer - INFO - Loading tokenizer 'Qwen/Qwen3-Coder-30B-A3B-Instruct-FP8'
2026-09-03 07:20:08,497 - httpx - INFO - HTTP Request: HEAD https://huggingface.co/Qwen/Qwen3-Coder-30B-A3B-Instruct-FP8/resolve/main/config.json "HTTP/1.1 307 Temporary Redirect"
2026-09-03 07:20:08,521 - httpx - INFO - HTTP Request: HEAD https://huggingface.co/api/resolve-cache/models/Qwen/Qwen3-Coder-30B-A3B-Instruct-FP8/dcaee4d4dfc5ee71ad501f01f530e5652438fde0/config.json "HTTP/1.1 200 OK"
2026-09-03 07:20:08,593 - httpx - INFO - HTTP Request: HEAD https://huggingface.co/Qwen/Qwen3-Coder-30B-A3B-Instruct-FP8/resolve/main/tokenizer_config.json "HTTP/1.1 307 Temporary Redirect"
2026-09-03 07:20:08,616 - httpx - INFO - HTTP Request: HEAD https://huggingface.co/api/resolve-cache/models/Qwen/Qwen3-Coder-30B-A3B-Instruct-FP8/dcaee4d4dfc5ee71ad501f01f530e5652438fde0/tokenizer_config.json "HTTP/1.1 200 OK"
2026-09-03 07:20:08,678 - httpx - INFO - HTTP Request: GET https://huggingface.co/api/models/Qwen/Qwen3-Coder-30B-A3B-Instruct-FP8/tree/main/additional_chat_templates?recursive=false&expand=false "HTTP/1.1 404 Not Found"
2026-09-03 07:20:08,737 - httpx - INFO - HTTP Request: GET https://huggingface.co/api/models/Qwen/Qwen3-Coder-30B-A3B-Instruct-FP8/tree/main?recursive=true&expand=false "HTTP/1.1 200 OK"
2026-09-03 07:20:09,996 - httpx - INFO - HTTP Request: GET https://huggingface.co/api/models/Qwen/Qwen3-Coder-30B-A3B-Instruct-FP8 "HTTP/1.1 200 OK"
2026-09-03 07:26:17,642 - inference_perf.reportgen.base - WARNING - Prometheus Metrics Client is not configured or not of type PrometheusMetricsClient
2026-09-03 07:26:18,516 - inference_perf.client.filestorage.local - INFO - Report saved to: /work/reports/summary_lifecycle_metrics.json
2026-09-03 07:26:18,516 - inference_perf.client.filestorage.local - INFO - Report saved to: /work/reports/stage_0_lifecycle_metrics.json
2026-09-03 07:26:28,849 - inference_perf.client.filestorage.local - INFO - Report saved to: /work/reports/per_request_lifecycle_metrics.json
2026-09-03 07:26:28,859 - inference_perf.client.filestorage.local - INFO - Report saved to: /work/reports/inference-perf.partial.stage_0.yaml
2026-09-03 07:26:28,860 - inference_perf.client.filestorage.local - INFO - Report saved to: /work/reports/summary_session_lifecycle_metrics.json
2026-09-03 07:26:28,861 - inference_perf.client.filestorage.local - INFO - Report saved to: /work/reports/stage_0_session_lifecycle_metrics.json
2026-09-03 07:26:28,869 - inference_perf.client.filestorage.local - INFO - Report saved to: /work/reports/config.yaml
=== START_SUMMARY ===
{
  "benchmark_time_seconds": 3981.33679816965,
  "load_summary": {
    "count": 1591,
    "schedule_delay": {
      "mean": 1424.3165254887517,
      "min": 0.049213139340281487,
      "max": 3951.0244697751477,
      "p0.1": 0.05152780359610915,
      "p1": 3.9000592729076744,
      "p5": 59.710407212376595,
      "p10": 121.21738178655505,
      "p25": 463.2216214169748,
      "median": 1185.1255167201161,
      "p75": 2321.2770217675716,
      "p90": 3126.775780812837,
      "p95": 3421.489806917496,
      "p99": 3733.8901613988896,
      "p99.9": 3944.2606579177736
    }
  },
  "successes": {
    "count": 1591,
    "latency": {
      "request_latency": {
        "mean": 30.195495437038097,
        "min": 0.1314185792580247,
        "max": 436.2658860916272,
        "p0.1": 0.18214896636083722,
        "p1": 0.8602120571769774,
        "p5": 2.0114508578553796,
        "p10": 2.5292380321770906,
        "p25": 5.11928306799382,
        "median": 16.019830578006804,
        "p75": 35.9358639777638,
        "p90": 71.68465210683644,
        "p95": 114.89720232971013,
        "p99": 201.75185865107903,
        "p99.9": 356.29457142840454
      },
      "normalized_time_per_output_token": {
        "mean": 0.030811712000175392,
        "min": 0.006779142507586115,
        "max": 0.33062684691200656,
        "p0.1": 0.006882510822947304,
        "p1": 0.009467056728258375,
        "p5": 0.017591729869368824,
        "p10": 0.019171450115596712,
        "p25": 0.0227018529474437,
        "median": 0.028573349073478096,
        "p75": 0.034264721198562394,
        "p90": 0.040551556449835935,
        "p95": 0.04763370484934362,
        "p99": 0.09248140992668379,
        "p99.9": 0.23729766059326068
      },
      "time_per_output_token": {
        "mean": 0.027486391933379064,
        "min": 0.0006318297237157822,
        "max": 0.2904136735836373,
        "p0.1": 0.004751290350432762,
        "p1": 0.007024723882566439,
        "p5": 0.016335030153522757,
        "p10": 0.017929461205346605,
        "p25": 0.021225365781503025,
        "median": 0.026711360966175914,
        "p75": 0.03239461696113822,
        "p90": 0.03729768919375183,
        "p95": 0.041117538112405455,
        "p99": 0.05322686275031091,
        "p99.9": 0.12347747406720633
      },
      "time_to_first_token": {
        "mean": 0.7874973751668948,
        "min": 0.041369096376001835,
        "max": 16.68490505591035,
        "p0.1": 0.04418500836007297,
        "p1": 0.06713422033935786,
        "p5": 0.08163853222504258,
        "p10": 0.12809156067669392,
        "p25": 0.22589042130857706,
        "median": 0.3929548067972064,
        "p75": 0.7167340628802776,
        "p90": 1.5124301360920072,
        "p95": 2.9198621790856123,
        "p99": 6.871778794098637,
        "p99.9": 12.109893416809262
      },
      "inter_token_latency": {
        "mean": 0.029135755446280918,
        "min": 0.0,
        "max": 16.247573438100517,
        "p0.1": 1.3894401490688324e-05,
        "p1": 1.6743317246437073e-05,
        "p5": 0.0007064152508974076,
        "p10": 0.007157441042363644,
        "p25": 0.018096080515533686,
        "median": 0.023289551958441734,
        "p75": 0.028041252866387367,
        "p90": 0.03594758398830891,
        "p95": 0.04051686581224202,
        "p99": 0.17512803092598916,
        "p99.9": 0.8746727184020032
      }
    },
    "throughput": {
      "input_tokens_per_sec": 35557.298760828846,
      "output_tokens_per_sec": 419.8579735249947,
      "total_tokens_per_sec": 35977.15673435384,
      "requests_per_sec": 0.399614521617823,
      "images_per_sec": 0.0,
      "videos_per_sec": 0.0,
      "audios_per_sec": 0.0
    },
    "request_size_bytes": {
      "mean": 359003.5945945946,
      "min": 821.0,
      "max": 1042805.0,
      "p0.1": 1696.96,
      "p1": 2085.5,
      "p5": 11907.0,
      "p10": 29746.0,
      "p25": 182081.0,
      "median": 308512.0,
      "p75": 508663.0,
      "p90": 711988.0,
      "p95": 834891.0,
      "p99": 1000662.0999999997,
      "p99.9": 1038099.1700000002
    },
    "image": {
      "count": {
        "mean": 0.0,
        "min": 0.0,
        "max": 0.0,
        "p0.1": 0.0,
        "p1": 0.0,
        "p5": 0.0,
        "p10": 0.0,
        "p25": 0.0,
        "median": 0.0,
        "p75": 0.0,
        "p90": 0.0,
        "p95": 0.0,
        "p99": 0.0,
        "p99.9": 0.0
      },
      "pixels": null,
      "bytes": null,
      "aspect_ratio": null
    },
    "video": {
      "count": {
        "mean": 0.0,
        "min": 0.0,
        "max": 0.0,
        "p0.1": 0.0,
        "p1": 0.0,
        "p5": 0.0,
        "p10": 0.0,
        "p25": 0.0,
        "median": 0.0,
        "p75": 0.0,
        "p90": 0.0,
        "p95": 0.0,
        "p99": 0.0,
        "p99.9": 0.0
      },
      "frames": null,
      "pixels": null,
      "bytes": null,
      "aspect_ratio": null
    },
    "audio": {
      "count": {
        "mean": 0.0,
        "min": 0.0,
        "max": 0.0,
        "p0.1": 0.0,
        "p1": 0.0,
        "p5": 0.0,
        "p10": 0.0,
        "p25": 0.0,
        "median": 0.0,
        "p75": 0.0,
        "p90": 0.0,
        "p95": 0.0,
        "p99": 0.0,
        "p99.9": 0.0
      },
      "seconds": null,
      "bytes": null
    },
    "prompt_tokens": {
      "total": 141565582.0,
      "cached": 127223355.0,
      "uncached": 14342227.0,
      "mean": 88978.99560025141,
      "min": 136.0,
      "max": 259742.0,
      "p0.1": 370.09000000000003,
      "p1": 456.0,
      "p5": 2900.0,
      "p10": 7321.0,
      "p25": 45745.0,
      "median": 77663.0,
      "p75": 128546.5,
      "p90": 173588.0,
      "p95": 207738.5,
      "p99": 243518.59999999995,
      "p99.9": 258653.41
    },
    "output_len": {
      "mean": 1050.6574481458201,
      "min": 2.0,
      "max": 15793.0,
      "p0.1": 7.18,
      "p1": 15.9,
      "p5": 83.0,
      "p10": 103.0,
      "p25": 183.0,
      "median": 551.0,
      "p75": 1244.0,
      "p90": 2546.0,
      "p95": 4068.0,
      "p99": 7618.699999999995,
      "p99.9": 11349.190000000128
    },
    "output_tokens": {
      "total": 1671596.0,
      "mean": 1050.6574481458201,
      "min": 2.0,
      "max": 15793.0,
      "p0.1": 7.18,
      "p1": 15.9,
      "p5": 83.0,
      "p10": 103.0,
      "p25": 183.0,
      "median": 551.0,
      "p75": 1244.0,
      "p90": 2546.0,
      "p95": 4068.0,
      "p99": 7618.699999999995,
      "p99.9": 11349.190000000128
    },
    "token_count_mismatches": 713,
    "client_fallback_requests": {
      "prompt": 0,
      "output": 0
    }
  },
  "failures": {
    "count": 0,
    "request_latency": null,
    "prompt_tokens": {
      "total": 0.0,
      "cached": 0.0,
      "uncached": 0.0
    },
    "by_label": {}
  }
}
=== END_SUMMARY ===
=== START_STAGE_0 ===
{
  "benchmark_time_seconds": 3981.33679816965,
  "load_summary": {
    "count": 1591,
    "schedule_delay": {
      "mean": 1424.3165254887517,
      "min": 0.049213139340281487,
      "max": 3951.0244697751477,
      "p0.1": 0.05152780359610915,
      "p1": 3.9000592729076744,
      "p5": 59.710407212376595,
      "p10": 121.21738178655505,
      "p25": 463.2216214169748,
      "median": 1185.1255167201161,
      "p75": 2321.2770217675716,
      "p90": 3126.775780812837,
      "p95": 3421.489806917496,
      "p99": 3733.8901613988896,
      "p99.9": 3944.2606579177736
    },
    "send_duration": 3951.0363704012707,
    "requested_rate": 0.0,
    "achieved_rate": 0.4026791582883902,
    "concurrency": 16
  },
  "successes": {
    "count": 1591,
    "latency": {
      "request_latency": {
        "mean": 30.195495437038097,
        "min": 0.1314185792580247,
        "max": 436.2658860916272,
        "p0.1": 0.18214896636083722,
        "p1": 0.8602120571769774,
        "p5": 2.0114508578553796,
        "p10": 2.5292380321770906,
        "p25": 5.11928306799382,
        "median": 16.019830578006804,
        "p75": 35.9358639777638,
        "p90": 71.68465210683644,
        "p95": 114.89720232971013,
        "p99": 201.75185865107903,
        "p99.9": 356.29457142840454
      },
      "normalized_time_per_output_token": {
        "mean": 0.030811712000175392,
        "min": 0.006779142507586115,
        "max": 0.33062684691200656,
        "p0.1": 0.006882510822947304,
        "p1": 0.009467056728258375,
        "p5": 0.017591729869368824,
        "p10": 0.019171450115596712,
        "p25": 0.0227018529474437,
        "median": 0.028573349073478096,
        "p75": 0.034264721198562394,
        "p90": 0.040551556449835935,
        "p95": 0.04763370484934362,
        "p99": 0.09248140992668379,
        "p99.9": 0.23729766059326068
      },
      "time_per_output_token": {
        "mean": 0.027486391933379064,
        "min": 0.0006318297237157822,
        "max": 0.2904136735836373,
        "p0.1": 0.004751290350432762,
        "p1": 0.007024723882566439,
        "p5": 0.016335030153522757,
        "p10": 0.017929461205346605,
        "p25": 0.021225365781503025,
        "median": 0.026711360966175914,
        "p75": 0.03239461696113822,
        "p90": 0.03729768919375183,
        "p95": 0.041117538112405455,
        "p99": 0.05322686275031091,
        "p99.9": 0.12347747406720633
      },
      "time_to_first_token": {
        "mean": 0.7874973751668948,
        "min": 0.041369096376001835,
        "max": 16.68490505591035,
        "p0.1": 0.04418500836007297,
        "p1": 0.06713422033935786,
        "p5": 0.08163853222504258,
        "p10": 0.12809156067669392,
        "p25": 0.22589042130857706,
        "median": 0.3929548067972064,
        "p75": 0.7167340628802776,
        "p90": 1.5124301360920072,
        "p95": 2.9198621790856123,
        "p99": 6.871778794098637,
        "p99.9": 12.109893416809262
      },
      "inter_token_latency": {
        "mean": 0.029135755446280918,
        "min": 0.0,
        "max": 16.247573438100517,
        "p0.1": 1.3894401490688324e-05,
        "p1": 1.6743317246437073e-05,
        "p5": 0.0007064152508974076,
        "p10": 0.007157441042363644,
        "p25": 0.018096080515533686,
        "median": 0.023289551958441734,
        "p75": 0.028041252866387367,
        "p90": 0.03594758398830891,
        "p95": 0.04051686581224202,
        "p99": 0.17512803092598916,
        "p99.9": 0.8746727184020032
      }
    },
    "throughput": {
      "input_tokens_per_sec": 35557.298760828846,
      "output_tokens_per_sec": 419.8579735249947,
      "total_tokens_per_sec": 35977.15673435384,
      "requests_per_sec": 0.399614521617823,
      "images_per_sec": 0.0,
      "videos_per_sec": 0.0,
      "audios_per_sec": 0.0
    },
    "request_size_bytes": {
      "mean": 359003.5945945946,
      "min": 821.0,
      "max": 1042805.0,
      "p0.1": 1696.96,
      "p1": 2085.5,
      "p5": 11907.0,
      "p10": 29746.0,
      "p25": 182081.0,
      "median": 308512.0,
      "p75": 508663.0,
      "p90": 711988.0,
      "p95": 834891.0,
      "p99": 1000662.0999999997,
      "p99.9": 1038099.1700000002
    },
    "image": {
      "count": {
        "mean": 0.0,
        "min": 0.0,
        "max": 0.0,
        "p0.1": 0.0,
        "p1": 0.0,
        "p5": 0.0,
        "p10": 0.0,
        "p25": 0.0,
        "median": 0.0,
        "p75": 0.0,
        "p90": 0.0,
        "p95": 0.0,
        "p99": 0.0,
        "p99.9": 0.0
      },
      "pixels": null,
      "bytes": null,
      "aspect_ratio": null
    },
    "video": {
      "count": {
        "mean": 0.0,
        "min": 0.0,
        "max": 0.0,
        "p0.1": 0.0,
        "p1": 0.0,
        "p5": 0.0,
        "p10": 0.0,
        "p25": 0.0,
        "median": 0.0,
        "p75": 0.0,
        "p90": 0.0,
        "p95": 0.0,
        "p99": 0.0,
        "p99.9": 0.0
      },
      "frames": null,
      "pixels": null,
      "bytes": null,
      "aspect_ratio": null
    },
    "audio": {
      "count": {
        "mean": 0.0,
        "min": 0.0,
        "max": 0.0,
        "p0.1": 0.0,
        "p1": 0.0,
        "p5": 0.0,
        "p10": 0.0,
        "p25": 0.0,
        "median": 0.0,
        "p75": 0.0,
        "p90": 0.0,
        "p95": 0.0,
        "p99": 0.0,
        "p99.9": 0.0
      },
      "seconds": null,
      "bytes": null
    },
    "prompt_tokens": {
      "total": 141565582.0,
      "cached": 127223355.0,
      "uncached": 14342227.0,
      "mean": 88978.99560025141,
      "min": 136.0,
      "max": 259742.0,
      "p0.1": 370.09000000000003,
      "p1": 456.0,
      "p5": 2900.0,
      "p10": 7321.0,
      "p25": 45745.0,
      "median": 77663.0,
      "p75": 128546.5,
      "p90": 173588.0,
      "p95": 207738.5,
      "p99": 243518.59999999995,
      "p99.9": 258653.41
    },
    "output_len": {
      "mean": 1050.6574481458201,
      "min": 2.0,
      "max": 15793.0,
      "p0.1": 7.18,
      "p1": 15.9,
      "p5": 83.0,
      "p10": 103.0,
      "p25": 183.0,
      "median": 551.0,
      "p75": 1244.0,
      "p90": 2546.0,
      "p95": 4068.0,
      "p99": 7618.699999999995,
      "p99.9": 11349.190000000128
    },
    "output_tokens": {
      "total": 1671596.0,
      "mean": 1050.6574481458201,
      "min": 2.0,
      "max": 15793.0,
      "p0.1": 7.18,
      "p1": 15.9,
      "p5": 83.0,
      "p10": 103.0,
      "p25": 183.0,
      "median": 551.0,
      "p75": 1244.0,
      "p90": 2546.0,
      "p95": 4068.0,
      "p99": 7618.699999999995,
      "p99.9": 11349.190000000128
    },
    "token_count_mismatches": 713,
    "client_fallback_requests": {
      "prompt": 0,
      "output": 0
    }
  },
  "failures": {
    "count": 0,
    "request_latency": null,
    "prompt_tokens": {
      "total": 0.0,
      "cached": 0.0,
      "uncached": 0.0
    },
    "by_label": {}
  }
}
=== END_STAGE_0 ===
=== START_PARTIAL_BR_V0_2_STAGE_0 ===
version: 0.2.1
run:
  uid: inference-perf-stage-0-eac5f4b4
  eid: inference-perf-experiment-df6b1976
  time:
    start: '2026-09-03T06:13:45.561369Z'
    end: '2026-09-03T07:19:58.789764Z'
    duration: PT3973.228S
results:
  request_performance:
    aggregate:
      requests:
        total: 1591
        failures: 0
        input_length:
          units: count
          mean: 88978.99560025141
          stddev: 60194.41468521982
          min: 136.0
          p0p1: 370.09000000000003
          p1: 456.0
          p5: 2900.0
          p10: 7321.0
          p25: 45745.0
          p50: 77663.0
          p75: 128546.5
          p90: 173588.0
          p95: 207738.5
          p99: 243518.59999999995
          p99p9: 258653.41
          max: 259742.0
        output_length:
          units: count
          mean: 1050.6574481458201
          stddev: 1469.0903317053765
          min: 2.0
          p0p1: 7.18
          p1: 15.9
          p5: 83.0
          p10: 103.0
          p25: 183.0
          p50: 551.0
          p75: 1244.0
          p90: 2546.0
          p95: 4068.0
          p99: 7618.699999999995
          p99p9: 11349.190000000128
          max: 15793.0
      latency:
        time_to_first_token:
          units: s
          mean: 0.7874973751668948
          stddev: 1.3302954637800382
          min: 0.041369096376001835
          p0p1: 0.04418500836007297
          p1: 0.06713422033935786
          p5: 0.08163853222504258
          p10: 0.12809156067669392
          p25: 0.22589042130857706
          p50: 0.3929548067972064
          p75: 0.7167340628802776
          p90: 1.5124301360920072
          p95: 2.9198621790856123
          p99: 6.871778794098637
          p99p9: 12.109893416809262
          max: 16.68490505591035
        normalized_time_per_output_token:
          units: s/token
          mean: 0.030811712000175392
          stddev: 0.01806392392944971
          min: 0.006779142507586115
          p0p1: 0.006882510822947304
          p1: 0.009467056728258375
          p5: 0.017591729869368824
          p10: 0.019171450115596712
          p25: 0.0227018529474437
          p50: 0.028573349073478096
          p75: 0.034264721198562394
          p90: 0.040551556449835935
          p95: 0.04763370484934362
          p99: 0.09248140992668379
          p99p9: 0.23729766059326068
          max: 0.33062684691200656
        time_per_output_token:
          units: s/token
          mean: 0.027486391933379064
          stddev: 0.011247174806828502
          min: 0.0006318297237157822
          p0p1: 0.004751290350432762
          p1: 0.007024723882566439
          p5: 0.016335030153522757
          p10: 0.017929461205346605
          p25: 0.021225365781503025
          p50: 0.026711360966175914
          p75: 0.03239461696113822
          p90: 0.03729768919375183
          p95: 0.041117538112405455
          p99: 0.05322686275031091
          p99p9: 0.12347747406720633
          max: 0.2904136735836373
        inter_token_latency:
          units: s/token
          mean: 0.029135755446280918
          stddev: 0.12973225049010553
          min: 0.0
          p0p1: 1.3894401490688324e-05
          p1: 1.6743317246437073e-05
          p5: 0.0007064152508974076
          p10: 0.007157441042363644
          p25: 0.018096080515533686
          p50: 0.023289551958441734
          p75: 0.028041252866387367
          p90: 0.03594758398830891
          p95: 0.04051686581224202
          p99: 0.17512803092598916
          p99p9: 0.8746727184020032
          max: 16.247573438100517
        request_latency:
          units: s
          mean: 30.195495437038097
          stddev: 43.03655171794513
          min: 0.1314185792580247
          p0p1: 0.18214896636083722
          p1: 0.8602120571769774
          p5: 2.0114508578553796
          p10: 2.5292380321770906
          p25: 5.11928306799382
          p50: 16.019830578006804
          p75: 35.9358639777638
          p90: 71.68465210683644
          p95: 114.89720232971013
          p99: 201.75185865107903
          p99p9: 356.29457142840454
          max: 436.2658860916272
      throughput:
        input_token_rate:
          units: tokens/s
          mean: 35557.298760828846
        output_token_rate:
          units: tokens/s
          mean: 419.8579735249947
        total_token_rate:
          units: tokens/s
          mean: 35977.15673435384
        request_rate:
          units: queries/s
          mean: 0.399614521617823

=== END_PARTIAL_BR_V0_2_STAGE_0 ===
=== START_STAGE_0 ===
{
  "stage_metadata": {
    "stage_id": 0,
    "status": "COMPLETED",
    "timeout_configured": 4800.0,
    "actual_duration": 3973.228394508362,
    "teardown_duration": 8.52183243073523,
    "dropped_requests": 0,
    "concurrent_sessions": 16,
    "session_rate": null
  },
  "num_sessions": 16,
  "num_sessions_succeeded": 8,
  "num_sessions_failed": 8,
  "total_events": 2415,
  "total_events_completed": 1582,
  "total_events_cancelled": 825,
  "sessions_with_recorded_substitution": 0,
  "total_recorded_substitutions": {
    "count": 0,
    "messages": []
  },
  "sessions_per_second": 0.004026955099317224,
  "session_duration_sec": {
    "mean": 3121.3047498762608,
    "min": 1996.5037863254547,
    "max": 3973.159971475601,
    "p0.1": 1997.7939926874637,
    "p1": 2009.4058499455452,
    "p5": 2061.014104425907,
    "p10": 2105.402179956436,
    "p25": 2734.8357642292976,
    "median": 3345.0000537633896,
    "p75": 3603.9245790839195,
    "p90": 3608.9909703731537,
    "p95": 3700.6284376978874,
    "p99": 3918.6536647200583,
    "p99.9": 3967.7093408000474
  },
  "num_events": {
    "mean": 150.9375,
    "min": 60.0,
    "max": 517.0,
    "p0.1": 60.06,
    "p1": 60.6,
    "p5": 63.0,
    "p10": 66.0,
    "p25": 76.5,
    "median": 114.5,
    "p75": 196.5,
    "p90": 232.0,
    "p95": 311.5,
    "p99": 475.8999999999999,
    "p99.9": 512.8900000000003
  },
  "num_events_cancelled": {
    "mean": 51.5625,
    "min": 0.0,
    "max": 353.0,
    "p0.1": 0.0,
    "p1": 0.0,
    "p5": 0.0,
    "p10": 0.0,
    "p25": 0.0,
    "median": 9.5,
    "p75": 83.75,
    "p90": 105.0,
    "p95": 176.0,
    "p99": 317.5999999999999,
    "p99.9": 349.46000000000026
  },
  "total_input_tokens": {
    "mean": 8847848.875,
    "min": 2476369.0,
    "max": 18299543.0,
    "p0.1": 2486677.915,
    "p1": 2579458.15,
    "p5": 2991814.75,
    "p10": 3426359.0,
    "p25": 6187480.25,
    "median": 9405265.0,
    "p75": 10806131.75,
    "p90": 12585917.5,
    "p95": 15249761.75,
    "p99": 17689586.75,
    "p99.9": 18238547.375000004
  },
  "total_output_tokens": {
    "mean": 104474.75,
    "min": 49308.0,
    "max": 160512.0,
    "p0.1": 49368.9,
    "p1": 49917.0,
    "p5": 52353.0,
    "p10": 54947.5,
    "p25": 82417.5,
    "median": 112002.5,
    "p75": 127076.25,
    "p90": 147669.5,
    "p95": 151071.75,
    "p99": 158623.94999999998,
    "p99.9": 160323.195
  },
  "total_cached_tokens": {
    "mean": 7951459.6875,
    "min": 625193.0,
    "max": 17811348.0,
    "p0.1": 657030.485,
    "p1": 943567.85,
    "p5": 2217067.25,
    "p10": 2855296.0,
    "p25": 4919667.75,
    "median": 8964937.5,
    "p75": 10325765.0,
    "p90": 10797827.0,
    "p95": 12724287.75,
    "p99": 16793935.95,
    "p99.9": 17709606.79500001
  },
  "total_cacheable_input_tokens": {
    "mean": 8847795.875,
    "min": 2476369.0,
    "max": 18299543.0,
    "p0.1": 2486677.915,
    "p1": 2579458.15,
    "p5": 2991814.75,
    "p10": 3426359.0,
    "p25": 6187040.25,
    "median": 9405265.0,
    "p75": 10806131.75,
    "p90": 12585917.5,
    "p95": 15249761.75,
    "p99": 17689586.75,
    "p99.9": 18238547.375000004
  },
  "sessions_with_cache_info": 16,
  "kv_cache_hit_percent": 89.8693844188624,
  "kv_cache_hit_per_session_percent": {
    "mean": 85.8204903939279,
    "min": 25.24635868079434,
    "max": 97.33220113748196,
    "p0.1": 26.029941543908155,
    "p1": 33.08218731193249,
    "p5": 64.42550183648511,
    "p10": 78.03714110266583,
    "p25": 83.06792700681831,
    "median": 91.95299455151888,
    "p75": 95.82653938252028,
    "p90": 96.6541056865783,
    "p95": 96.86214724220181,
    "p99": 97.23819035842592,
    "p99.9": 97.32280005957635
  },
  "tfut_sec": {
    "mean": 4.838100578694139,
    "min": 0.10087524447590113,
    "max": 12.946576683782041,
    "p0.1": 0.10119002460036426,
    "p1": 0.10402304572053253,
    "p5": 0.11661425069905818,
    "p10": 0.12540188012644649,
    "p25": 2.3937734365463257,
    "median": 3.197230758611113,
    "p75": 9.698654192499816,
    "p90": 10.628800955135375,
    "p95": 11.901348653249443,
    "p99": 12.737531077675522,
    "p99.9": 12.92567212317139
  },
  "sessions_with_tfut": 16,
  "tfut_none_reasons": null,
  "num_user_facing_events": {
    "mean": 150.9375,
    "min": 60.0,
    "max": 517.0,
    "p0.1": 60.06,
    "p1": 60.6,
    "p5": 63.0,
    "p10": 66.0,
    "p25": 76.5,
    "median": 114.5,
    "p75": 196.5,
    "p90": 232.0,
    "p95": 311.5,
    "p99": 475.8999999999999,
    "p99.9": 512.8900000000003
  },
  "num_structured_output_excluded": {
    "mean": 0.0,
    "min": 0.0,
    "max": 0.0,
    "p0.1": 0.0,
    "p1": 0.0,
    "p5": 0.0,
    "p10": 0.0,
    "p25": 0.0,
    "median": 0.0,
    "p75": 0.0,
    "p90": 0.0,
    "p95": 0.0,
    "p99": 0.0,
    "p99.9": 0.0
  }
}
=== END_STAGE_0 ===
                         Throughput and Goodput Summary                         
┏━━━━━━━┳━━━━━━━━━━┳━━━━━━━━━┳━━━━━━━━━━┳━━━━━━━┳━━━━━━━━━┳━━━━━━━━━━┳━━━━━━━━━┓
┃       ┃          ┃ Achiev… ┃    Error ┃       ┃      In ┃      Out ┃     Tot ┃
┃ Stage ┃ Req Rate ┃    Rate ┃     Rate ┃ Req/s ┃ Tokens… ┃ Tokens/s ┃ Tokens… ┃
┡━━━━━━━╇━━━━━━━━━━╇━━━━━━━━━╇━━━━━━━━━━╇━━━━━━━╇━━━━━━━━━╇━━━━━━━━━━╇━━━━━━━━━┩
│     0 │      0.0 │     0.4 │     0.0% │   0.4 │ 35557.3 │    419.9 │ 35977.2 │
└───────┴──────────┴─────────┴──────────┴───────┴─────────┴──────────┴─────────┘
                          Request & Token Latency (ms)                          
┏━━━━━━━┳━━━━━━━┳━━━━━━━┳━━━━━━━┳━━━━━━━┳━━━━━━━┳━━━━━━━┳━━━━━━━┳━━━━━━━┳━━━━━━┓
┃       ┃   Req ┃   Req ┃   Req ┃       ┃       ┃       ┃       ┃       ┃      ┃
┃       ┃   Lat ┃   Lat ┃   Lat ┃  TTFT ┃  TTFT ┃  TTFT ┃   ITL ┃   ITL ┃  ITL ┃
┃ Stage ┃  Mean ┃   Med ┃   P90 ┃  Mean ┃   Med ┃   P90 ┃  Mean ┃   Med ┃  P90 ┃
┡━━━━━━━╇━━━━━━━╇━━━━━━━╇━━━━━━━╇━━━━━━━╇━━━━━━━╇━━━━━━━╇━━━━━━━╇━━━━━━━╇━━━━━━┩
│     0 │ 3019… │ 1601… │ 7168… │ 787.5 │ 393.0 │ 1512… │  29.1 │  23.3 │ 35.9 │
└───────┴───────┴───────┴───────┴───────┴───────┴───────┴───────┴───────┴──────┘
                          Token Generation Speed (ms)                           
┏━━━━━━━┳━━━━━━━━━━━┳━━━━━━━━━━┳━━━━━━━━━━┳━━━━━━━━━━━┳━━━━━━━━━━━┳━━━━━━━━━━━━┓
┃       ┃           ┃          ┃          ┃ Norm TPOT ┃ Norm TPOT ┃  Norm TPOT ┃
┃ Stage ┃ TPOT Mean ┃ TPOT Med ┃ TPOT P90 ┃      Mean ┃       Med ┃        P90 ┃
┡━━━━━━━╇━━━━━━━━━━━╇━━━━━━━━━━╇━━━━━━━━━━╇━━━━━━━━━━━╇━━━━━━━━━━━╇━━━━━━━━━━━━┩
│     0 │      27.5 │     26.7 │     37.3 │      30.8 │      28.6 │       40.6 │
└───────┴───────────┴──────────┴──────────┴───────────┴───────────┴────────────┘
                            Token Length Aggregates                             
┏━━━━━━━┳━━━━━━━┳━━━━━━━┳━━━━━━━┳━━━━━━━┳━━━━━━━┳━━━━━━━┳━━━━━━━┳━━━━━━━┳━━━━━━┓
┃       ┃       ┃       ┃       ┃   Out ┃   Out ┃   Out ┃   Out ┃   Out ┃  Out ┃
┃       ┃ Prom… ┃ Prom… ┃ Prom… ┃  Mean ┃   Med ┃   P90 ┃  Mean ┃   Med ┃  P90 ┃
┃ Stage ┃  Mean ┃   Med ┃   P90 ┃ (cli… ┃ (cli… ┃ (cli… ┃ (ser… ┃ (ser… ┃ (se… ┃
┡━━━━━━━╇━━━━━━━╇━━━━━━━╇━━━━━━━╇━━━━━━━╇━━━━━━━╇━━━━━━━╇━━━━━━━╇━━━━━━━╇━━━━━━┩
│     0 │ 8897… │ 7766… │ 1735… │ 1050… │ 551.0 │ 2546… │ 1050… │ 551.0 │ 254… │
└───────┴───────┴───────┴───────┴───────┴───────┴───────┴───────┴───────┴──────┘
 Prompt: server-reported usage where available, client tokenization otherwise.  
    Out (client): response text re-tokenized by the client (output_len). Out    
  (server): the count reported in the server's usage (output_tokens), with the  
     client count substituted for any request the server did not count. See     
                                docs/metrics.md.                                
                                Session Summary                                 
┏━━━━━━━┳━━━━━━━┳━━━━━━━┳━━━━━━━┳━━━━━━━┳━━━━━━━┳━━━━━━━┳━━━━━━━┳━━━━━━━┳━━━━━━┓
┃       ┃       ┃       ┃       ┃       ┃       ┃       ┃       ┃       ┃  Bad ┃
┃       ┃       ┃       ┃       ┃       ┃       ┃       ┃       ┃       ┃ Tool ┃
┃       ┃       ┃ Total ┃       ┃       ┃ Error ┃ Total ┃ Even… ┃ Even… ┃ Cal… ┃
┃ Stage ┃ Sess… ┃ Sess… ┃ Succ… ┃ Fail… ┃     % ┃ Even… ┃ Comp… ┃ Canc… ┃ Sub… ┃
┡━━━━━━━╇━━━━━━━╇━━━━━━━╇━━━━━━━╇━━━━━━━╇━━━━━━━╇━━━━━━━╇━━━━━━━╇━━━━━━━╇━━━━━━┩
│     0 │  0.00 │    16 │     8 │     8 │ 50.0% │  2415 │  1582 │   825 │    0 │
└───────┴───────┴───────┴───────┴───────┴───────┴───────┴───────┴───────┴──────┘
                           Session Duration & Events                            
┏━━━━━━━┳━━━━━━━━━━━┳━━━━━━━━━━━┳━━━━━━━━━━━┳━━━━━━━━━━━┳━━━━━━━━━━┳━━━━━━━━━━━┓
┃       ┃  Duration ┃  Duration ┃  Duration ┃    Events ┃   Events ┃    Events ┃
┃ Stage ┃  Mean (s) ┃   Med (s) ┃   P90 (s) ┃      Mean ┃      Med ┃       P90 ┃
┡━━━━━━━╇━━━━━━━━━━━╇━━━━━━━━━━━╇━━━━━━━━━━━╇━━━━━━━━━━━╇━━━━━━━━━━╇━━━━━━━━━━━┩
│     0 │   3121.30 │   3345.00 │   3608.99 │     150.9 │    114.5 │     232.0 │
└───────┴───────────┴───────────┴───────────┴───────────┴──────────┴───────────┘
                       Session Token Totals (per session)                       
┏━━━━━━━┳━━━━━━━━━━━┳━━━━━━━━━━━┳━━━━━━━━━━━┳━━━━━━━━━━━┳━━━━━━━━━━━┳━━━━━━━━━━┓
┃       ┃        In ┃        In ┃        In ┃       Out ┃       Out ┃      Out ┃
┃       ┃  Tok/Sess ┃  Tok/Sess ┃  Tok/Sess ┃  Tok/Sess ┃  Tok/Sess ┃ Tok/Sess ┃
┃ Stage ┃      Mean ┃       Med ┃       P90 ┃      Mean ┃       Med ┃      P90 ┃
┡━━━━━━━╇━━━━━━━━━━━╇━━━━━━━━━━━╇━━━━━━━━━━━╇━━━━━━━━━━━╇━━━━━━━━━━━╇━━━━━━━━━━┩
│     0 │ 8847848.9 │ 9405265.0 │ 12585917… │  104474.8 │  112002.5 │ 147669.5 │
└───────┴───────────┴───────────┴───────────┴───────────┴───────────┴──────────┘
                           Session KV Cache Hit Rate                            
┏━━━━━━━┳━━━━━━━━━━━━━┳━━━━━━━━━━━━━┳━━━━━━━━━━━━━┳━━━━━━━━━━━━━━┳━━━━━━━━━━━━━┓
┃       ┃       Hit % ┃  Hit %/Sess ┃  Hit %/Sess ┃   Hit %/Sess ┃ Sessions w/ ┃
┃ Stage ┃    (pooled) ┃        Mean ┃         Med ┃          P90 ┃        Info ┃
┡━━━━━━━╇━━━━━━━━━━━━━╇━━━━━━━━━━━━━╇━━━━━━━━━━━━━╇━━━━━━━━━━━━━━╇━━━━━━━━━━━━━┩
│     0 │        89.9 │        85.8 │        92.0 │         96.7 │          16 │
└───────┴─────────────┴─────────────┴─────────────┴──────────────┴─────────────┘
                    Session TFUT (Time to First User Token)                     
┏━━━━━━━┳━━━━━━━━━━━━━┳━━━━━━━━━━━━━┳━━━━━━━━━━━━━┳━━━━━━━━━━━━━━┳━━━━━━━━━━━━━┓
┃       ┃   TFUT Mean ┃    TFUT Med ┃    TFUT P90 ┃  Sessions w/ ┃   TFUT None ┃
┃ Stage ┃         (s) ┃         (s) ┃         (s) ┃         TFUT ┃     Reasons ┃
┡━━━━━━━╇━━━━━━━━━━━━━╇━━━━━━━━━━━━━╇━━━━━━━━━━━━━╇━━━━━━━━━━━━━━╇━━━━━━━━━━━━━┩
│     0 │       4.838 │       3.197 │      10.629 │           16 │           - │
└───────┴─────────────┴─────────────┴─────────────┴──────────────┴─────────────┘
Request Error Summary
┏━━━━━━━┳━━━━━━━━━━━┓
┃ Stage ┃ Successes ┃
┡━━━━━━━╇━━━━━━━━━━━┩
│     0 │      1591 │
└───────┴───────────┘
compacted 1591 entries